timestamp,value,prediction_training,prediction,label,warp_distance,threshold_training,distance_threshold,positive_detection
2014-04-01 00:00:00,18.324918539200002,1.0,1.0,0,0.0,0.0,0.0,0.0
2014-04-01 00:05:00,21.970327182,1.0,1.0,0,0.0,0.0,0.0,0.0
2014-04-01 00:10:00,18.6248060317,1.0,1.0,0,0.0,0.0,0.0,0.0
2014-04-01 00:15:00,21.953683975900002,1.0,1.0,0,0.0,0.0,0.0,0.0
2014-04-01 00:20:00,21.909119730300002,1.0,1.0,0,0.0,0.0,0.0,0.0
2014-04-01 00:25:00,21.1752724156,1.0,1.0,0,0.0,0.0,0.0,0.0
2014-04-01 00:30:00,20.637691848299998,1.0,1.0,0,0.0,0.0,0.0,0.0
2014-04-01 00:35:00,20.311228201,1.0,1.0,0,0.0,0.0,0.0,0.0
2014-04-01 00:40:00,21.4644061815,1.0,1.0,0,0.0,0.0,0.0,0.0
2014-04-01 00:45:00,19.1577580865,1.0,1.0,0,0.0,0.0,0.0,0.0
2014-04-01 00:50:00,19.8707248499,1.0,1.0,0,0.0,0.0,0.0,0.0
2014-04-01 00:55:00,20.4775598775,1.0,1.0,0,0.0,0.0,0.0,0.0
2014-04-01 01:00:00,19.644761903499997,1.0,1.0,0,0.0,0.0,0.0,0.0
2014-04-01 01:05:00,19.7099458164,1.0,1.0,0,0.0,0.0,0.0,0.0
2014-04-01 01:10:00,19.32113867,1.0,1.0,0,0.0,0.0,0.0,0.0
2014-04-01 01:15:00,20.2569272667,1.0,1.0,0,0.0,0.0,0.0,0.0
2014-04-01 01:20:00,21.4022981121,1.0,1.0,0,0.0,0.0,0.0,0.0
2014-04-01 01:25:00,18.806113512,1.0,1.0,0,0.0,0.0,0.0,0.0
2014-04-01 01:30:00,21.737732155,1.0,1.0,0,0.0,0.0,0.0,0.0
2014-04-01 01:35:00,20.756350615,1.0,1.0,0,0.0,0.0,0.0,0.0
2014-04-01 01:40:00,21.2930928507,1.0,1.0,0,0.0,0.0,0.0,0.0
2014-04-01 01:45:00,20.2247627705,1.0,1.0,0,0.0,0.0,0.0,0.0
2014-04-01 01:50:00,21.1180668057,1.0,1.0,0,0.0,0.0,0.0,0.0
2014-04-01 01:55:00,18.064801589400002,1.0,1.0,0,0.0,0.0,0.0,0.0
2014-04-01 02:00:00,21.2735216991,1.0,1.0,0,0.0,0.0,0.0,0.0
2014-04-01 02:05:00,18.1605554363,1.0,1.0,0,0.0,0.0,0.0,0.0
2014-04-01 02:10:00,21.559653505500002,1.0,1.0,0,0.0,0.0,0.0,0.0
2014-04-01 02:15:00,21.967850989000002,1.0,1.0,0,0.0,0.0,0.0,0.0
2014-04-01 02:20:00,19.1762698487,1.0,1.0,0,0.0,0.0,0.0,0.0
2014-04-01 02:25:00,18.8412742251,1.0,1.0,0,0.0,0.0,0.0,0.0
2014-04-01 02:30:00,21.0614534554,1.0,1.0,0,0.0,0.0,0.0,0.0
2014-04-01 02:35:00,19.012105363699998,1.0,1.0,0,0.0,0.0,0.0,0.0
2014-04-01 02:40:00,21.4622495327,1.0,1.0,0,0.0,0.0,0.0,0.0
2014-04-01 02:45:00,18.4113703686,1.0,1.0,0,0.0,0.0,0.0,0.0
2014-04-01 02:50:00,18.5038207855,1.0,1.0,0,0.0,0.0,0.0,0.0
2014-04-01 02:55:00,21.9166062204,1.0,1.0,0,0.0,0.0,0.0,0.0
2014-04-01 03:00:00,20.6953555931,1.0,1.0,0,0.0,0.0,0.0,0.0
2014-04-01 03:05:00,21.3875488977,1.0,1.0,0,0.0,0.0,0.0,0.0
2014-04-01 03:10:00,19.2973175094,1.0,1.0,0,0.0,0.0,0.0,0.0
2014-04-01 03:15:00,20.7059349981,1.0,1.0,0,0.0,0.0,0.0,0.0
2014-04-01 03:20:00,20.3769673092,1.0,1.0,0,0.0,0.0,0.0,0.0
2014-04-01 03:25:00,20.4126004805,1.0,1.0,0,0.0,0.0,0.0,0.0
2014-04-01 03:30:00,20.7301298382,1.0,1.0,0,0.0,0.0,0.0,0.0
2014-04-01 03:35:00,20.3014366925,1.0,1.0,0,0.0,0.0,0.0,0.0
2014-04-01 03:40:00,19.7162494772,1.0,1.0,0,0.0,0.0,0.0,0.0
2014-04-01 03:45:00,19.1036907775,1.0,1.0,0,0.0,0.0,0.0,0.0
2014-04-01 03:50:00,21.0743253237,1.0,1.0,0,0.0,0.0,0.0,0.0
2014-04-01 03:55:00,18.90508972,1.0,1.0,0,0.0,0.0,0.0,0.0
2014-04-01 04:00:00,20.7694172246,1.0,1.0,0,0.0,0.0,0.0,0.0
2014-04-01 04:05:00,18.933331290599998,1.0,1.0,0,0.0,0.0,0.0,0.0
2014-04-01 04:10:00,20.5013206798,1.0,1.0,0,0.0,0.0,0.0,0.0
2014-04-01 04:15:00,20.9883130685,1.0,1.0,0,0.0,0.0,0.0,0.0
2014-04-01 04:20:00,18.8748555556,1.0,1.0,0,0.0,0.0,0.0,0.0
2014-04-01 04:25:00,18.2397732034,1.0,1.0,0,0.0,0.0,0.0,0.0
2014-04-01 04:30:00,18.523894972,1.0,1.0,0,0.0,0.0,0.0,0.0
2014-04-01 04:35:00,20.4239878691,1.0,1.0,0,0.0,0.0,0.0,0.0
2014-04-01 04:40:00,21.3977856249,1.0,1.0,0,0.0,0.0,0.0,0.0
2014-04-01 04:45:00,18.1799872849,1.0,1.0,0,0.0,0.0,0.0,0.0
2014-04-01 04:50:00,20.9366050362,1.0,1.0,0,0.0,0.0,0.0,0.0
2014-04-01 04:55:00,19.3652745838,1.0,1.0,0,0.0,0.0,0.0,0.0
2014-04-01 05:00:00,19.9141134797,1.0,1.0,0,0.0,0.0,0.0,0.0
2014-04-01 05:05:00,21.7154381994,1.0,1.0,0,0.0,0.0,0.0,0.0
2014-04-01 05:10:00,19.327886018900003,1.0,1.0,0,0.0,0.0,0.0,0.0
2014-04-01 05:15:00,19.8613477358,1.0,1.0,0,0.0,0.0,0.0,0.0
2014-04-01 05:20:00,18.054729659,1.0,1.0,0,0.0,0.0,0.0,0.0
2014-04-01 05:25:00,18.32639488,1.0,1.0,0,0.0,0.0,0.0,0.0
2014-04-01 05:30:00,19.034366364500002,1.0,1.0,0,0.0,0.0,0.0,0.0
2014-04-01 05:35:00,18.1114089633,1.0,1.0,0,0.0,0.0,0.0,0.0
2014-04-01 05:40:00,20.525501304200002,1.0,1.0,0,0.0,0.0,0.0,0.0
2014-04-01 05:45:00,19.7055934272,1.0,1.0,0,0.0,0.0,0.0,0.0
2014-04-01 05:50:00,20.1925808109,1.0,1.0,0,0.0,0.0,0.0,0.0
2014-04-01 05:55:00,18.6985887436,1.0,1.0,0,0.0,0.0,0.0,0.0
2014-04-01 06:00:00,19.1837281177,1.0,1.0,0,0.0,0.0,0.0,0.0
2014-04-01 06:05:00,20.6552978994,1.0,1.0,0,0.0,0.0,0.0,0.0
2014-04-01 06:10:00,21.861210894499997,1.0,1.0,0,0.0,0.0,0.0,0.0
2014-04-01 06:15:00,18.2016670944,1.0,1.0,0,0.0,0.0,0.0,0.0
2014-04-01 06:20:00,21.5615372834,1.0,1.0,0,0.0,0.0,0.0,0.0
2014-04-01 06:25:00,20.3075248052,1.0,1.0,0,0.0,0.0,0.0,0.0
2014-04-01 06:30:00,20.255678267,1.0,1.0,0,0.0,0.0,0.0,0.0
2014-04-01 06:35:00,20.0011141408,1.0,1.0,0,0.0,0.0,0.0,0.0
2014-04-01 06:40:00,18.2775763436,1.0,1.0,0,0.0,0.0,0.0,0.0
2014-04-01 06:45:00,18.3595074069,1.0,1.0,0,0.0,0.0,0.0,0.0
2014-04-01 06:50:00,20.4036480226,1.0,1.0,0,0.0,0.0,0.0,0.0
2014-04-01 06:55:00,19.363834285699998,1.0,1.0,0,0.0,0.0,0.0,0.0
2014-04-01 07:00:00,21.669072266300002,1.0,1.0,0,0.0,0.0,0.0,0.0
2014-04-01 07:05:00,19.626362149400002,1.0,1.0,0,0.0,0.0,0.0,0.0
2014-04-01 07:10:00,18.5731258348,1.0,1.0,0,0.0,0.0,0.0,0.0
2014-04-01 07:15:00,20.858875334,1.0,1.0,0,0.0,0.0,0.0,0.0
2014-04-01 07:20:00,19.1734136858,1.0,1.0,0,0.0,0.0,0.0,0.0
2014-04-01 07:25:00,20.1018812294,1.0,1.0,0,0.0,0.0,0.0,0.0
2014-04-01 07:30:00,20.791331142,1.0,1.0,0,0.0,0.0,0.0,0.0
2014-04-01 07:35:00,21.6010564448,1.0,1.0,0,0.0,0.0,0.0,0.0
2014-04-01 07:40:00,21.1687647792,1.0,1.0,0,0.0,0.0,0.0,0.0
2014-04-01 07:45:00,20.7054442715,1.0,1.0,0,0.0,0.0,0.0,0.0
2014-04-01 07:50:00,20.7185327296,1.0,1.0,0,0.0,0.0,0.0,0.0
2014-04-01 07:55:00,21.7836985761,1.0,1.0,0,0.0,0.0,0.0,0.0
2014-04-01 08:00:00,19.18329639,1.0,1.0,0,0.0,0.0,0.0,0.0
2014-04-01 08:05:00,18.0044483768,1.0,1.0,0,0.0,0.0,0.0,0.0
2014-04-01 08:10:00,19.0878182376,1.0,1.0,0,0.0,0.0,0.0,0.0
2014-04-01 08:15:00,18.8715655185,1.0,1.0,0,0.0,0.0,0.0,0.0
2014-04-01 08:20:00,20.6473383405,1.0,1.0,0,0.0,0.0,0.0,0.0
2014-04-01 08:25:00,20.5348463991,1.0,1.0,0,0.0,0.0,0.0,0.0
2014-04-01 08:30:00,20.3738455308,1.0,1.0,0,0.0,0.0,0.0,0.0
2014-04-01 08:35:00,18.0649737728,1.0,1.0,0,0.0,0.0,0.0,0.0
2014-04-01 08:40:00,20.9151122178,1.0,1.0,0,0.0,0.0,0.0,0.0
2014-04-01 08:45:00,19.2941216499,1.0,1.0,0,0.0,0.0,0.0,0.0
2014-04-01 08:50:00,20.660223956,1.0,1.0,0,0.0,0.0,0.0,0.0
2014-04-01 08:55:00,20.226313714,1.0,1.0,0,0.0,0.0,0.0,0.0
2014-04-01 09:00:00,65.8611405858,1.0,1.0,0,0.0,0.0,0.0,0.0
2014-04-01 09:05:00,63.0302372326,1.0,1.0,0,0.0,0.0,0.0,0.0
2014-04-01 09:10:00,62.484097008199996,1.0,1.0,0,0.0,0.0,0.0,0.0
2014-04-01 09:15:00,72.5086493303,1.0,1.0,0,0.0,0.0,0.0,0.0
2014-04-01 09:20:00,73.6902065723,1.0,1.0,0,0.0,0.0,0.0,0.0
2014-04-01 09:25:00,70.037117436,1.0,1.0,0,0.0,0.0,0.0,0.0
2014-04-01 09:30:00,62.6067039621,1.0,1.0,0,0.0,0.0,0.0,0.0
2014-04-01 09:35:00,66.6675701497,1.0,1.0,0,0.0,0.0,0.0,0.0
2014-04-01 09:40:00,71.11357312140001,1.0,1.0,0,0.0,0.0,0.0,0.0
2014-04-01 09:45:00,71.8055640225,1.0,1.0,0,0.0,0.0,0.0,0.0
2014-04-01 09:50:00,62.8077732632,1.0,1.0,0,0.0,0.0,0.0,0.0
2014-04-01 09:55:00,61.2004177763,1.0,1.0,0,0.0,0.0,0.0,0.0
2014-04-01 10:00:00,80.8923669521,1.0,1.0,0,0.0,0.0,0.0,0.0
2014-04-01 10:05:00,75.3743726513,1.0,1.0,0,0.0,0.0,0.0,0.0
2014-04-01 10:10:00,73.7895502667,1.0,1.0,0,0.0,0.0,0.0,0.0
2014-04-01 10:15:00,70.0401687311,1.0,1.0,0,0.0,0.0,0.0,0.0
2014-04-01 10:20:00,78.2254467929,1.0,1.0,0,0.0,0.0,0.0,0.0
2014-04-01 10:25:00,83.04985941380002,1.0,1.0,0,0.0,0.0,0.0,0.0
2014-04-01 10:30:00,84.70244315020001,1.0,1.0,0,0.0,0.0,0.0,0.0
2014-04-01 10:35:00,78.62036163350001,1.0,1.0,0,0.0,0.0,0.0,0.0
2014-04-01 10:40:00,77.8244398065,1.0,1.0,0,0.0,0.0,0.0,0.0
2014-04-01 10:45:00,71.1600751028,1.0,1.0,0,0.0,0.0,0.0,0.0
2014-04-01 10:50:00,78.3585058799,1.0,1.0,0,0.0,0.0,0.0,0.0
2014-04-01 10:55:00,75.7372753055,1.0,1.0,0,0.0,0.0,0.0,0.0
2014-04-01 11:00:00,81.2238795072,1.0,1.0,0,0.0,0.0,0.0,0.0
2014-04-01 11:05:00,77.7503038366,1.0,1.0,0,0.0,0.0,0.0,0.0
2014-04-01 11:10:00,75.3897172594,1.0,1.0,0,0.0,0.0,0.0,0.0
2014-04-01 11:15:00,73.0783277372,1.0,1.0,0,0.0,0.0,0.0,0.0
2014-04-01 11:20:00,76.5764629427,1.0,1.0,0,0.0,0.0,0.0,0.0
2014-04-01 11:25:00,73.1050394445,1.0,1.0,0,0.0,0.0,0.0,0.0
2014-04-01 11:30:00,74.3813691059,1.0,1.0,0,0.0,0.0,0.0,0.0
2014-04-01 11:35:00,87.270594266,1.0,1.0,0,0.0,0.0,0.0,0.0
2014-04-01 11:40:00,78.631022969,1.0,1.0,0,0.0,0.0,0.0,0.0
2014-04-01 11:45:00,80.02688857449999,1.0,1.0,0,0.0,0.0,0.0,0.0
2014-04-01 11:50:00,85.462029081,1.0,1.0,0,0.0,0.0,0.0,0.0
2014-04-01 11:55:00,87.4015277934,1.0,1.0,0,0.0,0.0,0.0,0.0
2014-04-01 12:00:00,81.2258430721,1.0,1.0,0,0.0,0.0,0.0,0.0
2014-04-01 12:05:00,84.8975816393,1.0,1.0,0,0.0,0.0,0.0,0.0
2014-04-01 12:10:00,77.1383791217,1.0,1.0,0,0.0,0.0,0.0,0.0
2014-04-01 12:15:00,76.7996330352,1.0,1.0,0,0.0,0.0,0.0,0.0
2014-04-01 12:20:00,78.3491276245,1.0,1.0,0,0.0,0.0,0.0,0.0
2014-04-01 12:25:00,82.6608040633,1.0,1.0,0,0.0,0.0,0.0,0.0
2014-04-01 12:30:00,82.8155689476,1.0,1.0,0,0.0,0.0,0.0,0.0
2014-04-01 12:35:00,76.9513783572,1.0,1.0,0,0.0,0.0,0.0,0.0
2014-04-01 12:40:00,74.0424011556,1.0,1.0,0,0.0,0.0,0.0,0.0
2014-04-01 12:45:00,82.0197980953,1.0,1.0,0,0.0,0.0,0.0,0.0
2014-04-01 12:50:00,73.9643499385,1.0,1.0,0,0.0,0.0,0.0,0.0
2014-04-01 12:55:00,81.15837307550001,1.0,1.0,0,0.0,0.0,0.0,0.0
2014-04-01 13:00:00,83.0748113079,1.0,1.0,0,0.0,0.0,0.0,0.0
2014-04-01 13:05:00,83.1898135942,1.0,1.0,0,0.0,0.0,0.0,0.0
2014-04-01 13:10:00,84.0353804376,1.0,1.0,0,0.0,0.0,0.0,0.0
2014-04-01 13:15:00,85.9451189649,1.0,1.0,0,0.0,0.0,0.0,0.0
2014-04-01 13:20:00,79.9801440289,1.0,1.0,0,0.0,0.0,0.0,0.0
2014-04-01 13:25:00,83.6639028756,1.0,1.0,0,0.0,0.0,0.0,0.0
2014-04-01 13:30:00,81.8871061425,1.0,1.0,0,0.0,0.0,0.0,0.0
2014-04-01 13:35:00,74.96824233939999,1.0,1.0,0,0.0,0.0,0.0,0.0
2014-04-01 13:40:00,72.3936556697,1.0,1.0,0,0.0,0.0,0.0,0.0
2014-04-01 13:45:00,76.5342895319,1.0,1.0,0,0.0,0.0,0.0,0.0
2014-04-01 13:50:00,79.069558052,1.0,1.0,0,0.0,0.0,0.0,0.0
2014-04-01 13:55:00,81.85404542399999,1.0,1.0,0,0.0,0.0,0.0,0.0
2014-04-01 14:00:00,85.5952405193,1.0,1.0,0,0.0,0.0,0.0,0.0
2014-04-01 14:05:00,75.13632475060001,1.0,1.0,0,0.0,0.0,0.0,0.0
2014-04-01 14:10:00,74.0052442161,1.0,1.0,0,0.0,0.0,0.0,0.0
2014-04-01 14:15:00,87.411483207,1.0,1.0,0,0.0,0.0,0.0,0.0
2014-04-01 14:20:00,73.7251739718,1.0,1.0,0,0.0,0.0,0.0,0.0
2014-04-01 14:25:00,79.65203364060001,1.0,1.0,0,0.0,0.0,0.0,0.0
2014-04-01 14:30:00,81.36511394770001,1.0,1.0,0,0.0,0.0,0.0,0.0
2014-04-01 14:35:00,80.65811895899999,1.0,1.0,0,0.0,0.0,0.0,0.0
2014-04-01 14:40:00,73.3729924398,1.0,1.0,0,0.0,0.0,0.0,0.0
2014-04-01 14:45:00,72.9089308274,1.0,1.0,0,0.0,0.0,0.0,0.0
2014-04-01 14:50:00,73.68419782810001,1.0,1.0,0,0.0,0.0,0.0,0.0
2014-04-01 14:55:00,81.3654972106,1.0,1.0,0,0.0,0.0,0.0,0.0
2014-04-01 15:00:00,80.7087433908,1.0,1.0,0,0.0,0.0,0.0,0.0
2014-04-01 15:05:00,75.73912557,1.0,1.0,0,0.0,0.0,0.0,0.0
2014-04-01 15:10:00,82.2035971074,1.0,1.0,0,0.0,0.0,0.0,0.0
2014-04-01 15:15:00,85.1202628705,1.0,1.0,0,0.0,0.0,0.0,0.0
2014-04-01 15:20:00,72.664565771,1.0,1.0,0,0.0,0.0,0.0,0.0
2014-04-01 15:25:00,79.969311384,1.0,1.0,0,0.0,0.0,0.0,0.0
2014-04-01 15:30:00,83.0281695156,1.0,1.0,0,0.0,0.0,0.0,0.0
2014-04-01 15:35:00,76.03626087800001,1.0,1.0,0,0.0,0.0,0.0,0.0
2014-04-01 15:40:00,76.9235960111,1.0,1.0,0,0.0,0.0,0.0,0.0
2014-04-01 15:45:00,81.817420993,1.0,1.0,0,0.0,0.0,0.0,0.0
2014-04-01 15:50:00,86.3661355722,1.0,1.0,0,0.0,0.0,0.0,0.0
2014-04-01 15:55:00,84.9579751205,1.0,1.0,0,0.0,0.0,0.0,0.0
2014-04-01 16:00:00,81.32992735180001,1.0,1.0,0,0.0,0.0,0.0,0.0
2014-04-01 16:05:00,83.6833868117,1.0,1.0,0,0.0,0.0,0.0,0.0
2014-04-01 16:10:00,77.837010076,1.0,1.0,0,0.0,0.0,0.0,0.0
2014-04-01 16:15:00,82.2552905191,1.0,1.0,0,0.0,0.0,0.0,0.0
2014-04-01 16:20:00,79.4587528969,1.0,1.0,0,0.0,0.0,0.0,0.0
2014-04-01 16:25:00,75.0388341085,1.0,1.0,0,0.0,0.0,0.0,0.0
2014-04-01 16:30:00,83.2276525846,1.0,1.0,0,0.0,0.0,0.0,0.0
2014-04-01 16:35:00,80.903278863,1.0,1.0,0,0.0,0.0,0.0,0.0
2014-04-01 16:40:00,77.7377960544,1.0,1.0,0,0.0,0.0,0.0,0.0
2014-04-01 16:45:00,86.5812608049,1.0,1.0,0,0.0,0.0,0.0,0.0
2014-04-01 16:50:00,72.3348070021,1.0,1.0,0,0.0,0.0,0.0,0.0
2014-04-01 16:55:00,77.0522224794,1.0,1.0,0,0.0,0.0,0.0,0.0
2014-04-01 17:00:00,72.91007436699999,1.0,1.0,0,0.0,0.0,0.0,0.0
2014-04-01 17:05:00,84.264404702,1.0,1.0,0,0.0,0.0,0.0,0.0
2014-04-01 17:10:00,83.2336873041,1.0,1.0,0,0.0,0.0,0.0,0.0
2014-04-01 17:15:00,77.301605816,1.0,1.0,0,0.0,0.0,0.0,0.0
2014-04-01 17:20:00,82.810574636,1.0,1.0,0,0.0,0.0,0.0,0.0
2014-04-01 17:25:00,78.3349655385,1.0,1.0,0,0.0,0.0,0.0,0.0
2014-04-01 17:30:00,84.1000283683,1.0,1.0,0,0.0,0.0,0.0,0.0
2014-04-01 17:35:00,79.2669081653,1.0,1.0,0,0.0,0.0,0.0,0.0
2014-04-01 17:40:00,78.5964454643,1.0,1.0,0,0.0,0.0,0.0,0.0
2014-04-01 17:45:00,86.9556452568,1.0,1.0,0,0.0,0.0,0.0,0.0
2014-04-01 17:50:00,76.0140364089,1.0,1.0,0,0.0,0.0,0.0,0.0
2014-04-01 17:55:00,73.9271290519,1.0,1.0,0,0.0,0.0,0.0,0.0
2014-04-01 18:00:00,32.541069676999996,1.0,1.0,0,0.0,0.0,0.0,0.0
2014-04-01 18:05:00,35.0036528779,1.0,1.0,0,0.0,0.0,0.0,0.0
2014-04-01 18:10:00,31.218164974,1.0,1.0,0,0.0,0.0,0.0,0.0
2014-04-01 18:15:00,29.1970296814,1.0,1.0,0,0.0,0.0,0.0,0.0
2014-04-01 18:20:00,30.9715477642,1.0,1.0,0,0.0,0.0,0.0,0.0
2014-04-01 18:25:00,32.0379564364,1.0,1.0,0,0.0,0.0,0.0,0.0
2014-04-01 18:30:00,29.836301513899997,1.0,1.0,0,0.0,0.0,0.0,0.0
2014-04-01 18:35:00,33.0118478573,1.0,1.0,0,0.0,0.0,0.0,0.0
2014-04-01 18:40:00,35.185589334,1.0,1.0,0,0.0,0.0,0.0,0.0
2014-04-01 18:45:00,31.691126561599997,1.0,1.0,0,0.0,0.0,0.0,0.0
2014-04-01 18:50:00,31.070256797600003,1.0,1.0,0,0.0,0.0,0.0,0.0
2014-04-01 18:55:00,31.3645006458,1.0,1.0,0,0.0,0.0,0.0,0.0
2014-04-01 19:00:00,20.675853745,1.0,1.0,0,0.0,0.0,0.0,0.0
2014-04-01 19:05:00,24.117064411399998,1.0,1.0,0,0.0,0.0,0.0,0.0
2014-04-01 19:10:00,22.018417728899998,1.0,1.0,0,0.0,0.0,0.0,0.0
2014-04-01 19:15:00,21.8949881621,1.0,1.0,0,0.0,0.0,0.0,0.0
2014-04-01 19:20:00,23.1154111547,1.0,1.0,0,0.0,0.0,0.0,0.0
2014-04-01 19:25:00,22.140308511199997,1.0,1.0,0,0.0,0.0,0.0,0.0
2014-04-01 19:30:00,23.064084675,1.0,1.0,0,0.0,0.0,0.0,0.0
2014-04-01 19:35:00,20.4352782588,1.0,1.0,0,0.0,0.0,0.0,0.0
2014-04-01 19:40:00,23.805479274,1.0,1.0,0,0.0,0.0,0.0,0.0
2014-04-01 19:45:00,24.3734563718,1.0,1.0,0,0.0,0.0,0.0,0.0
2014-04-01 19:50:00,23.0664676646,1.0,1.0,0,0.0,0.0,0.0,0.0
2014-04-01 19:55:00,24.4364540208,1.0,1.0,0,0.0,0.0,0.0,0.0
2014-04-01 20:00:00,19.052266531,1.0,1.0,0,0.0,0.0,0.0,0.0
2014-04-01 20:05:00,20.3874964675,1.0,1.0,0,0.0,0.0,0.0,0.0
2014-04-01 20:10:00,20.8970001315,1.0,1.0,0,0.0,0.0,0.0,0.0
2014-04-01 20:15:00,20.8147930581,1.0,1.0,0,0.0,0.0,0.0,0.0
2014-04-01 20:20:00,20.0763872062,1.0,1.0,0,0.0,0.0,0.0,0.0
2014-04-01 20:25:00,19.816793503,1.0,1.0,0,0.0,0.0,0.0,0.0
2014-04-01 20:30:00,18.9514709689,1.0,1.0,0,0.0,0.0,0.0,0.0
2014-04-01 20:35:00,20.0365768371,1.0,1.0,0,0.0,0.0,0.0,0.0
2014-04-01 20:40:00,19.0982584695,1.0,1.0,0,0.0,0.0,0.0,0.0
2014-04-01 20:45:00,21.4399615536,1.0,1.0,0,0.0,0.0,0.0,0.0
2014-04-01 20:50:00,19.2873712803,1.0,1.0,0,0.0,0.0,0.0,0.0
2014-04-01 20:55:00,18.671883266400002,1.0,1.0,0,0.0,0.0,0.0,0.0
2014-04-01 21:00:00,20.306469931400002,1.0,1.0,0,0.0,0.0,0.0,0.0
2014-04-01 21:05:00,20.4787472917,1.0,1.0,0,0.0,0.0,0.0,0.0
2014-04-01 21:10:00,21.5907929231,1.0,1.0,0,0.0,0.0,0.0,0.0
2014-04-01 21:15:00,20.4054044467,1.0,1.0,0,0.0,0.0,0.0,0.0
2014-04-01 21:20:00,19.4749565997,1.0,1.0,0,0.0,0.0,0.0,0.0
2014-04-01 21:25:00,21.3138653021,1.0,1.0,0,0.0,0.0,0.0,0.0
2014-04-01 21:30:00,20.257888878,1.0,1.0,0,0.0,0.0,0.0,0.0
2014-04-01 21:35:00,18.405043275,1.0,1.0,0,0.0,0.0,0.0,0.0
2014-04-01 21:40:00,20.3606665222,1.0,1.0,0,0.0,0.0,0.0,0.0
2014-04-01 21:45:00,21.735908084600002,1.0,1.0,0,0.0,0.0,0.0,0.0
2014-04-01 21:50:00,19.6792596563,1.0,1.0,0,0.0,0.0,0.0,0.0
2014-04-01 21:55:00,19.2773926158,1.0,1.0,0,0.0,0.0,0.0,0.0
2014-04-01 22:00:00,18.5917087417,1.0,1.0,0,0.0,0.0,0.0,0.0
2014-04-01 22:05:00,18.6236436294,1.0,1.0,0,0.0,0.0,0.0,0.0
2014-04-01 22:10:00,19.7500277702,1.0,1.0,0,0.0,0.0,0.0,0.0
2014-04-01 22:15:00,20.4022866972,1.0,1.0,0,0.0,0.0,0.0,0.0
2014-04-01 22:20:00,18.3400511748,1.0,1.0,0,0.0,0.0,0.0,0.0
2014-04-01 22:25:00,21.779162288800002,1.0,1.0,0,0.0,0.0,0.0,0.0
2014-04-01 22:30:00,21.0407141725,1.0,1.0,0,0.0,0.0,0.0,0.0
2014-04-01 22:35:00,20.366028299,1.0,1.0,0,0.0,0.0,0.0,0.0
2014-04-01 22:40:00,21.3342158778,1.0,1.0,0,0.0,0.0,0.0,0.0
2014-04-01 22:45:00,18.3383349354,1.0,1.0,0,0.0,0.0,0.0,0.0
2014-04-01 22:50:00,19.9264665624,1.0,1.0,0,0.0,0.0,0.0,0.0
2014-04-01 22:55:00,20.540072055,1.0,1.0,0,0.0,0.0,0.0,0.0
2014-04-01 23:00:00,21.3187040278,1.0,1.0,0,0.0,0.0,0.0,0.0
2014-04-01 23:05:00,21.1379359427,1.0,1.0,0,0.0,0.0,0.0,0.0
2014-04-01 23:10:00,19.1119457862,1.0,1.0,0,0.0,0.0,0.0,0.0
2014-04-01 23:15:00,21.7676992721,1.0,1.0,0,0.0,0.0,0.0,0.0
2014-04-01 23:20:00,18.5009348615,1.0,1.0,0,0.0,0.0,0.0,0.0
2014-04-01 23:25:00,21.504662575,1.0,1.0,0,0.0,0.0,0.0,0.0
2014-04-01 23:30:00,21.8879626784,1.0,1.0,0,0.0,0.0,0.0,0.0
2014-04-01 23:35:00,18.712206145,1.0,1.0,0,0.0,0.0,0.0,0.0
2014-04-01 23:40:00,20.8922748015,1.0,1.0,0,0.0,0.0,0.0,0.0
2014-04-01 23:45:00,18.1646290126,1.0,1.0,0,0.0,0.0,0.0,0.0
2014-04-01 23:50:00,19.6254586634,1.0,1.0,0,0.0,0.0,0.0,0.0
2014-04-01 23:55:00,20.0689857004,1.0,1.0,0,0.0,0.0,0.0,0.0
2014-04-02 00:00:00,20.3225809036,1.0,1.0,0,0.0,0.0,0.0,0.0
2014-04-02 00:05:00,21.743748993,1.0,1.0,0,0.0,0.0,0.0,0.0
2014-04-02 00:10:00,20.6890027492,1.0,1.0,0,0.0,0.0,0.0,0.0
2014-04-02 00:15:00,19.9251118049,1.0,1.0,0,0.0,0.0,0.0,0.0
2014-04-02 00:20:00,21.2387001451,1.0,1.0,0,0.0,0.0,0.0,0.0
2014-04-02 00:25:00,21.8021312838,1.0,1.0,0,0.0,0.0,0.0,0.0
2014-04-02 00:30:00,18.0882645947,1.0,1.0,0,0.0,0.0,0.0,0.0
2014-04-02 00:35:00,21.930085089000002,1.0,1.0,0,0.0,0.0,0.0,0.0
2014-04-02 00:40:00,18.344528556300002,1.0,1.0,0,0.0,0.0,0.0,0.0
2014-04-02 00:45:00,21.2575471171,1.0,1.0,0,0.0,0.0,0.0,0.0
2014-04-02 00:50:00,19.1213390102,1.0,1.0,0,0.0,0.0,0.0,0.0
2014-04-02 00:55:00,18.528718631,1.0,1.0,0,0.0,0.0,0.0,0.0
2014-04-02 01:00:00,19.759422558900003,1.0,1.0,0,0.0,0.0,0.0,0.0
2014-04-02 01:05:00,20.5758263178,1.0,1.0,0,0.0,0.0,0.0,0.0
2014-04-02 01:10:00,19.5238073801,1.0,1.0,0,0.0,0.0,0.0,0.0
2014-04-02 01:15:00,18.2182616331,1.0,1.0,0,0.0,0.0,0.0,0.0
2014-04-02 01:20:00,20.3978445586,1.0,1.0,0,0.0,0.0,0.0,0.0
2014-04-02 01:25:00,21.6096131044,1.0,1.0,0,0.0,0.0,0.0,0.0
2014-04-02 01:30:00,19.5328614638,1.0,1.0,0,0.0,0.0,0.0,0.0
2014-04-02 01:35:00,18.865331110499998,1.0,1.0,0,0.0,0.0,0.0,0.0
2014-04-02 01:40:00,19.7703093837,1.0,1.0,0,0.0,0.0,0.0,0.0
2014-04-02 01:45:00,18.1934508442,1.0,1.0,0,0.0,0.0,0.0,0.0
2014-04-02 01:50:00,21.2819503379,1.0,1.0,0,0.0,0.0,0.0,0.0
2014-04-02 01:55:00,21.305363243800002,1.0,1.0,0,0.0,0.0,0.0,0.0
2014-04-02 02:00:00,20.3520018537,1.0,1.0,0,0.0,0.0,0.0,0.0
2014-04-02 02:05:00,19.4124115558,1.0,1.0,0,0.0,0.0,0.0,0.0
2014-04-02 02:10:00,21.1991334578,1.0,1.0,0,0.0,0.0,0.0,0.0
2014-04-02 02:15:00,20.2187480992,1.0,1.0,0,0.0,0.0,0.0,0.0
2014-04-02 02:20:00,21.303729234200002,1.0,1.0,0,0.0,0.0,0.0,0.0
2014-04-02 02:25:00,20.5258351703,1.0,1.0,0,0.0,0.0,0.0,0.0
2014-04-02 02:30:00,21.1376218929,1.0,1.0,0,0.0,0.0,0.0,0.0
2014-04-02 02:35:00,20.3942519729,1.0,1.0,0,0.0,0.0,0.0,0.0
2014-04-02 02:40:00,19.6565642729,1.0,1.0,0,0.0,0.0,0.0,0.0
2014-04-02 02:45:00,21.831783439699997,1.0,1.0,0,0.0,0.0,0.0,0.0
2014-04-02 02:50:00,20.164455299500002,1.0,1.0,0,0.0,0.0,0.0,0.0
2014-04-02 02:55:00,20.4203580742,1.0,1.0,0,0.0,0.0,0.0,0.0
2014-04-02 03:00:00,18.8819505577,1.0,1.0,0,0.0,0.0,0.0,0.0
2014-04-02 03:05:00,20.5026031577,1.0,1.0,0,0.0,0.0,0.0,0.0
2014-04-02 03:10:00,20.2864305979,1.0,1.0,0,0.0,0.0,0.0,0.0
2014-04-02 03:15:00,18.7393535918,1.0,1.0,0,0.0,0.0,0.0,0.0
2014-04-02 03:20:00,18.238348389400002,1.0,1.0,0,0.0,0.0,0.0,0.0
2014-04-02 03:25:00,20.4174372789,1.0,1.0,0,0.0,0.0,0.0,0.0
2014-04-02 03:30:00,21.0547690774,1.0,1.0,0,0.0,0.0,0.0,0.0
2014-04-02 03:35:00,20.0936054837,1.0,1.0,0,0.0,0.0,0.0,0.0
2014-04-02 03:40:00,18.9070905013,1.0,1.0,0,0.0,0.0,0.0,0.0
2014-04-02 03:45:00,20.6660879068,1.0,1.0,0,0.0,0.0,0.0,0.0
2014-04-02 03:50:00,18.3204229064,1.0,1.0,0,0.0,0.0,0.0,0.0
2014-04-02 03:55:00,19.767334819200002,1.0,1.0,0,0.0,0.0,0.0,0.0
2014-04-02 04:00:00,18.6534670336,1.0,1.0,0,0.0,0.0,0.0,0.0
2014-04-02 04:05:00,18.7378362042,1.0,1.0,0,0.0,0.0,0.0,0.0
2014-04-02 04:10:00,18.8091757966,1.0,1.0,0,0.0,0.0,0.0,0.0
2014-04-02 04:15:00,19.5468282282,1.0,1.0,0,0.0,0.0,0.0,0.0
2014-04-02 04:20:00,18.2046008225,1.0,1.0,0,0.0,0.0,0.0,0.0
2014-04-02 04:25:00,19.5911737637,1.0,1.0,0,0.0,0.0,0.0,0.0
2014-04-02 04:30:00,20.0468297885,1.0,1.0,0,0.0,0.0,0.0,0.0
2014-04-02 04:35:00,19.9331771399,1.0,1.0,0,0.0,0.0,0.0,0.0
2014-04-02 04:40:00,19.5311364016,1.0,1.0,0,0.0,0.0,0.0,0.0
2014-04-02 04:45:00,21.3565864323,1.0,1.0,0,0.0,0.0,0.0,0.0
2014-04-02 04:50:00,18.5813067697,1.0,1.0,0,0.0,0.0,0.0,0.0
2014-04-02 04:55:00,20.0227869751,1.0,1.0,0,0.0,0.0,0.0,0.0
2014-04-02 05:00:00,18.2481656678,1.0,1.0,0,0.0,0.0,0.0,0.0
2014-04-02 05:05:00,18.2846227155,1.0,1.0,0,0.0,0.0,0.0,0.0
2014-04-02 05:10:00,20.295463398699997,1.0,1.0,0,0.0,0.0,0.0,0.0
2014-04-02 05:15:00,20.2640736996,1.0,1.0,0,0.0,0.0,0.0,0.0
2014-04-02 05:20:00,21.5121340514,1.0,1.0,0,0.0,0.0,0.0,0.0
2014-04-02 05:25:00,20.2314947026,1.0,1.0,0,0.0,0.0,0.0,0.0
2014-04-02 05:30:00,21.8391640816,1.0,1.0,0,0.0,0.0,0.0,0.0
2014-04-02 05:35:00,18.194779393599998,1.0,1.0,0,0.0,0.0,0.0,0.0
2014-04-02 05:40:00,18.3920307391,1.0,1.0,0,0.0,0.0,0.0,0.0
2014-04-02 05:45:00,18.176263446300002,1.0,1.0,0,0.0,0.0,0.0,0.0
2014-04-02 05:50:00,18.741107401300003,1.0,1.0,0,0.0,0.0,0.0,0.0
2014-04-02 05:55:00,20.1650804438,1.0,1.0,0,0.0,0.0,0.0,0.0
2014-04-02 06:00:00,20.5822887257,1.0,1.0,0,0.0,0.0,0.0,0.0
2014-04-02 06:05:00,18.1823406318,1.0,1.0,0,0.0,0.0,0.0,0.0
2014-04-02 06:10:00,21.7838835594,1.0,1.0,0,0.0,0.0,0.0,0.0
2014-04-02 06:15:00,21.368661506600002,1.0,1.0,0,0.0,0.0,0.0,0.0
2014-04-02 06:20:00,19.1864499286,1.0,1.0,0,0.0,0.0,0.0,0.0
2014-04-02 06:25:00,18.308750120899997,1.0,1.0,0,0.0,0.0,0.0,0.0
2014-04-02 06:30:00,18.679548292899998,1.0,1.0,0,0.0,0.0,0.0,0.0
2014-04-02 06:35:00,18.507777655,1.0,1.0,0,0.0,0.0,0.0,0.0
2014-04-02 06:40:00,18.4931351172,1.0,1.0,0,0.0,0.0,0.0,0.0
2014-04-02 06:45:00,20.0742467547,1.0,1.0,0,0.0,0.0,0.0,0.0
2014-04-02 06:50:00,18.98338977,1.0,1.0,0,0.0,0.0,0.0,0.0
2014-04-02 06:55:00,19.4325588661,1.0,1.0,0,0.0,0.0,0.0,0.0
2014-04-02 07:00:00,21.9580213335,1.0,1.0,0,0.0,0.0,0.0,0.0
2014-04-02 07:05:00,20.7372569957,1.0,1.0,0,0.0,0.0,0.0,0.0
2014-04-02 07:10:00,21.795922668200003,1.0,1.0,0,0.0,0.0,0.0,0.0
2014-04-02 07:15:00,18.5702262201,1.0,1.0,0,0.0,0.0,0.0,0.0
2014-04-02 07:20:00,19.5285578993,1.0,1.0,0,0.0,0.0,0.0,0.0
2014-04-02 07:25:00,20.2189272131,1.0,1.0,0,0.0,0.0,0.0,0.0
2014-04-02 07:30:00,18.3070322476,1.0,1.0,0,0.0,0.0,0.0,0.0
2014-04-02 07:35:00,18.0167497745,1.0,1.0,0,0.0,0.0,0.0,0.0
2014-04-02 07:40:00,20.6817373352,1.0,1.0,0,0.0,0.0,0.0,0.0
2014-04-02 07:45:00,20.5672780672,1.0,1.0,0,0.0,0.0,0.0,0.0
2014-04-02 07:50:00,19.64315524,1.0,1.0,0,0.0,0.0,0.0,0.0
2014-04-02 07:55:00,19.9585763041,1.0,1.0,0,0.0,0.0,0.0,0.0
2014-04-02 08:00:00,19.6617720024,1.0,1.0,0,0.0,0.0,0.0,0.0
2014-04-02 08:05:00,18.0960201794,1.0,1.0,0,0.0,0.0,0.0,0.0
2014-04-02 08:10:00,19.3414864249,1.0,1.0,0,0.0,0.0,0.0,0.0
2014-04-02 08:15:00,18.7083290216,1.0,1.0,0,0.0,0.0,0.0,0.0
2014-04-02 08:20:00,18.3936967564,1.0,1.0,0,0.0,0.0,0.0,0.0
2014-04-02 08:25:00,21.8268817356,1.0,1.0,0,0.0,0.0,0.0,0.0
2014-04-02 08:30:00,20.3974389002,1.0,1.0,0,0.0,0.0,0.0,0.0
2014-04-02 08:35:00,20.9146251369,1.0,1.0,0,0.0,0.0,0.0,0.0
2014-04-02 08:40:00,19.2614549731,1.0,1.0,0,0.0,0.0,0.0,0.0
2014-04-02 08:45:00,19.572588518,1.0,1.0,0,0.0,0.0,0.0,0.0
2014-04-02 08:50:00,18.9476959756,1.0,1.0,0,0.0,0.0,0.0,0.0
2014-04-02 08:55:00,18.3878626839,1.0,1.0,0,0.0,0.0,0.0,0.0
2014-04-02 09:00:00,63.6348302692,1.0,1.0,0,0.0,0.0,0.0,0.0
2014-04-02 09:05:00,72.04619101600001,1.0,1.0,0,0.0,0.0,0.0,0.0
2014-04-02 09:10:00,70.4146229505,1.0,1.0,0,0.0,0.0,0.0,0.0
2014-04-02 09:15:00,68.6382327134,1.0,1.0,0,0.0,0.0,0.0,0.0
2014-04-02 09:20:00,67.661222271,1.0,1.0,0,0.0,0.0,0.0,0.0
2014-04-02 09:25:00,73.7451062577,1.0,1.0,0,0.0,0.0,0.0,0.0
2014-04-02 09:30:00,62.1891952898,1.0,1.0,0,0.0,0.0,0.0,0.0
2014-04-02 09:35:00,65.01617106,0.0,64.63870239257811,0,0.0,1.0,21.07663305128662,0.0
2014-04-02 09:40:00,65.95915480859999,0.0,64.12107849121094,0,0.0,1.0,21.07663305128662,0.0
2014-04-02 09:45:00,71.8409910461,0.0,62.85556411743164,0,0.0,1.0,21.07663305128662,0.0
2014-04-02 09:50:00,74.6981988342,0.0,64.90744018554689,0,0.0,1.0,21.07663305128662,0.0
2014-04-02 09:55:00,64.4731190007,0.0,64.48223876953125,0,2.623966320266552,1.0,21.07663305128662,0.0
2014-04-02 10:00:00,83.4092498258,0.0,71.31111145019531,0,2.5779227079427223,1.0,21.07663305128662,0.0
2014-04-02 10:05:00,82.73126524189999,0.0,73.41503143310547,0,3.860430465219677,1.0,21.07663305128662,0.0
2014-04-02 10:10:00,73.3266828114,0.0,77.57723999023438,0,3.901781325235447,1.0,21.07663305128662,0.0
2014-04-02 10:15:00,76.0376416447,0.0,72.63177490234375,0,3.2092561415081047,1.0,21.07663305128662,0.0
2014-04-02 10:20:00,76.19812293140001,0.0,73.2737808227539,0,3.3060232367494127,1.0,21.07663305128662,0.0
2014-04-02 10:25:00,85.0219847755,0.0,76.57530212402344,0,2.159298703379589,1.0,21.07663305128662,0.0
2014-04-02 10:30:00,72.64744230939999,0.0,72.52610778808594,0,1.7949861749950191,1.0,21.07663305128662,0.0
2014-04-02 10:35:00,82.24293171149999,0.0,77.0502700805664,0,1.8622782529741215,1.0,21.07663305128662,0.0
2014-04-02 10:40:00,75.026670924,0.0,73.01094055175781,0,2.085627614046288,1.0,21.07663305128662,0.0
2014-04-02 10:45:00,81.1831077664,0.0,72.49828338623047,0,1.972051146995799,1.0,21.07663305128662,0.0
2014-04-02 10:50:00,76.3585707867,0.0,74.32492065429688,0,2.00181886308242,1.0,21.07663305128662,0.0
2014-04-02 10:55:00,78.81614352359999,0.0,70.19051361083984,0,2.2408583144685537,1.0,21.07663305128662,0.0
2014-04-02 11:00:00,84.809857643,0.0,77.02721405029297,0,2.669979349696874,1.0,21.07663305128662,0.0
2014-04-02 11:05:00,84.3574491455,0.0,73.33152770996094,0,3.307263094305858,1.0,21.07663305128662,0.0
2014-04-02 11:10:00,85.34759431100001,0.0,77.07305145263672,0,3.5999002262270494,1.0,21.07663305128662,0.0
2014-04-02 11:15:00,72.5161539423,0.0,76.68344116210938,0,4.463592224921191,1.0,21.07663305128662,0.0
2014-04-02 11:20:00,82.5743719955,0.0,74.70909118652344,0,3.9062993883023456,1.0,21.07663305128662,0.0
2014-04-02 11:25:00,73.7943592394,0.0,78.21585083007812,0,3.916629040336037,1.0,21.07663305128662,0.0
2014-04-02 11:30:00,78.1811785058,0.0,71.67503356933594,0,2.9268475098120152,1.0,21.07663305128662,0.0
2014-04-02 11:35:00,80.292750153,0.0,77.51663970947266,0,2.1892209076332048,1.0,21.07663305128662,0.0
2014-04-02 11:40:00,77.9731687654,0.0,72.6312484741211,0,2.222972110539649,1.0,21.07663305128662,0.0
2014-04-02 11:45:00,79.831904092,0.0,76.90904235839844,0,1.9154233489844739,1.0,21.07663305128662,0.0
2014-04-02 11:50:00,87.4167544151,0.0,73.3797607421875,0,2.193379675608986,1.0,21.07663305128662,0.0
2014-04-02 11:55:00,73.7184961573,0.0,77.76844787597656,0,3.13473576766504,1.0,21.07663305128662,0.0
2014-04-02 12:00:00,82.7079279693,0.0,76.52896118164062,0,2.8951476519213877,1.0,21.07663305128662,0.0
2014-04-02 12:05:00,78.2420122436,0.0,76.36386108398438,0,2.999778463968946,1.0,21.07663305128662,0.0
2014-04-02 12:10:00,74.0392029944,0.0,78.47491455078125,0,2.86330142536543,1.0,21.07663305128662,0.0
2014-04-02 12:15:00,74.45034046810001,0.0,71.32524871826172,0,2.0678476527916025,1.0,21.07663305128662,0.0
2014-04-02 12:20:00,87.08374365629999,0.0,75.48233032226562,0,1.766133285054103,1.0,21.07663305128662,0.0
2014-04-02 12:25:00,85.9703355987,0.0,74.05602264404297,0,2.1823013663918918,1.0,21.07663305128662,0.0
2014-04-02 12:30:00,86.408856161,0.0,77.65281677246094,0,3.884566199363867,1.0,21.07663305128662,0.0
2014-04-02 12:35:00,87.75908698389999,0.0,79.741455078125,0,3.881985565834766,1.0,21.07663305128662,0.0
2014-04-02 12:40:00,75.2426465846,0.0,79.54896545410156,0,5.036174697875682,1.0,21.07663305128662,0.0
2014-04-02 12:45:00,77.5938049625,0.0,77.37713623046875,0,4.124287889809082,1.0,21.07663305128662,0.0
2014-04-02 12:50:00,82.6082554734,0.0,76.77923583984375,0,2.6620823619808593,1.0,21.07663305128662,0.0
2014-04-02 12:55:00,79.645151629,0.0,75.19007873535156,0,2.2962048926080083,1.0,21.07663305128662,0.0
2014-04-02 13:00:00,78.6753459182,0.0,77.41497802734375,0,1.8508850160921888,1.0,21.07663305128662,0.0
2014-04-02 13:05:00,77.7063259942,0.0,74.99495697021484,0,1.4701411437615235,1.0,21.07663305128662,0.0
2014-04-02 13:10:00,81.4809299935,0.0,76.40817260742188,0,1.7819786802557616,1.0,21.07663305128662,0.0
2014-04-02 13:15:00,81.1900045795,0.0,73.7391128540039,0,1.6874458993209949,1.0,21.07663305128662,0.0
2014-04-02 13:20:00,74.5654253469,0.0,77.81550598144531,0,2.061923253301952,1.0,21.07663305128662,0.0
2014-04-02 13:25:00,79.52874591930001,0.0,76.96640014648438,0,2.080293938697851,1.0,21.07663305128662,0.0
2014-04-02 13:30:00,80.83614308770001,0.0,76.03266143798828,0,1.8695609452153334,1.0,21.07663305128662,0.0
2014-04-02 13:35:00,81.1051211179,0.0,76.93746948242188,0,2.16953394734678,1.0,21.07663305128662,0.0
2014-04-02 13:40:00,75.343628275,0.0,74.01730346679688,0,1.8479449615688495,1.0,21.07663305128662,0.0
2014-04-02 13:45:00,83.8562119539,0.0,75.92127227783203,0,1.607475483276076,1.0,21.07663305128662,0.0
2014-04-02 13:50:00,72.3858087526,0.0,77.3183364868164,0,2.279049721182618,1.0,21.07663305128662,0.0
2014-04-02 13:55:00,77.65866713439999,0.0,75.22355651855469,0,2.19275295597666,1.0,21.07663305128662,0.0
2014-04-02 14:00:00,84.4793471733,0.0,75.39093017578125,0,1.7143378324898428,1.0,21.07663305128662,0.0
2014-04-02 14:05:00,81.0183976671,0.0,75.00376892089844,0,2.916782682780955,1.0,21.07663305128662,0.0
2014-04-02 14:10:00,76.17494234739999,0.0,77.218994140625,0,2.8088355117227533,1.0,21.07663305128662,0.0
2014-04-02 14:15:00,83.1152601855,0.0,75.32926940917969,0,2.3227760190988285,1.0,21.07663305128662,0.0
2014-04-02 14:20:00,81.0743633503,0.0,76.48617553710938,0,2.9916360391582053,1.0,21.07663305128662,0.0
2014-04-02 14:25:00,84.7358302362,0.0,76.19694519042969,0,2.3902032424035173,1.0,21.07663305128662,0.0
2014-04-02 14:30:00,83.75638247970001,0.0,76.73539733886719,0,2.705735279849611,1.0,21.07663305128662,0.0
2014-04-02 14:35:00,81.7578021897,0.0,79.7663803100586,0,3.4917560970142603,1.0,21.07663305128662,0.0
2014-04-02 14:40:00,79.8070118845,0.0,76.74623107910156,0,2.7674349849293964,1.0,21.07663305128662,0.0
2014-04-02 14:45:00,74.1273557268,0.0,78.30479431152344,0,2.5765091089553724,1.0,21.07663305128662,0.0
2014-04-02 14:50:00,76.1776715824,0.0,73.38801574707031,0,1.981169066492578,1.0,21.07663305128662,0.0
2014-04-02 14:55:00,78.7018136983,0.0,74.52618408203125,0,1.195963421354687,1.0,21.07663305128662,0.0
2014-04-02 15:00:00,81.5880053397,0.0,75.40750122070312,0,1.3911819343427734,1.0,21.07663305128662,0.0
2014-04-02 15:05:00,80.2185555779,0.0,76.00250244140625,0,1.9450742347468744,1.0,21.07663305128662,0.0
2014-04-02 15:10:00,76.6102169502,0.0,75.45152282714844,0,2.1702303383861334,1.0,21.07663305128662,0.0
2014-04-02 15:15:00,72.1027375317,0.0,75.98052978515625,0,1.9663601243513682,1.0,21.07663305128662,0.0
2014-04-02 15:20:00,79.93906012810001,0.0,73.12043762207031,0,1.9291304539998055,1.0,21.07663305128662,0.0
2014-04-02 15:25:00,76.5692807448,0.0,75.38693237304688,0,1.7300946276236342,1.0,21.07663305128662,0.0
2014-04-02 15:30:00,83.7529287755,0.0,74.9682846069336,0,1.0675696881589847,1.0,21.07663305128662,0.0
2014-04-02 15:35:00,72.3824453662,0.0,76.58154296875,0,2.4268265798999025,1.0,21.07663305128662,0.0
2014-04-02 15:40:00,81.3564639513,0.0,74.68096923828125,0,2.621556303118652,1.0,21.07663305128662,0.0
2014-04-02 15:45:00,87.06275198969999,0.0,74.06355285644531,0,2.36609361268369,1.0,21.07663305128662,0.0
2014-04-02 15:50:00,74.7898302845,0.0,76.24617004394531,0,4.082304452173728,1.0,21.07663305128662,0.0
2014-04-02 15:55:00,79.5456282066,0.0,76.65664672851562,0,2.718338229971092,1.0,21.07663305128662,0.0
2014-04-02 16:00:00,73.4626108206,0.0,76.96673583984375,0,3.0025018854753895,1.0,21.07663305128662,0.0
2014-04-02 16:05:00,82.0107531352,0.0,75.27754211425781,0,2.606080673753514,1.0,21.07663305128662,0.0
2014-04-02 16:10:00,80.8083517372,0.0,73.10946655273438,0,1.8062738606021487,1.0,21.07663305128662,0.0
2014-04-02 16:15:00,78.5176976331,0.0,73.8758544921875,0,2.603150337841992,1.0,21.07663305128662,0.0
2014-04-02 16:20:00,80.3418780869,0.0,77.38938903808594,0,2.8222580456955075,1.0,21.07663305128662,0.0
2014-04-02 16:25:00,86.3450287527,0.0,74.38047790527344,0,2.753303549391797,1.0,21.07663305128662,0.0
2014-04-02 16:30:00,75.14056456680001,0.0,79.55424499511719,0,3.4072210277023434,1.0,21.07663305128662,0.0
2014-04-02 16:35:00,72.36089325409999,0.0,73.06153106689453,0,2.7154673742730466,1.0,21.07663305128662,0.0
2014-04-02 16:40:00,85.7864734448,0.0,75.32525634765625,0,2.2228167082583017,1.0,21.07663305128662,0.0
2014-04-02 16:45:00,81.2337173492,0.0,76.12614440917969,0,3.4425107732102536,1.0,21.07663305128662,0.0
2014-04-02 16:50:00,86.25036968639999,0.0,74.58759307861328,0,2.5853885347844727,1.0,21.07663305128662,0.0
2014-04-02 16:55:00,81.5509669965,0.0,78.75350189208984,0,3.4915255572181643,1.0,21.07663305128662,0.0
2014-04-02 17:00:00,84.96254481369998,0.0,76.44552612304688,0,3.7536289686701156,1.0,21.07663305128662,0.0
2014-04-02 17:05:00,78.8747435258,0.0,79.62102508544922,0,3.5106041678587854,1.0,21.07663305128662,0.0
2014-04-02 17:10:00,83.9977266455,0.0,76.21018981933594,0,2.965442745312398,1.0,21.07663305128662,0.0
2014-04-02 17:15:00,86.6086302125,0.0,78.98854064941406,0,2.4810377726095663,1.0,21.07663305128662,0.0
2014-04-02 17:20:00,81.1539362564,0.0,77.556396484375,0,3.069641189492282,1.0,21.07663305128662,0.0
2014-04-02 17:25:00,74.8925336503,0.0,79.38243865966797,0,2.4547063246637695,1.0,21.07663305128662,0.0
2014-04-02 17:30:00,76.300732541,0.0,75.32649230957031,0,2.9368838963303716,1.0,21.07663305128662,0.0
2014-04-02 17:35:00,75.1782843619,0.0,74.02070617675781,0,1.7996657278178727,1.0,21.07663305128662,0.0
2014-04-02 17:40:00,75.9496832768,0.0,74.96475982666016,0,0.9918518055749033,1.0,21.07663305128662,0.0
2014-04-02 17:45:00,76.902617659,0.0,73.47035217285156,0,0.9508308595099617,1.0,21.07663305128662,0.0
2014-04-02 17:50:00,80.88210952930001,0.0,76.95684814453125,0,0.8186259191075198,1.0,21.07663305128662,0.0
2014-04-02 17:55:00,81.4078348108,0.0,74.00562286376953,0,0.9787407118288094,1.0,21.07663305128662,0.0
2014-04-02 18:00:00,31.529592328699998,0.0,76.94815826416016,0,1.855744796427345,1.0,21.07663305128662,0.0
2014-04-02 18:05:00,32.738686705,0.0,47.2764663696289,0,7.522288094175978,1.0,21.07663305128662,0.0
2014-04-02 18:10:00,29.322073894099997,0.0,44.911582946777344,0,5.69325978781211,1.0,21.07663305128662,0.0
2014-04-02 18:15:00,29.361839079699998,0.0,38.12251663208008,0,6.921395978631738,1.0,21.07663305128662,0.0
2014-04-02 18:20:00,29.899702805500002,0.0,32.625999450683594,0,10.53831652564331,1.0,21.07663305128662,0.0
2014-04-02 18:25:00,32.1156898212,0.0,32.341808319091804,0,5.173611050779638,1.0,21.07663305128662,0.0
2014-04-02 18:30:00,30.1695601511,0.0,35.24773025512695,0,3.412825218516603,1.0,21.07663305128662,0.0
2014-04-02 18:35:00,30.6130143047,0.0,28.546430587768555,0,2.0989078499353035,1.0,21.07663305128662,0.0
2014-04-02 18:40:00,31.36199613,0.0,32.518123626708984,0,1.2217711071581547,1.0,21.07663305128662,0.0
2014-04-02 18:45:00,33.9959366664,0.0,33.056251525878906,0,1.0053156642335215,1.0,21.07663305128662,0.0
2014-04-02 18:50:00,28.8887121232,0.0,34.74604034423828,0,1.155070807273559,1.0,21.07663305128662,0.0
2014-04-02 18:55:00,32.956018121999996,0.0,33.12771224975586,0,1.2524655718999749,1.0,21.07663305128662,0.0
2014-04-02 19:00:00,23.1565655888,0.0,25.10089874267578,0,0.9070763211725099,1.0,21.07663305128662,0.0
2014-04-02 19:05:00,23.737976593800006,0.0,23.10318756103516,0,1.0056020283183598,1.0,21.07663305128662,0.0
2014-04-02 19:10:00,24.338731831799997,0.0,20.546863555908203,0,1.0760180669293464,1.0,21.07663305128662,0.0
2014-04-02 19:15:00,20.2502164524,0.0,23.35527229309082,0,0.8178355737860357,1.0,21.07663305128662,0.0
2014-04-02 19:20:00,20.848949857,0.0,20.398082733154297,0,0.9020461752005611,1.0,21.07663305128662,0.0
2014-04-02 19:25:00,24.130046073699997,0.0,18.828187942504886,0,0.6405212458718013,1.0,21.07663305128662,0.0
2014-04-02 19:30:00,22.21416194,0.0,18.64037322998047,0,1.3344899187995103,1.0,21.07663305128662,0.0
2014-04-02 19:35:00,22.6893648177,0.0,14.35914421081543,0,1.5539462257188958,1.0,21.07663305128662,0.0
2014-04-02 19:40:00,23.1303606038,0.0,18.40031623840332,0,2.2070918214931146,1.0,21.07663305128662,0.0
2014-04-02 19:45:00,23.2022171153,0.0,19.812992095947266,0,2.7419889766869865,1.0,21.07663305128662,0.0
2014-04-02 19:50:00,24.334195671999996,0.0,18.090147018432614,0,2.5029098377066896,1.0,21.07663305128662,0.0
2014-04-02 19:55:00,24.6263320391,0.0,20.84529685974121,0,2.836692330650171,1.0,21.07663305128662,0.0
2014-04-02 20:00:00,21.3817647034,0.0,18.326534271240234,0,2.2680441522094483,1.0,21.07663305128662,0.0
2014-04-02 20:05:00,19.6084578376,0.0,18.526472091674805,0,2.058692410554834,1.0,21.07663305128662,0.0
2014-04-02 20:10:00,22.0354655754,0.0,18.32463264465332,0,1.6156826236087398,1.0,21.07663305128662,0.0
2014-04-02 20:15:00,18.6336086424,0.0,18.84669303894043,0,1.299030658256152,1.0,21.07663305128662,0.0
2014-04-02 20:20:00,19.378506940799998,0.0,17.16111946105957,0,1.0076416881715087,1.0,21.07663305128662,0.0
2014-04-02 20:25:00,22.1076916334,0.0,18.51506805419922,0,0.9029113191190916,1.0,21.07663305128662,0.0
2014-04-02 20:30:00,19.481360209400002,0.0,19.241729736328125,0,1.2167410482785401,1.0,21.07663305128662,0.0
2014-04-02 20:35:00,19.3357865082,0.0,17.252365112304688,0,0.6308104675871582,1.0,21.07663305128662,0.0
2014-04-02 20:40:00,18.9977609727,0.0,18.306028366088867,0,1.0166328659885497,1.0,21.07663305128662,0.0
2014-04-02 20:45:00,21.9509214959,0.0,18.5258731842041,0,0.7954299113938723,1.0,21.07663305128662,0.0
2014-04-02 20:50:00,20.4802383839,0.0,19.70842742919922,0,0.7744830029557619,1.0,21.07663305128662,0.0
2014-04-02 20:55:00,21.1963623054,0.0,18.87282943725586,0,0.7826683515504884,1.0,21.07663305128662,0.0
2014-04-02 21:00:00,19.047255564300002,0.0,20.143686294555664,0,0.8126822855815923,1.0,21.07663305128662,0.0
2014-04-02 21:05:00,21.1331160084,0.0,17.711200714111328,0,0.8694563749871587,1.0,21.07663305128662,0.0
2014-04-02 21:10:00,21.1410142346,0.0,20.2025089263916,0,0.855689620759839,1.0,21.07663305128662,0.0
2014-04-02 21:15:00,19.3427939344,0.0,18.436569213867188,0,0.8226720149242435,1.0,21.07663305128662,0.0
2014-04-02 21:20:00,19.7370155903,0.0,18.96444702148437,0,0.6509778363992429,1.0,21.07663305128662,0.0
2014-04-02 21:25:00,18.9291871167,0.0,19.35776901245117,0,0.7549017364806887,1.0,21.07663305128662,0.0
2014-04-02 21:30:00,22.011394011100002,0.0,18.013160705566406,0,0.3788631769071049,1.0,21.07663305128662,0.0
2014-04-02 21:35:00,20.6812058271,0.0,19.694507598876953,0,0.7613291765727546,1.0,21.07663305128662,0.0
2014-04-02 21:40:00,21.842518711900002,0.0,17.98350715637207,0,0.6714282747805189,1.0,21.07663305128662,0.0
2014-04-02 21:45:00,19.3057671297,0.0,20.93598175048828,0,1.0634005628573489,1.0,21.07663305128662,0.0
2014-04-02 21:50:00,21.2289759056,0.0,18.04474449157715,0,1.260677155111988,1.0,21.07663305128662,0.0
2014-04-02 21:55:00,21.1645390097,0.0,20.589969635009766,0,0.9917743604635745,1.0,21.07663305128662,0.0
2014-04-02 22:00:00,20.786558555,0.0,18.40558242797852,0,0.9050183500428717,1.0,21.07663305128662,0.0
2014-04-02 22:05:00,21.883543944,0.0,19.69378471374512,0,0.8107236289016351,1.0,21.07663305128662,0.0
2014-04-02 22:10:00,19.5930125873,0.0,20.057493209838867,0,1.0411920182486805,1.0,21.07663305128662,0.0
2014-04-02 22:15:00,18.5406512398,0.0,18.623981475830078,0,0.4771769389970215,1.0,21.07663305128662,0.0
2014-04-02 22:20:00,20.7066947888,0.0,18.53995132446289,0,0.6398182769806633,1.0,21.07663305128662,0.0
2014-04-02 22:25:00,20.9373197413,0.0,18.79961585998535,0,0.613039194145117,1.0,21.07663305128662,0.0
2014-04-02 22:30:00,20.3197305165,0.0,19.43279838562012,0,0.5741616980044193,1.0,21.07663305128662,0.0
2014-04-02 22:35:00,18.845345744,0.0,18.62697410583496,0,0.5010430826615226,1.0,21.07663305128662,0.0
2014-04-02 22:40:00,20.0370408677,0.0,19.228843688964844,0,0.6762188893370848,1.0,21.07663305128662,0.0
2014-04-02 22:45:00,19.2672377454,0.0,18.404470443725586,0,0.5064006036368407,1.0,21.07663305128662,0.0
2014-04-02 22:50:00,19.728787574400002,0.0,18.127887725830078,0,0.34703353118181113,1.0,21.07663305128662,0.0
2014-04-02 22:55:00,20.6006319326,0.0,18.93086242675781,0,0.43627949589306647,1.0,21.07663305128662,0.0
2014-04-02 23:00:00,20.9848872936,0.0,19.21759796142578,0,0.6177042293527104,1.0,21.07663305128662,0.0
2014-04-02 23:05:00,18.9325331103,0.0,19.72153663635254,0,0.7375907485325932,1.0,21.07663305128662,0.0
2014-04-02 23:10:00,19.6250687305,0.0,17.796661376953125,0,0.728370276579859,1.0,21.07663305128662,0.0
2014-04-02 23:15:00,19.0803089982,0.0,18.94477081298828,0,0.7058748685677005,1.0,21.07663305128662,0.0
2014-04-02 23:20:00,18.7981350027,0.0,18.11908531188965,0,0.44600098695139145,1.0,21.07663305128662,0.0
2014-04-02 23:25:00,21.1376065193,0.0,18.45931434631348,0,0.37296336614675285,1.0,21.07663305128662,0.0
2014-04-02 23:30:00,21.641165081700002,0.0,19.671607971191406,0,0.6651609253194333,1.0,21.07663305128662,0.0
2014-04-02 23:35:00,19.4846690791,0.0,18.89828109741211,0,0.5736205238782226,1.0,21.07663305128662,0.0
2014-04-02 23:40:00,21.0091486776,0.0,18.45891761779785,0,0.6299767484377443,1.0,21.07663305128662,0.0
2014-04-02 23:45:00,21.5921260477,0.0,19.6047477722168,0,0.9730585406231445,1.0,21.07663305128662,0.0
2014-04-02 23:50:00,21.3886026634,0.0,19.484901428222656,0,0.8716844667956294,1.0,21.07663305128662,0.0
2014-04-02 23:55:00,18.734849953,0.0,19.57701110839844,0,0.8634524823792229,1.0,21.07663305128662,0.0
2014-04-03 00:00:00,21.825167526100007,0.0,18.733217239379886,0,0.9104339657326412,1.0,21.07663305128662,0.0
2014-04-03 00:05:00,19.5067057617,0.0,20.2370719909668,0,0.9781488690973879,1.0,21.07663305128662,0.0
2014-04-03 00:10:00,19.3569626447,0.0,17.686887741088867,0,0.633244608574488,1.0,21.07663305128662,0.0
2014-04-03 00:15:00,18.2497253091,0.0,18.781879425048828,0,0.6040413171287118,1.0,21.07663305128662,0.0
2014-04-03 00:20:00,19.9446946164,0.0,17.81270408630371,0,0.72467719327671,1.0,21.07663305128662,0.0
2014-04-03 00:25:00,18.4360544626,0.0,19.25408935546875,0,0.604682223698731,1.0,21.07663305128662,0.0
2014-04-03 00:30:00,18.9941592837,0.0,17.51272964477539,0,0.5184862995195312,1.0,21.07663305128662,0.0
2014-04-03 00:35:00,19.2677704871,0.0,18.49014663696289,0,0.4949056414337156,1.0,21.07663305128662,0.0
2014-04-03 00:40:00,21.235305294,0.0,18.083406448364254,0,0.6284446382157962,0.0,21.07663305128662,0.0
2014-04-03 00:45:00,21.501954601599998,0.0,19.343067169189453,0,0.7718618816504157,0.0,21.07663305128662,0.0
2014-04-03 00:50:00,19.2098652698,0.0,19.48313331604004,0,0.877827170038501,0.0,21.07663305128662,0.0
2014-04-03 00:55:00,21.434792485,0.0,18.255901336669922,0,0.7601932350902834,0.0,21.07663305128662,0.0
2014-04-03 01:00:00,21.4289237495,0.0,20.72063446044922,0,1.0953681840770506,0.0,21.07663305128662,0.0
2014-04-03 01:05:00,21.058603801500002,0.0,18.82947540283203,0,0.601070840672778,0.0,21.07663305128662,0.0
2014-04-03 01:10:00,18.586780456099998,0.0,19.63165283203125,0,0.6098509614549563,0.0,21.07663305128662,0.0
2014-04-03 01:15:00,20.7612913876,0.0,18.06455993652344,0,0.689089637636866,0.0,21.07663305128662,0.0
2014-04-03 01:20:00,21.7800962583,0.0,20.103097915649414,0,0.6288196754801763,0.0,21.07663305128662,0.0
2014-04-03 01:25:00,20.7301619151,0.0,18.66697883605957,0,0.7664266385971188,0.0,21.07663305128662,0.0
2014-04-03 01:30:00,19.3264673964,0.0,19.053302764892575,0,0.7456834736436759,0.0,21.07663305128662,0.0
2014-04-03 01:35:00,20.0023172697,0.0,18.686044692993164,0,0.7416808731281983,0.0,21.07663305128662,0.0
2014-04-03 01:40:00,20.5829001734,0.0,19.2982120513916,0,0.569123513831983,0.0,21.07663305128662,0.0
2014-04-03 01:45:00,20.0422816349,0.0,18.900028228759766,0,0.6171635511578861,0.0,21.07663305128662,0.0
2014-04-03 01:50:00,18.4798117669,0.0,18.32826232910156,0,0.5020473420453619,0.0,21.07663305128662,0.0
2014-04-03 01:55:00,19.2482561786,0.0,18.63092041015625,0,0.4868454428317386,0.0,21.07663305128662,0.0
2014-04-03 02:00:00,21.2095841222,0.0,18.559192657470703,0,0.39947834179885255,0.0,21.07663305128662,0.0
2014-04-03 02:05:00,21.4456721844,0.0,19.48025131225586,0,0.5701912596389649,0.0,21.07663305128662,0.0
2014-04-03 02:10:00,18.549200130899997,0.0,18.720245361328125,0,0.5385984734211919,0.0,21.07663305128662,0.0
2014-04-03 02:15:00,21.8095470096,0.0,18.497085571289066,0,0.6465247752611814,0.0,21.07663305128662,0.0
2014-04-03 02:20:00,19.3152904714,0.0,20.72637939453125,0,1.012414875701562,0.0,21.07663305128662,0.0
2014-04-03 02:25:00,20.6492549549,0.0,17.901504516601562,0,0.5853546500478997,0.0,21.07663305128662,0.0
2014-04-03 02:30:00,21.007300583800003,0.0,19.568073272705078,0,0.6831458458171871,0.0,21.07663305128662,0.0
2014-04-03 02:35:00,21.2477849386,0.0,19.063995361328125,0,1.0412280001834961,0.0,21.07663305128662,0.0
2014-04-03 02:40:00,21.7829988089,0.0,19.678485870361328,0,0.9411341810614262,0.0,21.07663305128662,0.0
2014-04-03 02:45:00,19.2516781921,0.0,19.567424774169922,0,1.0594100331504888,0.0,21.07663305128662,0.0
2014-04-03 02:50:00,21.4340258182,0.0,18.620079040527344,0,0.7554095511219239,0.0,21.07663305128662,0.0
2014-04-03 02:55:00,18.5267476137,0.0,19.856597900390625,0,0.9272494844441401,0.0,21.07663305128662,0.0
2014-04-03 03:00:00,20.8201636254,0.0,17.823936462402344,0,0.7137552847695798,0.0,21.07663305128662,0.0
2014-04-03 03:05:00,20.9679109181,0.0,20.18050765991211,0,0.7779764957184079,0.0,21.07663305128662,0.0
2014-04-03 03:10:00,20.7108929648,0.0,18.33822631835937,0,0.7842084299170895,0.0,21.07663305128662,0.0
2014-04-03 03:15:00,19.0092589445,0.0,19.788803100585934,0,0.7290484135130861,0.0,21.07663305128662,0.0
2014-04-03 03:20:00,21.4921725881,0.0,17.582267761230472,0,0.7205740635374998,0.0,21.07663305128662,0.0
2014-04-03 03:25:00,18.6754338535,0.0,20.57954406738281,0,0.8347837715214839,0.0,21.07663305128662,0.0
2014-04-03 03:30:00,18.2145391661,0.0,17.462379455566403,0,0.9244925900495113,0.0,21.07663305128662,0.0
2014-04-03 03:35:00,20.8698599624,0.0,18.787485122680664,0,0.6355472460674809,0.0,21.07663305128662,0.0
2014-04-03 03:40:00,19.901902860899998,0.0,19.661422729492188,0,1.0810686988756588,0.0,21.07663305128662,0.0
2014-04-03 03:45:00,21.396392079800002,0.0,17.591554641723633,0,0.5847666556640867,0.0,21.07663305128662,0.0
2014-04-03 03:50:00,19.533588564200002,0.0,20.197208404541016,0,0.8223575586882816,0.0,21.07663305128662,0.0
2014-04-03 03:55:00,18.673114354000003,0.0,17.877901077270508,0,0.8120008382379389,0.0,21.07663305128662,0.0
2014-04-03 04:00:00,21.3457687699,0.0,19.035932540893555,0,0.6511056428642088,0.0,21.07663305128662,0.0
2014-04-03 04:05:00,20.1956385266,0.0,19.455625534057614,0,0.9466883480191655,0.0,21.07663305128662,0.0
2014-04-03 04:10:00,18.756783169600002,0.0,18.84862327575684,0,0.5564759415436042,0.0,21.07663305128662,0.0
2014-04-03 04:15:00,20.881535994300002,0.0,18.00730323791504,0,0.48500347477058225,0.0,21.07663305128662,0.0
2014-04-03 04:20:00,20.044454554,0.0,19.992416381835934,0,0.7519902605113291,0.0,21.07663305128662,0.0
2014-04-03 04:25:00,20.417251929000003,0.0,17.998851776123047,0,0.31531135187654025,0.0,21.07663305128662,0.0
2014-04-03 04:30:00,19.8435933528,0.0,18.742389678955078,0,0.5251097469183614,0.0,21.07663305128662,0.0
2014-04-03 04:35:00,21.3148359353,0.0,19.2066707611084,0,0.7871314657793715,0.0,21.07663305128662,0.0
2014-04-03 04:40:00,21.3182508627,0.0,19.50567626953125,0,0.6913730180052013,0.0,21.07663305128662,0.0
2014-04-03 04:45:00,20.8375552873,0.0,19.57026481628418,0,0.9300429492602786,0.0,21.07663305128662,0.0
2014-04-03 04:50:00,18.4216055096,0.0,19.097957611083984,0,0.7861542390276366,0.0,21.07663305128662,0.0
2014-04-03 04:55:00,21.3554154476,0.0,18.004980087280273,0,0.7330477924825196,0.0,21.07663305128662,0.0
2014-04-03 05:00:00,20.6840519221,0.0,20.21909713745117,0,0.8883315657485351,0.0,21.07663305128662,0.0
2014-04-03 05:05:00,20.788096664,0.0,18.42661666870117,0,0.49519263620214904,0.0,21.07663305128662,0.0
2014-04-03 05:10:00,19.4519313616,0.0,19.497509002685547,0,0.6319663267375257,0.0,21.07663305128662,0.0
2014-04-03 05:15:00,21.5171182246,0.0,18.74117851257324,0,0.681910250687721,0.0,21.07663305128662,0.0
2014-04-03 05:20:00,20.901486400899998,0.0,19.829517364501953,0,0.6100982946511007,0.0,21.07663305128662,0.0
2014-04-03 05:25:00,18.4503618661,0.0,18.775876998901367,0,0.7346725477384042,0.0,21.07663305128662,0.0
2014-04-03 05:30:00,19.6311121376,0.0,18.182331085205078,0,0.480176939926221,0.0,21.07663305128662,0.0
2014-04-03 05:35:00,21.545521447800002,0.0,19.457149505615234,0,0.7027756167026369,0.0,21.07663305128662,0.0
2014-04-03 05:40:00,18.1887868068,0.0,19.36907196044922,0,0.4909811905329833,0.0,21.07663305128662,0.0
2014-04-03 05:45:00,21.845666478600002,0.0,17.566349029541016,0,0.5045207051893801,0.0,21.07663305128662,0.0
2014-04-03 05:50:00,20.7166502733,0.0,20.22455406188965,0,1.0876185497560549,0.0,21.07663305128662,0.0
2014-04-03 05:55:00,20.525503910599998,0.0,18.86579704284668,0,0.7505379376517096,0.0,21.07663305128662,0.0
2014-04-03 06:00:00,19.082237025999998,0.0,19.11515045166016,0,0.6969548033477784,0.0,21.07663305128662,0.0
2014-04-03 06:05:00,18.995167155,0.0,18.854272842407227,0,0.665214614749146,0.0,21.07663305128662,0.0
2014-04-03 06:10:00,21.768232878000003,0.0,18.591503143310547,0,0.1479117226908695,0.0,21.07663305128662,0.0
2014-04-03 06:15:00,19.1930898169,0.0,19.597068786621094,0,0.6262805425869638,0.0,21.07663305128662,0.0
2014-04-03 06:20:00,21.1020211869,0.0,18.14700126647949,0,0.39407685138029924,0.0,21.07663305128662,0.0
2014-04-03 06:25:00,19.5724871928,0.0,19.62452507019043,0,0.7593401632253429,0.0,21.07663305128662,0.0
2014-04-03 06:30:00,18.5570162831,0.0,18.331113815307614,0,0.7695414061163826,0.0,21.07663305128662,0.0
2014-04-03 06:35:00,18.0428611908,0.0,18.593265533447266,0,0.400687997754249,0.0,21.07663305128662,0.0
2014-04-03 06:40:00,20.1770293481,0.0,17.326457977294922,0,0.4729205760313242,0.0,21.07663305128662,0.0
2014-04-03 06:45:00,21.9031152742,0.0,19.70542526245117,0,0.459864507329395,0.0,21.07663305128662,0.0
2014-04-03 06:50:00,19.4765447752,0.0,18.802637100219727,0,0.45598112863029927,0.0,21.07663305128662,0.0
2014-04-03 06:55:00,19.428769336,0.0,18.69200325012207,0,0.5762511660662852,0.0,21.07663305128662,0.0
2014-04-03 07:00:00,19.3763664714,0.0,18.674997329711914,0,0.8073668929265141,0.0,21.07663305128662,0.0
2014-04-03 07:05:00,20.0821753492,0.0,18.188098907470703,0,0.5387166142868902,0.0,21.07663305128662,0.0
2014-04-03 07:10:00,19.7626595337,0.0,19.267547607421875,0,0.5007649180344482,0.0,21.07663305128662,0.0
2014-04-03 07:15:00,21.5196585069,0.0,18.0765380859375,0,0.47841544944667946,0.0,21.07663305128662,0.0
2014-04-03 07:20:00,20.0220831669,0.0,20.64157485961914,0,0.816709741332251,0.0,21.07663305128662,0.0
2014-04-03 07:25:00,20.0310313528,0.0,17.930299758911133,0,0.6966106444712401,0.0,21.07663305128662,0.0
2014-04-03 07:30:00,18.5534863789,0.0,19.045242309570312,0,0.7224425384911863,0.0,21.07663305128662,0.0
2014-04-03 07:35:00,21.9309581636,0.0,17.62490463256836,0,0.7235122713949953,0.0,21.07663305128662,0.0
2014-04-03 07:40:00,18.9998915635,0.0,20.269641876220703,0,0.8313789101536377,0.0,21.07663305128662,0.0
2014-04-03 07:45:00,18.2934562698,0.0,18.17193031311035,0,0.8065169838738524,0.0,21.07663305128662,0.0
2014-04-03 07:50:00,20.6525849959,0.0,18.41958999633789,0,0.5038926464325684,0.0,21.07663305128662,0.0
2014-04-03 07:55:00,20.3814654806,0.0,19.104961395263672,0,0.9912906000005126,0.0,21.07663305128662,0.0
2014-04-03 08:00:00,19.660582616,0.0,17.969097137451172,0,0.5426922102401122,0.0,21.07663305128662,0.0
2014-04-03 08:05:00,19.6887689355,0.0,18.54570770263672,0,0.5954091059686277,0.0,21.07663305128662,0.0
2014-04-03 08:10:00,21.1402556842,0.0,19.090274810791016,0,0.7930057245388182,0.0,21.07663305128662,0.0
2014-04-03 08:15:00,18.7828505604,0.0,19.81168365478516,0,0.7701289587696776,0.0,21.07663305128662,0.0
2014-04-03 08:20:00,21.2810132758,0.0,17.590007781982422,0,0.7202824550526365,0.0,21.07663305128662,0.0
2014-04-03 08:25:00,20.5949884556,0.0,20.170259475708008,0,0.9737457468987305,0.0,21.07663305128662,0.0
2014-04-03 08:30:00,19.6758790951,0.0,18.108606338500977,0,0.7258924407744631,0.0,21.07663305128662,0.0
2014-04-03 08:35:00,19.832114466300002,0.0,19.439849853515625,0,0.6655539261732182,0.0,21.07663305128662,0.0
2014-04-03 08:40:00,19.0265888287,0.0,18.58962631225586,0,0.7594089803866213,0.0,21.07663305128662,0.0
2014-04-03 08:45:00,21.0084573308,0.0,18.328744888305664,0,0.3526536082149416,0.0,21.07663305128662,0.0
2014-04-03 08:50:00,20.0514989692,0.0,19.29843139648437,0,0.6345265410402345,0.0,21.07663305128662,0.0
2014-04-03 08:55:00,19.283418170999997,0.0,18.469844818115234,0,0.4987705720817637,0.0,21.07663305128662,0.0
2014-04-03 09:00:00,69.3062815743,0.0,18.823734283447266,0,0.5514341645943119,0.0,21.07663305128662,0.0
2014-04-03 09:05:00,74.7419885479,0.0,53.40190124511719,0,6.841112582368433,0.0,21.07663305128662,0.0
2014-04-03 09:10:00,67.1195670033,0.0,59.3493766784668,0,4.908849055639843,0.0,21.07663305128662,0.0
2014-04-03 09:15:00,73.7214030506,0.0,62.24207305908203,0,5.042554970485839,0.0,21.07663305128662,0.0
2014-04-03 09:20:00,65.892229023,0.0,70.11846923828125,0,11.38401936374834,0.0,21.07663305128662,0.0
2014-04-03 09:25:00,61.9443648142,0.0,64.97062683105469,0,5.227118199929249,0.0,21.07663305128662,0.0
2014-04-03 09:30:00,63.9776926466,0.0,59.128761291503906,0,2.524810286271242,0.0,21.07663305128662,0.0
2014-04-03 09:35:00,66.89425394930001,0.0,64.8857421875,0,2.9475954473437502,0.0,21.07663305128662,0.0
2014-04-03 09:40:00,64.1870350289,0.0,63.713783264160156,0,1.3600009040778334,0.0,21.07663305128662,0.0
2014-04-03 09:45:00,61.203087719799996,0.0,60.26545715332031,0,1.1539598258738293,0.0,21.07663305128662,0.0
2014-04-03 09:50:00,73.6440209134,0.0,59.11007308959961,0,1.0335406810144532,0.0,21.07663305128662,0.0
2014-04-03 09:55:00,72.6767599927,0.0,62.34038543701172,0,2.2441677396024904,0.0,21.07663305128662,0.0
2014-04-03 10:00:00,81.36037543270001,0.0,73.150634765625,0,3.142988374187059,0.0,21.07663305128662,0.0
2014-04-03 10:05:00,72.4444825244,0.0,74.78450012207031,0,1.6681180627083503,0.0,21.07663305128662,0.0
2014-04-03 10:10:00,71.7080427028,0.0,74.46856689453125,0,4.28251125758921,0.0,21.07663305128662,0.0
2014-04-03 10:15:00,70.88922571180001,0.0,71.586669921875,0,2.7713416501381847,0.0,21.07663305128662,0.0
2014-04-03 10:20:00,81.0769330098,0.0,67.40947723388672,0,1.6740824532345702,0.0,21.07663305128662,0.0
2014-04-03 10:25:00,84.2550995499,0.0,73.20249938964844,0,2.356296841839354,0.0,21.07663305128662,0.0
2014-04-03 10:30:00,76.52191594060001,0.0,74.1775131225586,0,3.1610849038715827,0.0,21.07663305128662,0.0
2014-04-03 10:35:00,71.68906322939999,0.0,78.09062194824219,0,3.059201944190333,0.0,21.07663305128662,0.0
2014-04-03 10:40:00,77.7923365778,0.0,71.17828369140625,0,4.183252184131057,0.0,21.07663305128662,0.0
2014-04-03 10:45:00,75.2538712038,0.0,69.23355102539061,0,2.7613176762903304,0.0,21.07663305128662,0.0
2014-04-03 10:50:00,75.6572828259,0.0,71.5399398803711,0,1.9033807215556688,0.0,21.07663305128662,0.0
2014-04-03 10:55:00,79.4830512869,0.0,70.54977416992188,0,2.614136840702054,0.0,21.07663305128662,0.0
2014-04-03 11:00:00,82.9984928733,0.0,75.59487915039062,0,3.2106241409137706,0.0,21.07663305128662,0.0
2014-04-03 11:05:00,73.32703963649999,0.0,72.13291931152344,0,3.2240672588305674,0.0,21.07663305128662,0.0
2014-04-03 11:10:00,72.1340270307,0.0,72.25999450683594,0,2.706044263799118,0.0,21.07663305128662,0.0
2014-04-03 11:15:00,87.3818291339,0.0,70.63361358642578,0,2.2071223301249976,0.0,21.07663305128662,0.0
2014-04-03 11:20:00,75.26931166119998,0.0,74.95558166503906,0,3.18398963393701,0.0,21.07663305128662,0.0
2014-04-03 11:25:00,72.4241206681,0.0,76.3006820678711,0,1.94505983880107,0.0,21.07663305128662,0.0
2014-04-03 11:30:00,74.5877772339,0.0,73.28284454345703,0,2.2803649731503874,0.0,21.07663305128662,0.0
2014-04-03 11:35:00,72.1875855883,0.0,72.25582885742188,0,2.5321215645132806,0.0,21.07663305128662,0.0
2014-04-03 11:40:00,77.799360468,0.0,70.11698913574219,0,0.4471250297192384,0.0,21.07663305128662,0.0
2014-04-03 11:45:00,84.3293979799,0.0,71.27076721191406,0,1.6165135864492193,0.0,21.07663305128662,0.0
2014-04-03 11:50:00,76.9951517289,0.0,76.59768676757812,0,2.7642722574760743,0.0,21.07663305128662,0.0
2014-04-03 11:55:00,78.632292903,0.0,75.36430358886719,0,1.5483134965164052,0.0,21.07663305128662,0.0
2014-04-03 12:00:00,82.710017111,0.0,76.08180236816406,0,3.050807046962305,0.0,21.07663305128662,0.0
2014-04-03 12:05:00,80.046134355,0.0,74.59337615966797,0,2.91903747328457,0.0,21.07663305128662,0.0
2014-04-03 12:10:00,85.6801912192,0.0,73.91963195800781,0,1.9683034017028334,0.0,21.07663305128662,0.0
2014-04-03 12:15:00,85.7535429158,0.0,79.27567291259766,0,3.3886901891866223,0.0,21.07663305128662,0.0
2014-04-03 12:20:00,72.0719808425,0.0,77.74140930175781,0,3.7899252753203125,0.0,21.07663305128662,0.0
2014-04-03 12:25:00,84.3474024146,0.0,75.37699127197266,0,3.6700769898730474,0.0,21.07663305128662,0.0
2014-04-03 12:30:00,79.2764915187,0.0,74.74604797363281,0,4.10978360828496,0.0,21.07663305128662,0.0
2014-04-03 12:35:00,87.7160629225,0.0,75.15522766113281,0,3.2060191437693355,0.0,21.07663305128662,0.0
2014-04-03 12:40:00,79.6360351582,0.0,76.53730773925781,0,3.9663898010399414,0.0,21.07663305128662,0.0
2014-04-03 12:45:00,87.6849867241,0.0,79.11018371582031,0,3.645052171000488,0.0,21.07663305128662,0.0
2014-04-03 12:50:00,83.9722220476,0.0,78.34539031982422,0,3.5956011542070314,0.0,21.07663305128662,0.0
2014-04-03 12:55:00,75.88650494,0.0,76.34410858154297,0,3.7326496770456057,0.0,21.07663305128662,0.0
2014-04-03 13:00:00,80.5949722319,0.0,77.54864501953125,0,2.219745724567579,0.0,21.07663305128662,0.0
2014-04-03 13:05:00,87.8530804308,0.0,75.939453125,0,2.213195698745899,0.0,21.07663305128662,0.0
2014-04-03 13:10:00,85.6999168065,0.0,79.15438842773438,0,2.630548735935939,0.0,21.07663305128662,0.0
2014-04-03 13:15:00,73.5402164118,0.0,79.04472351074219,0,2.3571870115088895,0.0,21.07663305128662,0.0
2014-04-03 13:20:00,83.2819594805,0.0,75.62413787841797,0,3.3762487494845708,0.0,21.07663305128662,0.0
2014-04-03 13:25:00,77.5106663483,0.0,78.66073608398438,0,3.9526855481987315,0.0,21.07663305128662,0.0
2014-04-03 13:30:00,72.0944093782,0.0,73.7502212524414,0,2.4154837066290042,0.0,21.07663305128662,0.0
2014-04-03 13:35:00,78.4368661375,0.0,77.25962829589844,0,1.8042691435634772,0.0,21.07663305128662,0.0
2014-04-03 13:40:00,75.73788929060001,0.0,73.82101440429688,0,1.4551176317011727,0.0,21.07663305128662,0.0
2014-04-03 13:45:00,85.08148387029999,0.0,76.67633056640625,0,0.7374992922288097,0.0,21.07663305128662,0.0
2014-04-03 13:50:00,77.37871439199999,0.0,74.28160858154297,0,1.6443847382549812,0.0,21.07663305128662,0.0
2014-04-03 13:55:00,85.2199214123,0.0,75.75796508789062,0,1.8245464802819331,0.0,21.07663305128662,0.0
2014-04-03 14:00:00,72.0061105621,0.0,77.94551086425781,0,2.8601362906329086,0.0,21.07663305128662,0.0
2014-04-03 14:05:00,76.9214139953,0.0,75.62593078613281,0,3.2921024085825152,0.0,21.07663305128662,0.0
2014-04-03 14:10:00,75.855002214,0.0,77.64602661132812,0,2.113446136976071,0.0,21.07663305128662,0.0
2014-04-03 14:15:00,75.7334423974,0.0,71.78335571289062,0,2.0322504430441395,0.0,21.07663305128662,0.0
2014-04-03 14:20:00,73.0874775489,0.0,75.99652099609375,0,1.616709960102538,0.0,21.07663305128662,0.0
2014-04-03 14:25:00,74.9903886151,0.0,71.16639709472656,0,0.9562880167707029,0.0,21.07663305128662,0.0
2014-04-03 14:30:00,80.8849104561,0.0,73.37559509277344,0,1.2297317935791021,0.0,21.07663305128662,0.0
2014-04-03 14:35:00,76.6580974001,0.0,73.99183654785156,0,1.9072943278787111,0.0,21.07663305128662,0.0
2014-04-03 14:40:00,78.6745399581,0.0,73.59310913085938,0,1.9595160341232436,0.0,21.07663305128662,0.0
2014-04-03 14:45:00,78.0261246518,0.0,77.38131713867188,0,2.3851248203986337,0.0,21.07663305128662,0.0
2014-04-03 14:50:00,86.010350105,0.0,72.98924255371094,0,1.897324352171486,0.0,21.07663305128662,0.0
2014-04-03 14:55:00,86.4806327145,0.0,78.37413024902344,0,2.5862983756667983,0.0,21.07663305128662,0.0
2014-04-03 15:00:00,79.8865446283,0.0,74.42381286621094,0,3.3132303449888685,0.0,21.07663305128662,0.0
2014-04-03 15:05:00,77.28175329310001,0.0,79.14625549316406,0,3.3608929618449235,0.0,21.07663305128662,0.0
2014-04-03 15:10:00,73.7081036594,0.0,75.78376770019531,0,3.4203083778744148,0.0,21.07663305128662,0.0
2014-04-03 15:15:00,87.2536084274,0.0,74.74531555175781,0,2.0521279390626965,0.0,21.07663305128662,0.0
2014-04-03 15:20:00,72.9629306675,0.0,74.49105072021484,0,2.6558139072662126,0.0,21.07663305128662,0.0
2014-04-03 15:25:00,76.761667522,0.0,73.83123779296875,0,2.247072396152049,0.0,21.07663305128662,0.0
2014-04-03 15:30:00,76.7683222358,0.0,75.95584106445312,0,2.3803133372729484,0.0,21.07663305128662,0.0
2014-04-03 15:35:00,77.1256801646,0.0,72.52284240722656,0,2.0653784603399394,0.0,21.07663305128662,0.0
2014-04-03 15:40:00,74.6278730579,0.0,74.2535400390625,0,1.077196570556346,0.0,21.07663305128662,0.0
2014-04-03 15:45:00,84.5297714012,0.0,71.46476745605469,0,0.9240142087544925,0.0,21.07663305128662,0.0
2014-04-03 15:50:00,73.9592557758,0.0,77.85118103027344,0,2.19083598576875,0.0,21.07663305128662,0.0
2014-04-03 15:55:00,82.1577178248,0.0,74.72370910644531,0,2.338849000432031,0.0,21.07663305128662,0.0
2014-04-03 16:00:00,73.9813943827,0.0,75.73606872558594,0,2.301811380076172,0.0,21.07663305128662,0.0
2014-04-03 16:05:00,73.1284297946,0.0,74.59757995605469,0,2.795377265756054,0.0,21.07663305128662,0.0
2014-04-03 16:10:00,86.55070588129999,0.0,71.31817626953125,0,1.520575159635742,0.0,21.07663305128662,0.0
2014-04-03 16:15:00,75.04191618029999,0.0,77.55315399169922,0,3.236295354308007,0.0,21.07663305128662,0.0
2014-04-03 16:20:00,85.1398390042,0.0,74.37598419189453,0,1.9612378927886702,0.0,21.07663305128662,0.0
2014-04-03 16:25:00,80.7139389667,0.0,76.89149475097656,0,2.963342797104392,0.0,21.07663305128662,0.0
2014-04-03 16:30:00,73.245563682,0.0,76.22897338867188,0,3.8100609850650375,0.0,21.07663305128662,0.0
2014-04-03 16:35:00,87.2870034716,0.0,74.49170684814453,0,2.27892099692793,0.0,21.07663305128662,0.0
2014-04-03 16:40:00,75.95123284520001,0.0,74.15203857421875,0,3.7956256697695316,0.0,21.07663305128662,0.0
2014-04-03 16:45:00,85.7541608773,0.0,78.64222717285156,0,2.6403255341700227,0.0,21.07663305128662,0.0
2014-04-03 16:50:00,74.7008166667,0.0,74.0481185913086,0,2.947966511985449,0.0,21.07663305128662,0.0
2014-04-03 16:55:00,85.6629216411,0.0,77.60539245605469,0,2.794890334284572,0.0,21.07663305128662,0.0
2014-04-03 17:00:00,72.21163327720001,0.0,74.60855102539062,0,2.202669404483302,0.0,21.07663305128662,0.0
2014-04-03 17:05:00,80.1884565127,0.0,72.66427612304688,0,2.2773848391344718,0.0,21.07663305128662,0.0
2014-04-03 17:10:00,84.3110488953,0.0,78.45101928710938,0,2.3289156747850583,0.0,21.07663305128662,0.0
2014-04-03 17:15:00,86.95669488850002,0.0,73.15150451660156,0,2.3130695766080063,0.0,21.07663305128662,0.0
2014-04-03 17:20:00,86.5472009452,0.0,81.21623229980469,0,3.03152722496465,0.0,21.07663305128662,0.0
2014-04-03 17:25:00,85.113965229,0.0,76.46534729003906,0,3.8081021801160198,0.0,21.07663305128662,0.0
2014-04-03 17:30:00,86.21102848950001,0.0,79.495849609375,0,4.205600820555668,0.0,21.07663305128662,0.0
2014-04-03 17:35:00,75.1874861014,0.0,80.35888671875,0,4.312494479547466,0.0,21.07663305128662,0.0
2014-04-03 17:40:00,76.5469193374,0.0,75.35124206542969,0,3.1226403847812527,0.0,21.07663305128662,0.0
2014-04-03 17:45:00,76.62346697529999,0.0,80.00617980957031,0,2.684788570666994,0.0,21.07663305128662,0.0
2014-04-03 17:50:00,78.03283293140001,0.0,71.52821350097656,0,2.0581212004644556,0.0,21.07663305128662,0.0
2014-04-03 17:55:00,78.2931006616,0.0,77.75910949707031,0,2.014658638473046,0.0,21.07663305128662,0.0
2014-04-03 18:00:00,32.285147879,0.0,71.77146911621094,0,1.3101697724279298,0.0,21.07663305128662,0.0
2014-04-03 18:05:00,29.823224759499997,0.0,49.49386978149414,0,6.096500268083008,0.0,21.07663305128662,0.0
2014-04-03 18:10:00,33.2239722692,0.0,41.10650634765625,0,6.27241766682881,0.0,21.07663305128662,0.0
2014-04-03 18:15:00,29.872420116,0.0,40.13676452636719,0,5.4287700348781724,0.0,21.07663305128662,0.0
2014-04-03 18:20:00,30.7859683746,0.0,33.26515579223633,0,9.662980593503566,0.0,21.07663305128662,0.0
2014-04-03 18:25:00,32.02140268780001,0.0,33.28312301635742,0,5.037088866056738,0.0,21.07663305128662,0.0
2014-04-03 18:30:00,33.8972130855,0.0,37.80497741699219,0,2.735973279377147,0.0,21.07663305128662,0.0
2014-04-03 18:35:00,33.5325966545,0.0,30.18747711181641,0,2.239127061006639,0.0,21.07663305128662,0.0
2014-04-03 18:40:00,32.9314135582,0.0,34.523605346679695,0,1.3742239525461892,0.0,21.07663305128662,0.0
2014-04-03 18:45:00,29.796943146700002,0.0,34.91843414306641,0,1.26334949890161,0.0,21.07663305128662,0.0
2014-04-03 18:50:00,32.30108401010001,0.0,33.241073608398445,0,1.7458208323777353,0.0,21.07663305128662,0.0
2014-04-03 18:55:00,29.359651974499997,0.0,36.51005554199219,0,1.3019682292031276,0.0,21.07663305128662,0.0
2014-04-03 19:00:00,21.8505858334,0.0,22.36505889892578,0,1.8505094938295912,0.0,21.07663305128662,0.0
2014-04-03 19:05:00,22.012552848200002,0.0,22.64575958251953,0,1.7157946534603519,0.0,21.07663305128662,0.0
2014-04-03 19:10:00,20.338354133,0.0,21.04010581970215,0,1.1547591207044916,0.0,21.07663305128662,0.0
2014-04-03 19:15:00,21.3874655124,0.0,21.952322006225586,0,1.1249793817549563,0.0,21.07663305128662,0.0
2014-04-03 19:20:00,24.4413082726,0.0,21.3430233001709,0,0.3017859975466308,0.0,21.07663305128662,0.0
2014-04-03 19:25:00,24.432272742800002,0.0,19.811485290527344,0,0.624762485909546,0.0,21.07663305128662,0.0
2014-04-03 19:30:00,21.7384240105,0.0,19.308256149291992,0,1.1232100756536871,0.0,21.07663305128662,0.0
2014-04-03 19:35:00,20.3530873716,0.0,16.128339767456055,0,1.2857875985355234,0.0,21.07663305128662,0.0
2014-04-03 19:40:00,20.9623441783,0.0,19.106952667236328,0,1.54926450411399,0.0,21.07663305128662,0.0
2014-04-03 19:45:00,21.9171345123,0.0,18.568113327026367,0,1.6413868035860357,0.0,21.07663305128662,0.0
2014-04-03 19:50:00,24.406051708099998,0.0,19.6396541595459,0,1.4824160202111574,0.0,21.07663305128662,0.0
2014-04-03 19:55:00,20.792570664,0.0,20.89735221862793,0,1.7744447311294187,0.0,21.07663305128662,0.0
2014-04-03 20:00:00,21.559360636999997,0.0,18.30699920654297,0,1.2594489749399167,0.0,21.07663305128662,0.0
2014-04-03 20:05:00,18.8771634548,0.0,19.92184829711914,0,1.4340702148640863,0.0,21.07663305128662,0.0
2014-04-03 20:10:00,22.451230767600002,0.0,17.345199584960938,0,0.8935045765162837,0.0,21.07663305128662,0.0
2014-04-03 20:15:00,19.9951009404,0.0,20.53326988220215,0,0.9359587807769043,0.0,21.07663305128662,0.0
2014-04-03 20:20:00,21.607360412,0.0,18.445919036865234,0,1.0356424962269042,0.0,21.07663305128662,0.0
2014-04-03 20:25:00,19.8352528372,0.0,20.761898040771484,0,1.024277489311621,0.0,21.07663305128662,0.0
2014-04-03 20:30:00,21.0029314688,0.0,17.855348587036133,0,1.1206862003469973,0.0,21.07663305128662,0.0
2014-04-03 20:35:00,19.2184976525,0.0,18.805200576782227,0,0.7987761977158931,0.0,21.07663305128662,0.0
2014-04-03 20:40:00,19.0301018667,0.0,17.672767639160156,0,0.7631957684895512,0.0,21.07663305128662,0.0
2014-04-03 20:45:00,22.2743104484,0.0,18.993335723876953,0,0.5141329018151861,0.0,21.07663305128662,0.0
2014-04-03 20:50:00,22.190682984000002,0.0,20.790122985839844,0,1.024898613693067,0.0,21.07663305128662,0.0
2014-04-03 20:55:00,22.067072514299998,0.0,19.17791557312012,0,0.5865181133501229,0.0,21.07663305128662,0.0
2014-04-03 21:00:00,20.6001420725,0.0,20.16050910949707,0,0.8960005965328857,0.0,21.07663305128662,0.0
2014-04-03 21:05:00,21.3349915423,0.0,18.454959869384766,0,0.9775429641907709,0.0,21.07663305128662,0.0
2014-04-03 21:10:00,18.3638732119,0.0,20.600982666015625,0,0.9274250827397941,0.0,21.07663305128662,0.0
2014-04-03 21:15:00,19.431984069600002,0.0,17.530475616455078,0,0.8539335560732657,0.0,21.07663305128662,0.0
2014-04-03 21:20:00,19.347235551700003,0.0,19.944995880126953,0,0.5969636378563963,0.0,21.07663305128662,0.0
2014-04-03 21:25:00,20.6411856275,0.0,17.801101684570312,0,0.6947762854498039,0.0,21.07663305128662,0.0
2014-04-03 21:30:00,19.5170654354,0.0,19.16744613647461,0,0.8776703914305171,0.0,21.07663305128662,0.0
2014-04-03 21:35:00,18.683278411099998,0.0,17.8516788482666,0,0.6576301973374998,0.0,21.07663305128662,0.0
2014-04-03 21:40:00,20.4837204194,0.0,18.201759338378906,0,0.48997806690808066,0.0,21.07663305128662,0.0
2014-04-03 21:45:00,21.3595718017,0.0,19.522972106933594,0,0.7879079857136961,0.0,21.07663305128662,0.0
2014-04-03 21:50:00,19.622230700899998,0.0,19.19270896911621,0,0.5575107427140864,0.0,21.07663305128662,0.0
2014-04-03 21:55:00,18.6180143742,0.0,19.008363723754886,0,0.567498546821386,0.0,21.07663305128662,0.0
2014-04-03 22:00:00,18.8047880627,0.0,18.3254508972168,0,0.6173039821407715,0.0,21.07663305128662,0.0
2014-04-03 22:05:00,18.9681251473,0.0,18.653610229492188,0,0.39197599269853445,0.0,21.07663305128662,0.0
2014-04-03 22:10:00,19.2180219693,0.0,17.400197982788086,0,0.19726591366718704,0.0,21.07663305128662,0.0
2014-04-03 22:15:00,20.590928605,0.0,18.540603637695312,0,0.370803695508203,0.0,21.07663305128662,0.0
2014-04-03 22:20:00,20.4233695588,0.0,19.070972442626953,0,0.5827501296384514,0.0,21.07663305128662,0.0
2014-04-03 22:25:00,20.8042723827,0.0,19.020832061767575,0,0.6661707996429445,0.0,21.07663305128662,0.0
2014-04-03 22:30:00,19.468679936199997,0.0,19.102237701416016,0,0.8754982988652591,0.0,21.07663305128662,0.0
2014-04-03 22:35:00,21.316434748,0.0,18.162940979003906,0,0.6940755798992675,0.0,21.07663305128662,0.0
2014-04-03 22:40:00,18.834414332,0.0,19.88181495666504,0,0.8319716801106933,0.0,21.07663305128662,0.0
2014-04-03 22:45:00,19.8952440968,0.0,17.965160369873047,0,0.7422052411140618,0.0,21.07663305128662,0.0
2014-04-03 22:50:00,21.2241104804,0.0,19.427692413330078,0,0.6494531876782466,0.0,21.07663305128662,0.0
2014-04-03 22:55:00,18.7386063909,0.0,18.93082046508789,0,0.916764763290991,0.0,21.07663305128662,0.0
2014-04-03 23:00:00,18.442992828,0.0,17.764074325561523,0,0.5072339257724852,0.0,21.07663305128662,0.0
2014-04-03 23:05:00,21.5388705379,0.0,18.176610946655273,0,0.5747042963279054,0.0,21.07663305128662,0.0
2014-04-03 23:10:00,19.375438019100002,0.0,19.74332427978516,0,0.7537262793676271,0.0,21.07663305128662,0.0
2014-04-03 23:15:00,20.7394617099,0.0,17.90445327758789,0,0.41261837209638674,0.0,21.07663305128662,0.0
2014-04-03 23:20:00,18.104869883,0.0,19.582263946533203,0,0.7429676668619138,0.0,21.07663305128662,0.0
2014-04-03 23:25:00,20.7641735076,0.0,17.93634796142578,0,0.8005117438737543,0.0,21.07663305128662,0.0
2014-04-03 23:30:00,19.2681040101,0.0,19.162078857421875,0,0.6967719254316398,0.0,21.07663305128662,0.0
2014-04-03 23:35:00,18.2264622215,0.0,18.040138244628906,0,0.7068894750179195,0.0,21.07663305128662,0.0
2014-04-03 23:40:00,20.4431753804,0.0,18.0515251159668,0,0.4425449706043456,0.0,21.07663305128662,0.0
2014-04-03 23:45:00,18.9668561998,0.0,19.19505882263184,0,0.6889781175195795,0.0,21.07663305128662,0.0
2014-04-03 23:50:00,19.5509820342,0.0,18.181934356689453,0,0.24295067696030248,0.0,21.07663305128662,0.0
2014-04-03 23:55:00,18.3258411334,0.0,18.310522079467773,0,0.40082849256435527,0.0,21.07663305128662,0.0
2014-04-04 00:00:00,18.5886530044,0.0,17.74683380126953,0,0.391875241184497,0.0,21.07663305128662,0.0
2014-04-04 00:05:00,19.191908942,0.0,18.438770294189453,0,0.19814635852165585,0.0,21.07663305128662,0.0
2014-04-04 00:10:00,18.359038002200002,0.0,17.743629455566406,0,0.35829942769929257,0.0,21.07663305128662,0.0
2014-04-04 00:15:00,21.643305058699998,0.0,18.318408966064453,0,0.2640945363396736,0.0,21.07663305128662,0.0
2014-04-04 00:20:00,18.0241881727,0.0,18.9356689453125,0,0.6919078112762698,0.0,21.07663305128662,0.0
2014-04-04 00:25:00,19.9354408755,0.0,17.709272384643555,0,0.6285366395724612,0.0,21.07663305128662,0.0
2014-04-04 00:30:00,18.4929898325,0.0,19.02802276611328,0,0.7380947468836916,0.0,21.07663305128662,0.0
2014-04-04 00:35:00,19.2307163579,0.0,17.391660690307614,0,0.7422048997071529,0.0,21.07663305128662,0.0
2014-04-04 00:40:00,21.704238239299997,0.0,18.994537353515625,0,0.5634879089076663,0.0,21.07663305128662,0.0
2014-04-04 00:45:00,18.6467782131,0.0,18.79449844360352,0,0.8510513071038575,0.0,21.07663305128662,0.0
2014-04-04 00:50:00,21.8633292789,0.0,18.29852867126465,0,0.5912452745597419,0.0,21.07663305128662,0.0
2014-04-04 00:55:00,18.823177508,0.0,19.68990135192871,0,1.0326596739394538,0.0,21.07663305128662,0.0
2014-04-04 01:00:00,20.9662644339,0.0,17.715286254882812,0,0.7807278036279053,0.0,21.07663305128662,0.0
2014-04-04 01:05:00,20.186709059600002,0.0,19.76376724243164,0,0.8483874652820074,0.0,21.07663305128662,0.0
2014-04-04 01:10:00,21.5379149104,0.0,17.942768096923828,0,0.8956068391647465,0.0,21.07663305128662,0.0
2014-04-04 01:15:00,20.215973022,0.0,20.87273979187012,0,0.8994001148948492,0.0,21.07663305128662,0.0
2014-04-04 01:20:00,20.1382368766,0.0,17.60501480102539,0,0.9049753559077156,0.0,21.07663305128662,0.0
2014-04-04 01:25:00,18.7818320015,0.0,19.882604598999023,0,0.8152558429773933,0.0,21.07663305128662,0.0
2014-04-04 01:30:00,18.6649174482,0.0,17.317008972167972,0,0.9080007870737559,0.0,21.07663305128662,0.0
2014-04-04 01:35:00,21.6659566045,0.0,18.42331314086914,0,0.6270959948932378,0.0,21.07663305128662,0.0
2014-04-04 01:40:00,19.3113527954,0.0,20.030914306640625,0,0.9672406441836667,0.0,21.07663305128662,0.0
2014-04-04 01:45:00,19.4883290199,0.0,17.342439651489258,0,0.6306111487452388,0.0,21.07663305128662,0.0
2014-04-04 01:50:00,21.0392946337,0.0,19.815670013427734,0,0.7612507451092037,0.0,21.07663305128662,0.0
2014-04-04 01:55:00,19.3552939297,0.0,18.347944259643555,0,0.9164648704443112,0.0,21.07663305128662,0.0
2014-04-04 02:00:00,21.808249786599998,0.0,18.707687377929688,0,0.6370531462475095,0.0,21.07663305128662,0.0
2014-04-04 02:05:00,20.951711076,0.0,19.660198211669922,0,0.9346782584262203,0.0,21.07663305128662,0.0
2014-04-04 02:10:00,20.3897169703,0.0,19.70165252685547,0,0.7897681601698969,0.0,21.07663305128662,0.0
2014-04-04 02:15:00,21.5235806422,0.0,19.19702911376953,0,0.7176413486682369,0.0,21.07663305128662,0.0
2014-04-04 02:20:00,18.1984236334,0.0,19.70438575744629,0,0.9258364056094233,0.0,21.07663305128662,0.0
2014-04-04 02:25:00,19.0282507688,0.0,17.857053756713867,0,0.7265113700314205,0.0,21.07663305128662,0.0
2014-04-04 02:30:00,19.8601453369,0.0,18.35354995727539,0,0.6515642591876221,0.0,21.07663305128662,0.0
2014-04-04 02:35:00,18.9079141579,0.0,19.217960357666016,0,0.7943974650390135,0.0,21.07663305128662,0.0
2014-04-04 02:40:00,20.9756207492,0.0,17.683626174926758,0,0.3930498865592287,0.0,21.07663305128662,0.0
2014-04-04 02:45:00,21.6768321242,0.0,19.407882690429688,0,0.7612654471104983,0.0,21.07663305128662,0.0
2014-04-04 02:50:00,19.6950804797,0.0,19.414817810058594,0,0.8597021318630618,0.0,21.07663305128662,0.0
2014-04-04 02:55:00,19.3685304004,0.0,18.03667640686035,0,0.705543653161548,0.0,21.07663305128662,0.0
2014-04-04 03:00:00,21.8462029286,0.0,19.458223342895508,0,0.8966325839030764,0.0,21.07663305128662,0.0
2014-04-04 03:05:00,19.7794097313,0.0,19.91341781616211,0,0.7836307103319826,0.0,21.07663305128662,0.0
2014-04-04 03:10:00,19.9561936018,0.0,18.303131103515625,0,0.4710753503720704,0.0,21.07663305128662,0.0
2014-04-04 03:15:00,19.4065994894,0.0,19.56612777709961,0,0.6426753289524414,0.0,21.07663305128662,0.0
2014-04-04 03:20:00,21.638193891999997,0.0,18.140300750732425,0,0.47847001622355956,0.0,21.07663305128662,0.0
2014-04-04 03:25:00,20.275821933099998,0.0,19.809898376464844,0,0.6172092106689444,0.0,21.07663305128662,0.0
2014-04-04 03:30:00,21.0486983487,0.0,18.220502853393555,0,0.6716385746027331,0.0,21.07663305128662,0.0
2014-04-04 03:35:00,21.2472268734,0.0,19.94708824157715,0,0.8185301992304921,0.0,21.07663305128662,0.0
2014-04-04 03:40:00,19.3673961677,0.0,19.54752349853516,0,1.0115188531290027,0.0,21.07663305128662,0.0
2014-04-04 03:45:00,19.7347773253,0.0,18.666717529296875,0,0.5967981268249511,0.0,21.07663305128662,0.0
2014-04-04 03:50:00,21.3938870976,0.0,18.87416648864746,0,0.6720651567459477,0.0,21.07663305128662,0.0
2014-04-04 03:55:00,19.4530214067,0.0,19.20185089111328,0,0.6335057959517094,0.0,21.07663305128662,0.0
2014-04-04 04:00:00,21.175740533800003,0.0,18.491485595703125,0,0.47875925846340284,0.0,21.07663305128662,0.0
2014-04-04 04:05:00,21.7639692903,0.0,19.77549362182617,0,0.8154007323299077,0.0,21.07663305128662,0.0
2014-04-04 04:10:00,20.492841492300002,0.0,19.755355834960934,0,0.8901436894979748,0.0,21.07663305128662,0.0
2014-04-04 04:15:00,20.9665091498,0.0,18.608448028564453,0,0.6673643205462909,0.0,21.07663305128662,0.0
2014-04-04 04:20:00,21.2203892482,0.0,20.052234649658203,0,0.9710346731431656,0.0,21.07663305128662,0.0
2014-04-04 04:25:00,21.3801585956,0.0,19.430591583251953,0,0.7815221306987805,0.0,21.07663305128662,0.0
2014-04-04 04:30:00,19.5802133514,0.0,19.66060447692871,0,0.7766585486830575,0.0,21.07663305128662,0.0
2014-04-04 04:35:00,18.2050538367,0.0,18.909425735473636,0,0.6355190699244875,0.0,21.07663305128662,0.0
2014-04-04 04:40:00,19.6075050849,0.0,18.11173248291016,0,0.4288079171167487,0.0,21.07663305128662,0.0
2014-04-04 04:45:00,20.6950249191,0.0,18.629993438720703,0,0.5287628298300295,0.0,21.07663305128662,0.0
2014-04-04 04:50:00,19.8014015431,0.0,18.953369140625,0,0.48588040272543864,0.0,21.07663305128662,0.0
2014-04-04 04:55:00,20.9958526034,0.0,18.33437728881836,0,0.5456116349615967,0.0,21.07663305128662,0.0
2014-04-04 05:00:00,19.4279297179,0.0,19.88170623779297,0,0.8837889749282222,0.0,21.07663305128662,0.0
2014-04-04 05:05:00,20.538976564400002,0.0,18.394289016723636,0,0.7435013778294919,0.0,21.07663305128662,0.0
2014-04-04 05:10:00,18.7456792194,0.0,19.254764556884766,0,0.7534583862416255,0.0,21.07663305128662,0.0
2014-04-04 05:15:00,20.9974777466,0.0,18.06783676147461,0,0.5791247126553465,0.0,21.07663305128662,0.0
2014-04-04 05:20:00,20.1827838753,0.0,19.86049461364746,0,0.6126454214733155,0.0,21.07663305128662,0.0
2014-04-04 05:25:00,18.8162575542,0.0,18.73217010498047,0,0.5988609672114502,0.0,21.07663305128662,0.0
2014-04-04 05:30:00,19.167644694,0.0,18.394615173339844,0,0.3412859549043459,0.0,21.07663305128662,0.0
2014-04-04 05:35:00,20.9944348343,0.0,18.251405715942386,0,0.5136309020822023,0.0,21.07663305128662,0.0
2014-04-04 05:40:00,19.9304049426,0.0,19.25079917907715,0,0.4903044187362302,0.0,21.07663305128662,0.0
2014-04-04 05:45:00,18.8641257616,0.0,18.335506439208984,0,0.44712219652001917,0.0,21.07663305128662,0.0
2014-04-04 05:50:00,21.8690847615,0.0,18.66278839111328,0,0.5801411549818112,0.0,21.07663305128662,0.0
2014-04-04 05:55:00,20.8605000793,0.0,20.359352111816406,0,0.8946938218322753,0.0,21.07663305128662,0.0
2014-04-04 06:00:00,21.828539330199998,0.0,18.088403701782227,0,0.42755538419597183,0.0,21.07663305128662,0.0
2014-04-04 06:05:00,19.7084201814,0.0,20.237133026123047,0,0.8101216173078369,0.0,21.07663305128662,0.0
2014-04-04 06:10:00,19.9004013628,0.0,18.305343627929688,0,0.9156701100743407,0.0,21.07663305128662,0.0
2014-04-04 06:15:00,21.591820864699997,0.0,19.80350112915039,0,0.6902676329597899,0.0,21.07663305128662,0.0
2014-04-04 06:20:00,20.100197361,0.0,19.37803649902344,0,0.9446431244762934,0.0,21.07663305128662,0.0
2014-04-04 06:25:00,20.8291156476,0.0,18.61628532409668,0,0.5673962786711417,0.0,21.07663305128662,0.0
2014-04-04 06:30:00,19.00869151,0.0,19.372642517089844,0,0.7897960819874745,0.0,21.07663305128662,0.0
2014-04-04 06:35:00,19.7869058748,0.0,18.453872680664066,0,0.5295415834831787,0.0,21.07663305128662,0.0
2014-04-04 06:40:00,18.4937994632,0.0,18.993274688720703,0,0.5328287997102765,0.0,21.07663305128662,0.0
2014-04-04 06:45:00,18.8239201435,0.0,17.37480354309082,0,0.4413058370449945,0.0,21.07663305128662,0.0
2014-04-04 06:50:00,18.0037736611,0.0,18.93180274963379,0,0.3045765366207269,0.0,21.07663305128662,0.0
2014-04-04 06:55:00,18.1570602066,0.0,17.265911102294922,0,0.38741421605444204,0.0,21.07663305128662,0.0
2014-04-04 07:00:00,21.9091352927,0.0,18.437877655029297,0,0.3704614420111816,0.0,21.07663305128662,0.0
2014-04-04 07:05:00,18.9694147805,0.0,19.15568351745605,0,0.7558671064310056,0.0,21.07663305128662,0.0
2014-04-04 07:10:00,20.653242838,0.0,17.609329223632812,0,0.6108037009960205,0.0,21.07663305128662,0.0
2014-04-04 07:15:00,21.3563987952,0.0,19.989267349243164,0,0.8944500849126955,0.0,21.07663305128662,0.0
2014-04-04 07:20:00,20.2026418369,0.0,19.19761276245117,0,0.8810898582759519,0.0,21.07663305128662,0.0
2014-04-04 07:25:00,18.6125780003,0.0,19.38994026184082,0,0.5728112878732179,0.0,21.07663305128662,0.0
2014-04-04 07:30:00,20.9124657493,0.0,17.80984115600586,0,0.7483520714591059,0.0,21.07663305128662,0.0
2014-04-04 07:35:00,20.4010056404,0.0,20.20150375366211,0,0.755690943824975,0.0,21.07663305128662,0.0
2014-04-04 07:40:00,20.9250023574,0.0,17.86918830871582,0,0.43694900783244695,0.0,21.07663305128662,0.0
2014-04-04 07:45:00,21.078986491400002,0.0,19.523962020874023,0,0.6932971296118655,0.0,21.07663305128662,0.0
2014-04-04 07:50:00,21.901641470700003,0.0,19.22811889648437,0,0.989120624905274,0.0,21.07663305128662,0.0
2014-04-04 07:55:00,20.2942531201,0.0,19.464523315429688,0,0.9354828725204603,0.0,21.07663305128662,0.0
2014-04-04 08:00:00,19.3665644508,0.0,19.31837272644043,0,1.0142613622620127,0.0,21.07663305128662,0.0
2014-04-04 08:05:00,20.5938582276,0.0,18.493593215942386,0,0.6234488953603523,0.0,21.07663305128662,0.0
2014-04-04 08:10:00,18.273762837,0.0,19.62542152404785,0,0.7064636393628905,0.0,21.07663305128662,0.0
2014-04-04 08:15:00,21.5895892733,0.0,17.496768951416016,0,0.46561201202246094,0.0,21.07663305128662,0.0
2014-04-04 08:20:00,18.4775240454,0.0,20.14295959472656,0,0.844926733779662,0.0,21.07663305128662,0.0
2014-04-04 08:25:00,19.3113713515,0.0,17.156370162963867,0,0.8663067228953363,0.0,21.07663305128662,0.0
2014-04-04 08:30:00,21.2629815225,0.0,19.20416831970215,0,0.8814296652721927,0.0,21.07663305128662,0.0
2014-04-04 08:35:00,20.389249513299998,0.0,19.16942405700684,0,1.1283275146861573,0.0,21.07663305128662,0.0
2014-04-04 08:40:00,19.5745420811,0.0,18.959043502807614,0,0.796553890331444,0.0,21.07663305128662,0.0
2014-04-04 08:45:00,19.8937426375,0.0,18.646751403808594,0,0.7561423032399408,0.0,21.07663305128662,0.0
2014-04-04 08:50:00,21.4181895728,0.0,19.572101593017575,0,0.6426410588843501,0.0,21.07663305128662,0.0
2014-04-04 08:55:00,19.3600175442,0.0,19.18642807006836,0,0.6160504060074219,0.0,21.07663305128662,0.0
2014-04-04 09:00:00,73.0272357134,0.0,17.925769805908203,0,0.4852709082372324,0.0,21.07663305128662,0.0
2014-04-04 09:05:00,62.398628261300004,0.0,54.86294174194336,0,7.296016824387159,0.0,21.07663305128662,0.0
2014-04-04 09:10:00,71.764458746,0.0,51.40960311889648,0,3.6442382103773943,0.0,21.07663305128662,0.0
2014-04-04 09:15:00,72.7266478095,0.0,65.22169494628906,0,5.957834166292532,0.0,21.07663305128662,0.0
2014-04-04 09:20:00,63.672720078599994,0.0,67.46729278564453,0,10.959236779021731,0.0,21.07663305128662,0.0
2014-04-04 09:25:00,67.0527128403,0.0,63.21936416625977,0,4.265175399046389,0.0,21.07663305128662,0.0
2014-04-04 09:30:00,63.4507969354,0.0,62.397056579589844,0,4.2070889971735355,0.0,21.07663305128662,0.0
2014-04-04 09:35:00,70.80981615430001,0.0,65.48284149169922,0,1.3442101001493638,0.0,21.07663305128662,0.0
2014-04-04 09:40:00,68.48072964560001,0.0,64.93017578125,0,1.3526625549925297,0.0,21.07663305128662,0.0
2014-04-04 09:45:00,69.84039751520001,0.0,63.97420883178711,0,1.720577194600148,0.0,21.07663305128662,0.0
2014-04-04 09:50:00,63.8722227506,0.0,66.20848846435547,0,1.9746821957717318,0.0,21.07663305128662,0.0
2014-04-04 09:55:00,64.07974372390001,0.0,57.57809066772461,0,1.9591670431742703,0.0,21.07663305128662,0.0
2014-04-04 10:00:00,70.4840384919,0.0,71.46182250976562,0,2.149144934514748,0.0,21.07663305128662,0.0
2014-04-04 10:05:00,74.83848814619998,0.0,65.13584136962889,0,1.9470445723870622,0.0,21.07663305128662,0.0
2014-04-04 10:10:00,78.52723714390001,0.0,73.53994750976562,0,2.439793695545948,0.0,21.07663305128662,0.0
2014-04-04 10:15:00,83.1551498652,0.0,70.36886596679688,0,2.389183058360109,0.0,21.07663305128662,0.0
2014-04-04 10:20:00,80.1907139846,0.0,73.13812255859375,0,3.1747619136385747,0.0,21.07663305128662,0.0
2014-04-04 10:25:00,76.5973509392,0.0,76.17195892333984,0,4.316101466889355,0.0,21.07663305128662,0.0
2014-04-04 10:30:00,84.6324241754,0.0,72.80352783203125,0,3.156444621800489,0.0,21.07663305128662,0.0
2014-04-04 10:35:00,81.0026855129,0.0,79.46515655517578,0,4.011645460454785,0.0,21.07663305128662,0.0
2014-04-04 10:40:00,84.2761639484,0.0,73.64892578125,0,2.247075390872949,0.0,21.07663305128662,0.0
2014-04-04 10:45:00,78.02816534520001,0.0,76.18995666503906,0,2.693906233515918,0.0,21.07663305128662,0.0
2014-04-04 10:50:00,73.8581943448,0.0,73.56739807128906,0,3.049360117303518,0.0,21.07663305128662,0.0
2014-04-04 10:55:00,70.65987017239999,0.0,71.1546630859375,0,1.3271693397780258,0.0,21.07663305128662,0.0
2014-04-04 11:00:00,83.115653478,0.0,69.72248840332031,0,1.6563795042949234,0.0,21.07663305128662,0.0
2014-04-04 11:05:00,73.4972028803,0.0,72.96207427978516,0,2.0021203677361346,0.0,21.07663305128662,0.0
2014-04-04 11:10:00,76.38333564,0.0,72.76841735839844,0,1.5514598443572254,0.0,21.07663305128662,0.0
2014-04-04 11:15:00,80.036417319,0.0,73.9532699584961,0,1.9669750953685536,0.0,21.07663305128662,0.0
2014-04-04 11:20:00,80.544481412,0.0,73.53072357177734,0,2.896286529887986,0.0,21.07663305128662,0.0
2014-04-04 11:25:00,81.1196751649,0.0,73.19889831542969,0,2.0988606255808566,0.0,21.07663305128662,0.0
2014-04-04 11:30:00,74.2121247739,0.0,76.23211669921875,0,3.0790750414748036,0.0,21.07663305128662,0.0
2014-04-04 11:35:00,77.6073436863,0.0,76.16192626953125,0,2.879709246939452,0.0,21.07663305128662,0.0
2014-04-04 11:40:00,81.3838569881,0.0,76.35267639160156,0,2.299993003972558,0.0,21.07663305128662,0.0
2014-04-04 11:45:00,86.9919992231,0.0,74.51866149902344,0,2.052170848507032,0.0,21.07663305128662,0.0
2014-04-04 11:50:00,83.140245614,0.0,76.57350158691406,0,2.6212409578328124,0.0,21.07663305128662,0.0
2014-04-04 11:55:00,86.24109015280001,0.0,76.11805725097656,0,3.1895849705537103,0.0,21.07663305128662,0.0
2014-04-04 12:00:00,84.0943584615,0.0,80.85585021972656,0,4.274286906185548,0.0,21.07663305128662,0.0
2014-04-04 12:05:00,81.3697105365,0.0,77.32166290283203,0,4.050202861844921,0.0,21.07663305128662,0.0
2014-04-04 12:10:00,74.9822870575,0.0,78.45803833007812,0,2.997041600543847,0.0,21.07663305128662,0.0
2014-04-04 12:15:00,82.5677700658,0.0,75.55038452148438,0,2.461316072285058,0.0,21.07663305128662,0.0
2014-04-04 12:20:00,81.87570416770001,0.0,76.21705627441406,0,2.0731101525965805,0.0,21.07663305128662,0.0
2014-04-04 12:25:00,81.5415393192,0.0,76.55078125,0,2.4421473735932615,0.0,21.07663305128662,0.0
2014-04-04 12:30:00,79.7407699991,0.0,75.31861877441406,0,2.5887804393560554,0.0,21.07663305128662,0.0
2014-04-04 12:35:00,80.361955457,0.0,77.28299713134766,0,2.7611178414359383,0.0,21.07663305128662,0.0
2014-04-04 12:40:00,77.2582591374,0.0,76.0711441040039,0,2.2688144391030267,0.0,21.07663305128662,0.0
2014-04-04 12:45:00,80.2126322786,0.0,77.0959243774414,0,1.7098728316167957,0.0,21.07663305128662,0.0
2014-04-04 12:50:00,75.0707014175,0.0,76.59141540527344,0,1.4756165606116198,0.0,21.07663305128662,0.0
2014-04-04 12:55:00,84.7809310093,0.0,76.0626220703125,0,1.1129369059975573,0.0,21.07663305128662,0.0
2014-04-04 13:00:00,74.9544378917,0.0,75.86430358886719,0,1.8178557326644533,0.0,21.07663305128662,0.0
2014-04-04 13:05:00,73.34185436770001,0.0,75.69373321533203,0,1.7831995656358401,0.0,21.07663305128662,0.0
2014-04-04 13:10:00,78.960981237,0.0,73.43299865722656,0,1.687595933945019,0.0,21.07663305128662,0.0
2014-04-04 13:15:00,82.5131111315,0.0,75.70956420898438,0,1.9983246036358402,0.0,21.07663305128662,0.0
2014-04-04 13:20:00,78.9845083663,0.0,76.32093048095703,0,1.4744086576071282,0.0,21.07663305128662,0.0
2014-04-04 13:25:00,76.4097233754,0.0,76.40032958984375,0,1.8187748376325175,0.0,21.07663305128662,0.0
2014-04-04 13:30:00,80.9113155649,0.0,76.55305480957031,0,1.875562646648536,0.0,21.07663305128662,0.0
2014-04-04 13:35:00,77.5334248776,0.0,75.38276672363281,0,1.7293474185930666,0.0,21.07663305128662,0.0
2014-04-04 13:40:00,86.9050208301,0.0,74.08643341064453,0,1.147736322524512,0.0,21.07663305128662,0.0
2014-04-04 13:45:00,86.74149927629999,0.0,77.27072143554688,0,2.417112514288574,0.0,21.07663305128662,0.0
2014-04-04 13:50:00,80.0187400118,0.0,77.66432189941406,0,3.5997855211881813,0.0,21.07663305128662,0.0
2014-04-04 13:55:00,77.2276048298,0.0,80.37298583984375,0,3.316580935366698,0.0,21.07663305128662,0.0
2014-04-04 14:00:00,83.7900965056,0.0,75.05323791503906,0,3.4736455478297845,0.0,21.07663305128662,0.0
2014-04-04 14:05:00,72.58392290020001,0.0,76.46759033203125,0,2.8863334108130854,0.0,21.07663305128662,0.0
2014-04-04 14:10:00,79.59248347409999,0.0,73.50408935546875,0,1.5701535368033195,0.0,21.07663305128662,0.0
2014-04-04 14:15:00,77.377460012,0.0,76.17086029052734,0,2.2806367439173805,0.0,21.07663305128662,0.0
2014-04-04 14:20:00,86.7244111901,0.0,75.73013305664062,0,2.271114422838279,0.0,21.07663305128662,0.0
2014-04-04 14:25:00,72.188583218,0.0,74.48612976074219,0,2.553291865700583,0.0,21.07663305128662,0.0
2014-04-04 14:30:00,80.8411574497,0.0,74.96998596191406,0,2.573352314538182,0.0,21.07663305128662,0.0
2014-04-04 14:35:00,83.8465924674,0.0,75.0264663696289,0,2.5461994856825196,0.0,21.07663305128662,0.0
2014-04-04 14:40:00,79.7564593066,0.0,77.4016342163086,0,3.4978902827198244,0.0,21.07663305128662,0.0
2014-04-04 14:45:00,73.36292689310001,0.0,78.01485443115234,0,2.4179586523238275,0.0,21.07663305128662,0.0
2014-04-04 14:50:00,87.55517939010002,0.0,75.05250549316406,0,2.7122562767375964,0.0,21.07663305128662,0.0
2014-04-04 14:55:00,80.28431307,0.0,76.10721588134766,0,3.3886010700637694,0.0,21.07663305128662,0.0
2014-04-04 15:00:00,81.8261943701,0.0,76.79486846923828,0,2.676383657900976,0.0,21.07663305128662,0.0
2014-04-04 15:05:00,75.78502898010001,0.0,76.1222152709961,0,3.288780018561523,0.0,21.07663305128662,0.0
2014-04-04 15:10:00,79.73520389640001,0.0,78.34913635253906,0,2.7560354096682627,0.0,21.07663305128662,0.0
2014-04-04 15:15:00,78.865634754,0.0,74.65557861328125,0,1.366459615533886,0.0,21.07663305128662,0.0
2014-04-04 15:20:00,73.197630768,0.0,77.15725708007812,0,1.370579484542187,0.0,21.07663305128662,0.0
2014-04-04 15:25:00,73.6978581505,0.0,72.31584167480469,0,0.9571657991971687,0.0,21.07663305128662,0.0
2014-04-04 15:30:00,85.39874047810001,0.0,73.86109924316406,0,1.0252411494845717,0.0,21.07663305128662,0.0
2014-04-04 15:35:00,75.83639119899999,0.0,74.96592712402344,0,2.312638154429493,0.0,21.07663305128662,0.0
2014-04-04 15:40:00,75.1186111984,0.0,74.78760528564453,0,2.0384917408738286,0.0,21.07663305128662,0.0
2014-04-04 15:45:00,80.0778144656,0.0,73.7228012084961,0,1.6474426137709965,0.0,21.07663305128662,0.0
2014-04-04 15:50:00,84.2991448222,0.0,77.15071105957031,0,2.3867655599714848,0.0,21.07663305128662,0.0
2014-04-04 15:55:00,72.99044358229999,0.0,75.0929183959961,0,1.5841021432869145,0.0,21.07663305128662,0.0
2014-04-04 16:00:00,81.22877075470001,0.0,75.5862045288086,0,1.7381034856268585,0.0,21.07663305128662,0.0
2014-04-04 16:05:00,73.9072251833,0.0,75.6298599243164,0,2.65606100741514,0.0,21.07663305128662,0.0
2014-04-04 16:10:00,72.58323745310001,0.0,74.42676544189453,0,2.0770136929042025,0.0,21.07663305128662,0.0
2014-04-04 16:15:00,72.8437633743,0.0,72.36601257324219,0,1.4139004711748058,0.0,21.07663305128662,0.0
2014-04-04 16:20:00,85.3464618658,0.0,71.59239959716797,0,1.0724646133022482,0.0,21.07663305128662,0.0
2014-04-04 16:25:00,73.8874178739,0.0,74.46672058105469,0,2.0864016186448247,0.0,21.07663305128662,0.0
2014-04-04 16:30:00,72.7222822035,0.0,74.42768859863281,0,1.846395079710545,0.0,21.07663305128662,0.0
2014-04-04 16:35:00,79.006246502,0.0,73.18748474121094,0,1.8568166228500953,0.0,21.07663305128662,0.0
2014-04-04 16:40:00,85.5037313836,0.0,73.41002655029297,0,2.6446999998774388,0.0,21.07663305128662,0.0
2014-04-04 16:45:00,76.1983877226,0.0,74.28849029541016,0,2.4093375943265603,0.0,21.07663305128662,0.0
2014-04-04 16:50:00,78.7472506854,0.0,76.4392318725586,0,2.5876560002007807,0.0,21.07663305128662,0.0
2014-04-04 16:55:00,72.6386210546,0.0,75.46900177001953,0,2.7662978542659182,0.0,21.07663305128662,0.0
2014-04-04 17:00:00,79.185225819,0.0,74.61396789550781,0,2.392750223594728,0.0,21.07663305128662,0.0
2014-04-04 17:05:00,81.2417780933,0.0,72.00456237792969,0,1.4524443598678722,0.0,21.07663305128662,0.0
2014-04-04 17:10:00,81.1344817044,0.0,74.67179107666016,0,2.3683591458904303,0.0,21.07663305128662,0.0
2014-04-04 17:15:00,77.3187973844,0.0,75.26968383789062,0,2.8732373274646488,0.0,21.07663305128662,0.0
2014-04-04 17:20:00,77.048501304,0.0,77.5574951171875,0,2.7900347266389645,0.0,21.07663305128662,0.0
2014-04-04 17:25:00,73.7059495999,0.0,74.19740295410156,0,2.2822517128508792,0.0,21.07663305128662,0.0
2014-04-04 17:30:00,77.8687432287,0.0,71.82711791992188,0,1.1890314177047863,0.0,21.07663305128662,0.0
2014-04-04 17:35:00,73.5918864427,0.0,73.27082824707031,0,1.1363982528345709,0.0,21.07663305128662,0.0
2014-04-04 17:40:00,84.2655027574,0.0,74.39556121826172,0,0.844701770049415,0.0,21.07663305128662,0.0
2014-04-04 17:45:00,87.46035517920002,0.0,74.21211242675781,0,2.0148202357932625,0.0,21.07663305128662,0.0
2014-04-04 17:50:00,87.5211576985,0.0,77.07080078125,0,3.685108474498538,0.0,21.07663305128662,0.0
2014-04-04 17:55:00,85.84110462699999,0.0,76.79269409179688,0,3.7224465308249055,0.0,21.07663305128662,0.0
2014-04-04 18:00:00,32.645063487899996,0.0,79.53911590576172,0,5.327118968004202,0.0,21.07663305128662,0.0
2014-04-04 18:05:00,33.2855340715,0.0,52.13854217529297,0,9.955132827844633,0.0,21.07663305128662,0.0
2014-04-04 18:10:00,30.6253112571,0.0,45.09698486328125,0,8.018405370609667,0.0,21.07663305128662,0.0
2014-04-04 18:15:00,32.8369243844,0.0,37.36524963378906,0,7.6408752927246075,0.0,21.07663305128662,0.0
2014-04-04 18:20:00,31.7161510269,0.0,33.651390075683594,0,10.593382422153127,0.0,21.07663305128662,0.0
2014-04-04 18:25:00,31.8849048527,0.0,32.261585235595696,0,4.973530751018359,0.0,21.07663305128662,0.0
2014-04-04 18:30:00,33.6497635256,0.0,36.43737030029297,0,2.592072392305662,0.0,21.07663305128662,0.0
2014-04-04 18:35:00,30.6042715998,0.0,30.3037109375,0,1.131564038369627,0.0,21.07663305128662,0.0
2014-04-04 18:40:00,30.8354475944,0.0,33.59630584716797,0,0.6750108585840322,0.0,21.07663305128662,0.0
2014-04-04 18:45:00,34.7177007974,0.0,33.95814895629883,0,0.778213259082079,0.0,21.07663305128662,0.0
2014-04-04 18:50:00,29.1598298884,0.0,36.66459274291992,0,0.6876063606532714,0.0,21.07663305128662,0.0
2014-04-04 18:55:00,31.9080533835,0.0,33.943267822265625,0,1.2772508706316406,0.0,21.07663305128662,0.0
2014-04-04 19:00:00,24.2493462556,0.0,24.05272483825684,0,1.5357443015025387,0.0,21.07663305128662,0.0
2014-04-04 19:05:00,22.894425019099998,0.0,24.65258407592773,0,1.2152146970744377,0.0,21.07663305128662,0.0
2014-04-04 19:10:00,22.6079024523,0.0,20.555938720703125,0,1.4368447209320547,0.0,21.07663305128662,0.0
2014-04-04 19:15:00,21.2788527557,0.0,24.86151123046875,0,0.7552448305666739,0.0,21.07663305128662,0.0
2014-04-04 19:20:00,21.697873000700003,0.0,21.742862701416016,0,0.9486753350670645,0.0,21.07663305128662,0.0
2014-04-04 19:25:00,23.9771755875,0.0,18.460865020751953,0,0.8215914016281731,0.0,21.07663305128662,0.0
2014-04-04 19:30:00,22.665295986999997,0.0,19.167627334594727,0,1.2913603403682123,0.0,21.07663305128662,0.0
2014-04-04 19:35:00,22.4660437956,0.0,14.601913452148438,0,1.5802034243297598,0.0,21.07663305128662,0.0
2014-04-04 19:40:00,20.6061159863,0.0,18.521663665771484,0,2.1153874079151116,0.0,21.07663305128662,0.0
2014-04-04 19:45:00,20.2318050311,0.0,19.08199691772461,0,2.3703202353916746,0.0,21.07663305128662,0.0
2014-04-04 19:50:00,24.4773083026,0.0,18.10574722290039,0,1.8245074287200924,0.0,21.07663305128662,0.0
2014-04-04 19:55:00,21.848896830900003,0.0,21.32550811767578,0,2.183743982131885,0.0,21.07663305128662,0.0
2014-04-04 20:00:00,20.9027604515,0.0,17.377304077148438,0,1.1294383925314944,0.0,21.07663305128662,0.0
2014-04-04 20:05:00,18.7585127147,0.0,19.376089096069336,0,1.3095638992593752,0.0,21.07663305128662,0.0
2014-04-04 20:10:00,21.2300358596,0.0,17.954891204833984,0,1.1645603097525639,0.0,21.07663305128662,0.0
2014-04-04 20:15:00,22.251792971799997,0.0,19.28608512878418,0,0.7775082566358646,0.0,21.07663305128662,0.0
2014-04-04 20:20:00,20.7899246268,0.0,19.09584045410156,0,1.2320391049273192,0.0,21.07663305128662,0.0
2014-04-04 20:25:00,18.9485681331,0.0,19.27217102050781,0,1.003117579720679,0.0,21.07663305128662,0.0
2014-04-04 20:30:00,20.8147311268,0.0,18.558237075805664,0,1.0269459005258779,0.0,21.07663305128662,0.0
2014-04-04 20:35:00,21.570957926,0.0,19.23509979248047,0,0.899614575054418,0.0,21.07663305128662,0.0
2014-04-04 20:40:00,20.0966818926,0.0,18.28879737854004,0,0.7904384481549562,0.0,21.07663305128662,0.0
2014-04-04 20:45:00,22.035815151100007,0.0,18.39371490478516,0,0.804663490825146,0.0,21.07663305128662,0.0
2014-04-04 20:50:00,21.0890051239,0.0,21.138973236083984,0,1.2552921181110843,0.0,21.07663305128662,0.0
2014-04-04 20:55:00,22.1153233039,0.0,19.054590225219727,0,0.8491899578242919,0.0,21.07663305128662,0.0
2014-04-04 21:00:00,20.592392496600002,0.0,20.343830108642575,0,0.9397993259693846,0.0,21.07663305128662,0.0
2014-04-04 21:05:00,18.6140725716,0.0,18.190303802490234,0,0.8068478857065684,0.0,21.07663305128662,0.0
2014-04-04 21:10:00,19.331112878,0.0,18.84593772888184,0,0.4045564510559334,0.0,21.07663305128662,0.0
2014-04-04 21:15:00,18.8974542098,0.0,18.95403861999512,0,0.5272799231082033,0.0,21.07663305128662,0.0
2014-04-04 21:20:00,21.7391554065,0.0,18.37831115722656,0,0.15176133954755944,0.0,21.07663305128662,0.0
2014-04-04 21:25:00,21.1425998987,0.0,19.399463653564453,0,0.5407965722120611,0.0,21.07663305128662,0.0
2014-04-04 21:30:00,20.8049802734,0.0,18.68280792236328,0,0.6429663262447267,0.0,21.07663305128662,0.0
2014-04-04 21:35:00,19.2960437847,0.0,19.62703895568848,0,0.8475909764845464,0.0,21.07663305128662,0.0
2014-04-04 21:40:00,18.8261127018,0.0,18.40052795410156,0,0.9317160184462163,0.0,21.07663305128662,0.0
2014-04-04 21:45:00,21.1267281612,0.0,19.140867233276367,0,0.5648085807493413,0.0,21.07663305128662,0.0
2014-04-04 21:50:00,19.992135567200002,0.0,19.088523864746094,0,0.6080766497059087,0.0,21.07663305128662,0.0
2014-04-04 21:55:00,18.9938933215,0.0,18.90190315246582,0,0.4557565686330576,0.0,21.07663305128662,0.0
2014-04-04 22:00:00,20.486135730999997,0.0,18.476301193237305,0,0.42588094338877003,0.0,21.07663305128662,0.0
2014-04-04 22:05:00,18.178770281600002,0.0,19.101390838623047,0,0.6239121671468015,0.0,21.07663305128662,0.0
2014-04-04 22:10:00,19.323213500799998,0.0,17.51823616027832,0,0.4749982398353265,0.0,21.07663305128662,0.0
2014-04-04 22:15:00,19.8933072275,0.0,18.29630279541016,0,0.500069207738036,0.0,21.07663305128662,0.0
2014-04-04 22:20:00,18.6096814873,0.0,19.29649353027344,0,0.7413962355235579,0.0,21.07663305128662,0.0
2014-04-04 22:25:00,21.959678972800003,0.0,17.918176651000977,0,0.3763791128601799,0.0,21.07663305128662,0.0
2014-04-04 22:30:00,18.854472383,0.0,20.1650447845459,0,1.0162870171729979,0.0,21.07663305128662,0.0
2014-04-04 22:35:00,18.5391930671,0.0,17.359224319458008,0,0.748816194426928,0.0,21.07663305128662,0.0
2014-04-04 22:40:00,18.8322010602,0.0,18.11130142211914,0,0.7079365270893074,0.0,21.07663305128662,0.0
2014-04-04 22:45:00,21.096477717,0.0,18.60731315612793,0,0.9066178886334719,0.0,21.07663305128662,0.0
2014-04-04 22:50:00,19.7209365691,0.0,19.340618133544922,0,0.7040606573891113,0.0,21.07663305128662,0.0
2014-04-04 22:55:00,20.2811149463,0.0,17.987720489501953,0,0.49611578946313495,0.0,21.07663305128662,0.0
2014-04-04 23:00:00,18.0875087612,0.0,19.683670043945312,0,0.6719200022451415,0.0,21.07663305128662,0.0
2014-04-04 23:05:00,18.1412076758,0.0,17.100109100341793,0,0.6882411704531983,0.0,21.07663305128662,0.0
2014-04-04 23:10:00,19.7871005914,0.0,18.182172775268555,0,0.5005205579514653,0.0,21.07663305128662,0.0
2014-04-04 23:15:00,21.2707041619,0.0,18.334524154663086,0,0.6905164919513678,0.0,21.07663305128662,0.0
2014-04-04 23:20:00,21.5450913762,0.0,18.95827865600586,0,0.8766603108807378,0.0,21.07663305128662,0.0
2014-04-04 23:25:00,18.3503488592,0.0,19.829822540283203,0,0.8754300394090335,0.0,21.07663305128662,0.0
2014-04-04 23:30:00,20.157321869300002,0.0,17.61977195739746,0,1.0652437908599124,0.0,21.07663305128662,0.0
2014-04-04 23:35:00,21.6570761034,0.0,19.512187957763672,0,1.1244964706445315,0.0,21.07663305128662,0.0
2014-04-04 23:40:00,19.5556449787,0.0,18.586729049682614,0,0.9483606700315677,0.0,21.07663305128662,0.0
2014-04-04 23:45:00,21.3223564302,0.0,18.81016159057617,0,0.7461235711344734,0.0,21.07663305128662,0.0
2014-04-04 23:50:00,18.538341294000002,0.0,20.10971450805664,0,1.0204436032725108,0.0,21.07663305128662,0.0
2014-04-04 23:55:00,21.745752339499997,0.0,18.1903133392334,0,0.73626186316555,0.0,21.07663305128662,0.0
2014-04-05 00:00:00,21.0056932701,0.0,19.613216400146484,0,0.853813524289722,0.0,21.07663305128662,0.0
2014-04-05 00:05:00,21.7653375711,0.0,18.241634368896484,0,0.9497346907301027,0.0,21.07663305128662,0.0
2014-04-05 00:10:00,20.7064689342,0.0,20.204830169677734,0,1.1210146475417235,0.0,21.07663305128662,0.0
2014-04-05 00:15:00,19.453615728,0.0,19.312015533447266,0,1.1216572296182372,0.0,21.07663305128662,0.0
2014-04-05 00:20:00,21.752724690100003,0.0,19.60116004943848,0,0.694927378904004,0.0,21.07663305128662,0.0
2014-04-05 00:25:00,19.1022671052,0.0,19.090961456298828,0,0.7898133502425049,0.0,21.07663305128662,0.0
2014-04-05 00:30:00,19.3286900882,0.0,18.09644889831543,0,0.3507636560797116,0.0,21.07663305128662,0.0
2014-04-05 00:35:00,20.803233672,0.0,19.05610656738281,0,0.44208895924999947,0.0,21.07663305128662,0.0
2014-04-05 00:40:00,21.0612651981,0.0,19.1289176940918,0,0.6427798230080568,0.0,21.07663305128662,0.0
2014-04-05 00:45:00,21.7176139354,0.0,19.630027770996094,0,0.608715033703441,0.0,21.07663305128662,0.0
2014-04-05 00:50:00,18.8192096362,0.0,18.79209518432617,0,0.7995783246652093,0.0,21.07663305128662,0.0
2014-04-05 00:55:00,21.1919921409,0.0,19.08546638488769,0,0.724271903112891,0.0,21.07663305128662,0.0
2014-04-05 01:00:00,20.954184213599998,0.0,19.66598892211914,0,0.7691967345372803,0.0,21.07663305128662,0.0
2014-04-05 01:05:00,18.255178225,0.0,19.32748413085937,0,0.649394484403393,0.0,21.07663305128662,0.0
2014-04-05 01:10:00,19.5488925648,0.0,18.169904708862305,0,0.522484452085326,0.0,21.07663305128662,0.0
2014-04-05 01:15:00,19.1310618282,0.0,18.686546325683594,0,0.7307518511612785,0.0,21.07663305128662,0.0
2014-04-05 01:20:00,19.2179616974,0.0,18.70545196533203,0,0.46907955688884195,0.0,21.07663305128662,0.0
2014-04-05 01:25:00,21.9317875182,0.0,17.624984741210938,0,0.3697556570061762,0.0,21.07663305128662,0.0
2014-04-05 01:30:00,20.571109653900002,0.0,20.126636505126953,0,0.8303519834388915,0.0,21.07663305128662,0.0
2014-04-05 01:35:00,20.8707046312,0.0,18.69103240966797,0,0.5890908104274417,0.0,21.07663305128662,0.0
2014-04-05 01:40:00,21.9064705493,0.0,19.572444915771484,0,0.8168478839543947,0.0,21.07663305128662,0.0
2014-04-05 01:45:00,19.5088071298,0.0,20.388124465942386,0,1.1581217226028322,0.0,21.07663305128662,0.0
2014-04-05 01:50:00,21.2073606738,0.0,17.906230926513672,0,0.5911381451581303,0.0,21.07663305128662,0.0
2014-04-05 01:55:00,19.738123853199998,0.0,20.32892608642578,0,1.0867681173111574,0.0,21.07663305128662,0.0
2014-04-05 02:00:00,21.4781346873,0.0,18.54840469360352,0,0.7049493484087153,0.0,21.07663305128662,0.0
2014-04-05 02:05:00,18.7226301652,0.0,19.687030792236328,0,0.8601075442156496,0.0,21.07663305128662,0.0
2014-04-05 02:10:00,21.7907447083,0.0,18.002002716064453,0,0.7724708350023923,0.0,21.07663305128662,0.0
2014-04-05 02:15:00,18.875086833599998,0.0,20.212974548339844,0,0.8334223656210447,0.0,21.07663305128662,0.0
2014-04-05 02:20:00,19.3048820279,0.0,17.428302764892578,0,0.9273301517040027,0.0,21.07663305128662,0.0
2014-04-05 02:25:00,21.0247689364,0.0,19.471540451049805,0,0.8096581517349124,0.0,21.07663305128662,0.0
2014-04-05 02:30:00,19.5750205663,0.0,19.00299072265625,0,1.0366625855228517,0.0,21.07663305128662,0.0
2014-04-05 02:35:00,20.4328455071,0.0,18.516855239868164,0,0.6345735669488772,0.0,21.07663305128662,0.0
2014-04-05 02:40:00,19.7782940043,0.0,19.115840911865234,0,0.7397284824041508,0.0,21.07663305128662,0.0
2014-04-05 02:45:00,20.969479748399998,0.0,18.54408073425293,0,0.5879627110825689,0.0,21.07663305128662,0.0
2014-04-05 02:50:00,18.9133250095,0.0,19.76368904113769,0,0.6969840271821779,0.0,21.07663305128662,0.0
2014-04-05 02:55:00,18.2338319489,0.0,17.625349044799805,0,0.7064613128857662,0.0,21.07663305128662,0.0
2014-04-05 03:00:00,19.1997175899,0.0,19.258617401123047,0,0.543022892494311,0.0,21.07663305128662,0.0
2014-04-05 03:05:00,19.8972346595,0.0,17.651630401611328,0,0.49289322013850034,0.0,21.07663305128662,0.0
2014-04-05 03:10:00,18.6720802088,0.0,19.133094787597656,0,0.4704188756062009,0.0,21.07663305128662,0.0
2014-04-05 03:15:00,19.4191891586,0.0,17.323677062988278,0,0.3484330449608155,0.0,21.07663305128662,0.0
2014-04-05 03:20:00,19.599932073199998,0.0,18.803783416748047,0,0.5124466679253419,0.0,21.07663305128662,0.0
2014-04-05 03:25:00,18.2295673748,0.0,18.48946952819824,0,0.6833220476002442,0.0,21.07663305128662,0.0
2014-04-05 03:30:00,20.3332289927,0.0,17.444162368774414,0,0.3692443428200436,0.0,21.07663305128662,0.0
2014-04-05 03:35:00,21.5373737119,0.0,19.562265396118164,0,0.7550786911734373,0.0,21.07663305128662,0.0
2014-04-05 03:40:00,18.606971651800002,0.0,18.794395446777344,0,0.5734409660299309,0.0,21.07663305128662,0.0
2014-04-05 03:45:00,20.3912320536,0.0,18.32218360900879,0,0.4973503583456047,0.0,21.07663305128662,0.0
2014-04-05 03:50:00,20.6589568196,0.0,19.274356842041016,0,0.8900808974094967,0.0,21.07663305128662,0.0
2014-04-05 03:55:00,19.6773387217,0.0,18.684629440307614,0,0.6185994178335448,0.0,21.07663305128662,0.0
2014-04-05 04:00:00,20.8043903495,0.0,18.352073669433594,0,0.4957995385348637,0.0,21.07663305128662,0.0
2014-04-05 04:05:00,19.642926174,0.0,19.573604583740234,0,0.8623342979511235,0.0,21.07663305128662,0.0
2014-04-05 04:10:00,20.0185491519,0.0,18.5513916015625,0,0.6123684411596928,0.0,21.07663305128662,0.0
2014-04-05 04:15:00,18.029412178199998,0.0,18.72386741638184,0,0.6226881377570073,0.0,21.07663305128662,0.0
2014-04-05 04:20:00,20.7668804565,0.0,17.68722152709961,0,0.5228771875037852,0.0,21.07663305128662,0.0
2014-04-05 04:25:00,20.6453707158,0.0,19.127243041992188,0,0.6012949686705333,0.0,21.07663305128662,0.0
2014-04-05 04:30:00,18.1536035093,0.0,18.4642391204834,0,0.7076960659919194,0.0,21.07663305128662,0.0
2014-04-05 04:35:00,19.4730004296,0.0,18.3465518951416,0,0.5631308235976564,0.0,21.07663305128662,0.0
2014-04-05 04:40:00,21.9161273632,0.0,18.58010482788086,0,0.7543588436062496,0.0,21.07663305128662,0.0
2014-04-05 04:45:00,19.6829462503,0.0,19.648696899414066,0,0.7813287259838861,0.0,21.07663305128662,0.0
2014-04-05 04:50:00,20.0077816205,0.0,17.831157684326172,0,0.42593270001147365,0.0,21.07663305128662,0.0
2014-04-05 04:55:00,21.639720632600003,0.0,19.50943374633789,0,0.8122059858779043,0.0,21.07663305128662,0.0
2014-04-05 05:00:00,20.8690475035,0.0,20.044483184814453,0,0.959647838580127,0.0,21.07663305128662,0.0
2014-04-05 05:05:00,20.328280524500002,0.0,18.606985092163086,0,0.564506718950927,0.0,21.07663305128662,0.0
2014-04-05 05:10:00,21.1912187254,0.0,19.46087074279785,0,0.852008626142994,0.0,21.07663305128662,0.0
2014-04-05 05:15:00,21.457465065799997,0.0,19.233049392700195,0,0.8008118274858402,0.0,21.07663305128662,0.0
2014-04-05 05:20:00,19.8275522869,0.0,19.799867630004886,0,0.8125779258405514,0.0,21.07663305128662,0.0
2014-04-05 05:25:00,19.9004334597,0.0,18.775665283203125,0,0.7129679681167476,0.0,21.07663305128662,0.0
2014-04-05 05:30:00,19.5442037426,0.0,18.9761962890625,0,0.6384020611367425,0.0,21.07663305128662,0.0
2014-04-05 05:35:00,21.866824560100003,0.0,18.430496215820312,0,0.4611515090780509,0.0,21.07663305128662,0.0
2014-04-05 05:40:00,20.7886650172,0.0,19.939109802246094,0,0.612640592975537,0.0,21.07663305128662,0.0
2014-04-05 05:45:00,18.3328922648,0.0,18.72084045410156,0,0.6979691412027349,0.0,21.07663305128662,0.0
2014-04-05 05:50:00,21.4518384933,0.0,18.39463233947754,0,0.6058666428033201,0.0,21.07663305128662,0.0
2014-04-05 05:55:00,19.9222397633,0.0,20.188602447509766,0,0.9663797377947017,0.0,21.07663305128662,0.0
2014-04-05 06:00:00,18.2750156257,0.0,18.131467819213867,0,0.35360527611662507,0.0,21.07663305128662,0.0
2014-04-05 06:05:00,20.1988690207,0.0,18.128122329711914,0,0.26535435005815344,0.0,21.07663305128662,0.0
2014-04-05 06:10:00,19.6686571159,0.0,19.53518867492676,0,0.6922329169383055,0.0,21.07663305128662,0.0
2014-04-05 06:15:00,21.5109976195,0.0,18.53993034362793,0,0.16924407167880773,0.0,21.07663305128662,0.0
2014-04-05 06:20:00,18.8159784144,0.0,19.191936492919922,0,0.5073321456365956,0.0,21.07663305128662,0.0
2014-04-05 06:25:00,21.305858437999998,0.0,18.229248046875,0,0.6040037782283192,0.0,21.07663305128662,0.0
2014-04-05 06:30:00,20.2307547647,0.0,19.931297302246094,0,0.7297367407454334,0.0,21.07663305128662,0.0
2014-04-05 06:35:00,18.2184412129,0.0,18.6899471282959,0,0.7009717900156001,0.0,21.07663305128662,0.0
2014-04-05 06:40:00,21.887381205300002,0.0,18.444091796875,0,0.3885266199560786,0.0,21.07663305128662,0.0
2014-04-05 06:45:00,20.0504609764,0.0,19.78741836547852,0,0.9113578971749754,0.0,21.07663305128662,0.0
2014-04-05 06:50:00,19.1635074169,0.0,18.634897232055664,0,0.41995242657097087,0.0,21.07663305128662,0.0
2014-04-05 06:55:00,19.877627368,0.0,18.267995834350586,0,0.44859651686977475,0.0,21.07663305128662,0.0
2014-04-05 07:00:00,21.431431134100002,0.0,18.99356460571289,0,0.730571717230029,0.0,21.07663305128662,0.0
2014-04-05 07:05:00,19.2196124975,0.0,19.52292823791504,0,0.6048938572252927,0.0,21.07663305128662,0.0
2014-04-05 07:10:00,18.7707055859,0.0,17.613449096679688,0,0.5200727931582279,0.0,21.07663305128662,0.0
2014-04-05 07:15:00,18.5162849877,0.0,19.497018814086914,0,0.6885087864589847,0.0,21.07663305128662,0.0
2014-04-05 07:20:00,19.1914375936,0.0,17.386701583862305,0,0.6098965730511723,0.0,21.07663305128662,0.0
2014-04-05 07:25:00,21.1201923482,0.0,18.684112548828125,0,0.5085864392093753,0.0,21.07663305128662,0.0
2014-04-05 07:30:00,19.8865054608,0.0,18.8094482421875,0,0.744569745673584,0.0,21.07663305128662,0.0
2014-04-05 07:35:00,18.9099264148,0.0,18.13252830505371,0,0.7506804499526853,0.0,21.07663305128662,0.0
2014-04-05 07:40:00,18.664739998399998,0.0,19.08566665649414,0,0.7619088921835449,0.0,21.07663305128662,0.0
2014-04-05 07:45:00,19.330917906,0.0,17.979780197143555,0,0.570844192754663,0.0,21.07663305128662,0.0
2014-04-05 07:50:00,21.759697491500006,0.0,18.52057266235352,0,0.4132670053666989,0.0,21.07663305128662,0.0
2014-04-05 07:55:00,19.372106850399998,0.0,19.122726440429688,0,0.7109460281862301,0.0,21.07663305128662,0.0
2014-04-05 08:00:00,21.9524963038,0.0,18.63349151611328,0,0.5430745902510008,0.0,21.07663305128662,0.0
2014-04-05 08:05:00,19.9409218231,0.0,20.28449058532715,0,1.0198309669574952,0.0,21.07663305128662,0.0
2014-04-05 08:10:00,18.7166556732,0.0,18.143709182739254,0,0.7798368817629395,0.0,21.07663305128662,0.0
2014-04-05 08:15:00,21.5645603672,0.0,18.36920928955078,0,0.44656458942722166,0.0,21.07663305128662,0.0
2014-04-05 08:20:00,19.8414214925,0.0,19.628761291503906,0,0.9288588897529788,0.0,21.07663305128662,0.0
2014-04-05 08:25:00,20.838685374,0.0,18.770505905151367,0,0.4265526141286622,0.0,21.07663305128662,0.0
2014-04-05 08:30:00,21.934846332800003,0.0,19.397306442260746,0,0.6421289524563476,0.0,21.07663305128662,0.0
2014-04-05 08:35:00,18.2007014013,0.0,19.79158973693848,0,1.0017163297541503,0.0,21.07663305128662,0.0
2014-04-05 08:40:00,18.3867782392,0.0,17.309566497802734,0,0.8011584870028079,0.0,21.07663305128662,0.0
2014-04-05 08:45:00,20.8818269659,0.0,18.2724666595459,0,0.9092274295529545,0.0,21.07663305128662,0.0
2014-04-05 08:50:00,19.1273000132,0.0,19.88721466064453,0,0.967904376960401,0.0,21.07663305128662,0.0
2014-04-05 08:55:00,18.7372055878,0.0,17.333065032958984,0,0.5438577214362312,0.0,21.07663305128662,0.0
2014-04-05 09:00:00,61.7353215655,0.0,19.077571868896484,0,0.5437738535740482,0.0,21.07663305128662,0.0
2014-04-05 09:05:00,61.497115283,0.0,51.60845565795898,0,5.928895650655395,0.0,21.07663305128662,0.0
2014-04-05 09:10:00,71.7330042024,0.0,49.24737930297852,0,2.8149933769955098,0.0,21.07663305128662,0.0
2014-04-05 09:15:00,63.0282946122,0.0,63.20315551757813,0,5.5307071584926275,0.0,21.07663305128662,0.0
2014-04-05 09:20:00,67.5610003772,0.0,61.63703918457031,0,9.18760686148325,0.0,21.07663305128662,0.0
2014-04-05 09:25:00,69.4401966864,0.0,65.07652282714844,0,4.595883298486523,0.0,21.07663305128662,0.0
2014-04-05 09:30:00,67.0255844877,0.0,63.62987899780274,0,3.8624865802165527,0.0,21.07663305128662,0.0
2014-04-05 09:35:00,61.568650471800005,0.0,66.4110107421875,0,1.476246654026026,0.0,21.07663305128662,0.0
2014-04-05 09:40:00,71.85562043520001,0.0,60.18688201904297,0,2.315712601520751,0.0,21.07663305128662,0.0
2014-04-05 09:45:00,61.3429798538,0.0,66.55989837646484,0,2.678057495446925,0.0,21.07663305128662,0.0
2014-04-05 09:50:00,71.5617025635,0.0,58.53589248657226,0,1.9880860336958506,0.0,21.07663305128662,0.0
2014-04-05 09:55:00,73.3489411155,0.0,62.48292541503906,0,3.4190935282543986,0.0,21.07663305128662,0.0
2014-04-05 10:00:00,76.5576755748,0.0,73.75337982177734,0,4.954692144371438,0.0,21.07663305128662,0.0
2014-04-05 10:05:00,78.1516191825,0.0,70.9761962890625,0,1.8205453960886233,0.0,21.07663305128662,0.0
2014-04-05 10:10:00,77.24278225340001,0.0,76.65701293945312,0,4.061093072265774,0.0,21.07663305128662,0.0
2014-04-05 10:15:00,75.88051776100001,0.0,72.57439422607422,0,1.9778640193528325,0.0,21.07663305128662,0.0
2014-04-05 10:20:00,83.6128287889,0.0,72.88005065917969,0,1.721534266334963,0.0,21.07663305128662,0.0
2014-04-05 10:25:00,83.7138480856,0.0,75.21314239501953,0,2.725011734003811,0.0,21.07663305128662,0.0
2014-04-05 10:30:00,75.0518699792,0.0,77.00871276855469,0,2.890672083646683,0.0,21.07663305128662,0.0
2014-04-05 10:35:00,79.3858825823,0.0,75.3468017578125,0,2.7800075161839874,0.0,21.07663305128662,0.0
2014-04-05 10:40:00,84.2256053645,0.0,74.78712463378906,0,3.1536759292678713,0.0,21.07663305128662,0.0
2014-04-05 10:45:00,84.7711479036,0.0,71.67900085449219,0,2.9918887543916988,0.0,21.07663305128662,0.0
2014-04-05 10:50:00,77.7390443074,0.0,75.69947814941406,0,3.5658189242076155,0.0,21.07663305128662,0.0
2014-04-05 10:55:00,76.867840978,0.0,75.03982543945312,0,3.5761593452865217,0.0,21.07663305128662,0.0
2014-04-05 11:00:00,76.0003544005,0.0,75.70671081542969,0,3.299776184543944,0.0,21.07663305128662,0.0
2014-04-05 11:05:00,86.81789827120001,0.0,72.54130554199219,0,2.1566715413388664,0.0,21.07663305128662,0.0
2014-04-05 11:10:00,73.8393186983,0.0,73.78129577636719,0,2.304727251351368,0.0,21.07663305128662,0.0
2014-04-05 11:15:00,80.7896095775,0.0,74.37669372558594,0,1.8236103322035184,0.0,21.07663305128662,0.0
2014-04-05 11:20:00,76.0616794546,0.0,76.1824722290039,0,2.3967228713744166,0.0,21.07663305128662,0.0
2014-04-05 11:25:00,76.0053478497,0.0,75.70086669921875,0,2.449990100165822,0.0,21.07663305128662,0.0
2014-04-05 11:30:00,78.0086204136,0.0,73.22039031982422,0,0.7034761528250009,0.0,21.07663305128662,0.0
2014-04-05 11:35:00,87.4528028512,0.0,74.06170654296875,0,1.4533024838218758,0.0,21.07663305128662,0.0
2014-04-05 11:40:00,72.442184144,0.0,77.47489929199219,0,2.3255750408615246,0.0,21.07663305128662,0.0
2014-04-05 11:45:00,80.7691290767,0.0,75.75133514404297,0,2.5721774769870134,0.0,21.07663305128662,0.0
2014-04-05 11:50:00,72.8812276014,0.0,75.95838928222656,0,3.379999057039356,0.0,21.07663305128662,0.0
2014-04-05 11:55:00,74.02549928020001,0.0,73.75543975830078,0,3.031514714422169,0.0,21.07663305128662,0.0
2014-04-05 12:00:00,78.9381674599,0.0,71.54155731201172,0,1.6747162854218764,0.0,21.07663305128662,0.0
2014-04-05 12:05:00,80.071161267,0.0,76.02983093261719,0,1.9702031604088877,0.0,21.07663305128662,0.0
2014-04-05 12:10:00,76.0493097196,0.0,74.62960815429688,0,1.5976037540724626,0.0,21.07663305128662,0.0
2014-04-05 12:15:00,76.9708381171,0.0,75.43403625488281,0,1.3904212396320332,0.0,21.07663305128662,0.0
2014-04-05 12:20:00,73.30340255729999,0.0,73.5322036743164,0,1.7993054887239257,0.0,21.07663305128662,0.0
2014-04-05 12:25:00,76.7592947217,0.0,72.7827377319336,0,0.9033293598649426,0.0,21.07663305128662,0.0
2014-04-05 12:30:00,87.3599771081,0.0,72.68677520751953,0,0.8952326917878928,0.0,21.07663305128662,0.0
2014-04-05 12:35:00,87.010779725,0.0,77.83131408691406,0,2.55192023369756,0.0,21.07663305128662,0.0
2014-04-05 12:40:00,77.265222979,0.0,76.16065979003906,0,2.6432801645811512,0.0,21.07663305128662,0.0
2014-04-05 12:45:00,81.0363025849,0.0,78.37825012207031,0,3.482721044022462,0.0,21.07663305128662,0.0
2014-04-05 12:50:00,86.44966202629999,0.0,75.07792663574219,0,3.4519103988071294,0.0,21.07663305128662,0.0
2014-04-05 12:55:00,72.0124224329,0.0,76.65281677246094,0,3.0392270850542964,0.0,21.07663305128662,0.0
2014-04-05 13:00:00,84.9505441005,0.0,74.89691162109375,0,2.4424907623029295,0.0,21.07663305128662,0.0
2014-04-05 13:05:00,87.15299110549999,0.0,77.4117431640625,0,3.561124423608593,0.0,21.07663305128662,0.0
2014-04-05 13:10:00,73.4435810585,0.0,77.70262145996094,0,4.47587626887031,0.0,21.07663305128662,0.0
2014-04-05 13:15:00,74.5652630174,0.0,74.00950622558594,0,3.586789395233202,0.0,21.07663305128662,0.0
2014-04-05 13:20:00,87.35097157850002,0.0,73.50750732421875,0,3.076209701764842,0.0,21.07663305128662,0.0
2014-04-05 13:25:00,80.5812981441,0.0,75.75154113769531,0,3.5499386736242204,0.0,21.07663305128662,0.0
2014-04-05 13:30:00,72.20981163649999,0.0,76.68914031982422,0,2.787717541708206,0.0,21.07663305128662,0.0
2014-04-05 13:35:00,76.1038426733,0.0,76.99764251708984,0,2.698053679175004,0.0,21.07663305128662,0.0
2014-04-05 13:40:00,79.1800910046,0.0,74.68292999267578,0,2.96175603152442,0.0,21.07663305128662,0.0
2014-04-05 13:45:00,83.0666018062,0.0,72.75358581542969,0,1.7934681262297882,0.0,21.07663305128662,0.0
2014-04-05 13:50:00,83.7104707143,0.0,76.07921600341797,0,2.522913191226076,0.0,21.07663305128662,0.0
2014-04-05 13:55:00,87.9056417882,0.0,76.49755859375,0,2.9169039446708016,0.0,21.07663305128662,0.0
2014-04-05 14:00:00,76.5965023815,0.0,80.98208618164062,0,4.23118936350332,0.0,21.07663305128662,0.0
2014-04-05 14:05:00,80.6076522769,0.0,78.22987365722656,0,4.217242212030371,0.0,21.07663305128662,0.0
2014-04-05 14:10:00,80.5293111733,0.0,76.40158081054688,0,2.7363117771870122,0.0,21.07663305128662,0.0
2014-04-05 14:15:00,78.48655661560001,0.0,75.34053039550781,0,2.2885785957208995,0.0,21.07663305128662,0.0
2014-04-05 14:20:00,74.7030043851,0.0,77.51852416992188,0,1.337559712092581,0.0,21.07663305128662,0.0
2014-04-05 14:25:00,87.6350983243,0.0,75.57424926757812,0,1.2606901643496098,0.0,21.07663305128662,0.0
2014-04-05 14:30:00,85.6489636391,0.0,75.48273468017578,0,2.646735370965432,0.0,21.07663305128662,0.0
2014-04-05 14:35:00,79.9694897329,0.0,76.41832733154297,0,3.401547695486819,0.0,21.07663305128662,0.0
2014-04-05 14:40:00,81.6480074705,0.0,77.68565368652344,0,3.5581330830058597,0.0,21.07663305128662,0.0
2014-04-05 14:45:00,75.6325463205,0.0,78.7926025390625,0,3.7175742751224625,0.0,21.07663305128662,0.0
2014-04-05 14:50:00,80.6967194978,0.0,76.53193664550781,0,2.6049751703525406,0.0,21.07663305128662,0.0
2014-04-05 14:55:00,83.1155323929,0.0,77.03057861328125,0,1.7193220695588884,0.0,21.07663305128662,0.0
2014-04-05 15:00:00,80.2419021245,0.0,75.15704345703125,0,2.1715183293062505,0.0,21.07663305128662,0.0
2014-04-05 15:05:00,87.8437194216,0.0,77.38900756835938,0,2.3118314397427735,0.0,21.07663305128662,0.0
2014-04-05 15:10:00,81.7806813979,0.0,77.15647888183594,0,3.2236633940775388,0.0,21.07663305128662,0.0
2014-04-05 15:15:00,77.93483121989999,0.0,79.65895080566406,0,3.2810908520490223,0.0,21.07663305128662,0.0
2014-04-05 15:20:00,84.3536226393,0.0,75.99523162841797,0,2.7359865778171883,0.0,21.07663305128662,0.0
2014-04-05 15:25:00,74.72668280229999,0.0,79.3165283203125,0,3.1451781207438483,0.0,21.07663305128662,0.0
2014-04-05 15:30:00,78.1515027577,0.0,76.90454864501953,0,1.9944526289868172,0.0,21.07663305128662,0.0
2014-04-05 15:35:00,77.5505987131,0.0,74.7208023071289,0,1.2624149901013695,0.0,21.07663305128662,0.0
2014-04-05 15:40:00,78.9081559962,0.0,76.1357192993164,0,1.783476484208009,0.0,21.07663305128662,0.0
2014-04-05 15:45:00,84.50766593350001,0.0,73.36380004882812,0,1.4298790916934578,0.0,21.07663305128662,0.0
2014-04-05 15:50:00,79.7460029456,0.0,76.6401596069336,0,2.2491316375258794,0.0,21.07663305128662,0.0
2014-04-05 15:55:00,84.7034180436,0.0,78.3828125,0,2.481492790774121,0.0,21.07663305128662,0.0
2014-04-05 16:00:00,81.2236665005,0.0,77.51432037353516,0,2.9178439329777337,0.0,21.07663305128662,0.0
2014-04-05 16:05:00,77.4729622061,0.0,79.60775756835938,0,3.034957611737891,0.0,21.07663305128662,0.0
2014-04-05 16:10:00,84.9594967764,0.0,75.95024871826172,0,1.8054320515576183,0.0,21.07663305128662,0.0
2014-04-05 16:15:00,75.8124891686,0.0,76.59452056884766,0,2.5433576414916033,0.0,21.07663305128662,0.0
2014-04-05 16:20:00,75.5899825438,0.0,77.62776947021484,0,1.2527793065437525,0.0,21.07663305128662,0.0
2014-04-05 16:25:00,80.0718930465,0.0,73.52507781982422,0,1.305514055828029,0.0,21.07663305128662,0.0
2014-04-05 16:30:00,76.1734416821,0.0,76.83748626708984,0,2.2969852014345697,0.0,21.07663305128662,0.0
2014-04-05 16:35:00,72.1452540401,0.0,73.7651138305664,0,0.9428876811057609,0.0,21.07663305128662,0.0
2014-04-05 16:40:00,82.3726022811,0.0,73.12980651855469,0,1.1767723425540026,0.0,21.07663305128662,0.0
2014-04-05 16:45:00,80.1773472028,0.0,76.47431945800781,0,2.2591894205846668,0.0,21.07663305128662,0.0
2014-04-05 16:50:00,79.1281331056,0.0,74.10060119628906,0,1.6087209277244128,0.0,21.07663305128662,0.0
2014-04-05 16:55:00,87.4713282886,0.0,77.14503479003906,0,2.15415684326455,0.0,21.07663305128662,0.0
2014-04-05 17:00:00,81.139155786,0.0,76.78605651855469,0,3.537456114401172,0.0,21.07663305128662,0.0
2014-04-05 17:05:00,85.8148722917,0.0,77.5270767211914,0,2.926244052513672,0.0,21.07663305128662,0.0
2014-04-05 17:10:00,74.2311752745,0.0,79.04127502441406,0,3.4993400307282236,0.0,21.07663305128662,0.0
2014-04-05 17:15:00,81.1072722649,0.0,76.32453918457031,0,3.472161010803614,0.0,21.07663305128662,0.0
2014-04-05 17:20:00,85.8876410468,0.0,76.71968078613281,0,2.7018590737424812,0.0,21.07663305128662,0.0
2014-04-05 17:25:00,81.3296608859,0.0,76.14076232910156,0,3.381073582677441,0.0,21.07663305128662,0.0
2014-04-05 17:30:00,83.4881947906,0.0,78.12173461914062,0,2.9937114559636715,0.0,21.07663305128662,0.0
2014-04-05 17:35:00,77.9526671512,0.0,76.14474487304688,0,3.0632565086568366,0.0,21.07663305128662,0.0
2014-04-05 17:40:00,73.4791640566,0.0,78.35114288330078,0,2.6914051583847662,0.0,21.07663305128662,0.0
2014-04-05 17:45:00,79.32637426069999,0.0,73.70930480957031,0,2.154407479138966,0.0,21.07663305128662,0.0
2014-04-05 17:50:00,78.3116401817,0.0,74.45541381835938,0,1.67750854822666,0.0,21.07663305128662,0.0
2014-04-05 17:55:00,85.8729299428,0.0,76.6873779296875,0,1.3954656961131828,0.0,21.07663305128662,0.0
2014-04-05 18:00:00,30.3615641056,0.0,75.04354858398438,0,2.4408974921959956,0.0,21.07663305128662,0.0
2014-04-05 18:05:00,34.9870923387,0.0,51.23137283325195,0,7.917604038245898,0.0,21.07663305128662,0.0
2014-04-05 18:10:00,34.9320772598,0.0,43.34162521362305,0,6.677994899546582,0.0,21.07663305128662,0.0
2014-04-05 18:15:00,30.3848366818,0.0,40.5410385131836,0,7.206102866040771,0.0,21.07663305128662,0.0
2014-04-05 18:20:00,31.0275265578,0.0,33.933055877685554,0,9.936501844767871,0.0,21.07663305128662,0.0
2014-04-05 18:25:00,34.5315501115,0.0,34.70476531982422,0,4.582690392328712,0.0,21.07663305128662,0.0
2014-04-05 18:30:00,34.9863754963,0.0,40.391822814941406,0,2.5806841164127454,0.0,21.07663305128662,0.0
2014-04-05 18:35:00,31.638004183699998,0.0,30.41031646728516,0,2.330049209779347,0.0,21.07663305128662,0.0
2014-04-05 18:40:00,30.8543751681,0.0,32.37804412841797,0,1.2139849454082516,0.0,21.07663305128662,0.0
2014-04-05 18:45:00,32.1669955087,0.0,34.39099502563477,0,1.0412524004623038,0.0,21.07663305128662,0.0
2014-04-05 18:50:00,33.201716546,0.0,33.4736328125,0,1.1890302340654788,0.0,21.07663305128662,0.0
2014-04-05 18:55:00,30.550231032800003,0.0,38.514259338378906,0,0.4179987228853026,0.0,21.07663305128662,0.0
2014-04-05 19:00:00,23.4593985354,0.0,21.894750595092773,0,1.394992578968702,0.0,21.07663305128662,0.0
2014-04-05 19:05:00,20.3914238413,0.0,25.114925384521484,0,1.503074003665113,0.0,21.07663305128662,0.0
2014-04-05 19:10:00,20.3808382096,0.0,20.06163787841797,0,1.8155117569509516,0.0,21.07663305128662,0.0
2014-04-05 19:15:00,21.890567718200003,0.0,22.724573135375977,0,1.4791486736339596,0.0,21.07663305128662,0.0
2014-04-05 19:20:00,21.743558707600002,0.0,21.854721069335934,0,0.5878958125835934,0.0,21.07663305128662,0.0
2014-04-05 19:25:00,21.5740356214,0.0,19.29342269897461,0,0.7484837066644277,0.0,21.07663305128662,0.0
2014-04-05 19:30:00,22.3597673102,0.0,19.897554397583008,0,0.44312262906491595,0.0,21.07663305128662,0.0
2014-04-05 19:35:00,21.596885264,0.0,16.324010848999027,0,0.7109992017442859,0.0,21.07663305128662,0.0
2014-04-05 19:40:00,21.021314321600002,0.0,18.80441093444824,0,1.265857826472411,0.0,21.07663305128662,0.0
2014-04-05 19:45:00,21.5464223979,0.0,19.367111206054688,0,1.5290754546493899,0.0,21.07663305128662,0.0
2014-04-05 19:50:00,24.5275697967,0.0,20.5218505859375,0,1.51641273832688,0.0,21.07663305128662,0.0
2014-04-05 19:55:00,22.0017869012,0.0,21.73960494995117,0,1.7093510255950686,0.0,21.07663305128662,0.0
2014-04-05 20:00:00,20.253543291,0.0,18.931251525878906,0,0.9517374485510515,0.0,21.07663305128662,0.0
2014-04-05 20:05:00,20.7935280293,0.0,19.025617599487305,0,0.9470401958658208,0.0,21.07663305128662,0.0
2014-04-05 20:10:00,22.4597635179,0.0,19.039566040039066,0,0.9197629196181398,0.0,21.07663305128662,0.0
2014-04-05 20:15:00,19.4215985952,0.0,20.17939758300781,0,0.8465727030054442,0.0,21.07663305128662,0.0
2014-04-05 20:20:00,21.2225312701,0.0,18.5961856842041,0,0.9085248325753166,0.0,21.07663305128662,0.0
2014-04-05 20:25:00,21.3646730484,0.0,20.33832359313965,0,1.071531560172167,0.0,21.07663305128662,0.0
2014-04-05 20:30:00,20.9196005601,0.0,18.817527770996094,0,0.8642458136106681,0.0,21.07663305128662,0.0
2014-04-05 20:35:00,18.794816653599998,0.0,18.46727561950684,0,0.6994802275160397,0.0,21.07663305128662,0.0
2014-04-05 20:40:00,21.2044685873,0.0,18.10541534423828,0,0.573028019950732,0.0,21.07663305128662,0.0
2014-04-05 20:45:00,18.6945317121,0.0,20.00192642211914,0,0.6321164770964596,0.0,21.07663305128662,0.0
2014-04-05 20:50:00,20.8738000421,0.0,18.228120803833008,0,0.7036190009698475,0.0,21.07663305128662,0.0
2014-04-05 20:55:00,21.4613242444,0.0,19.783466339111328,0,0.6664468318962151,0.0,21.07663305128662,0.0
2014-04-05 21:00:00,18.934330138099998,0.0,19.051990509033203,0,0.9420247405983644,0.0,21.07663305128662,0.0
2014-04-05 21:05:00,21.4690471202,0.0,18.076475143432614,0,0.5824571996870853,0.0,21.07663305128662,0.0
2014-04-05 21:10:00,18.2083979707,0.0,20.303688049316406,0,0.9792211864070319,0.0,21.07663305128662,0.0
2014-04-05 21:15:00,21.477852609099997,0.0,17.528270721435547,0,0.7392528025486578,0.0,21.07663305128662,0.0
2014-04-05 21:20:00,19.9365544716,0.0,20.449851989746094,0,0.8463229466766355,0.0,21.07663305128662,0.0
2014-04-05 21:25:00,18.9609294018,0.0,18.205739974975586,0,0.8474195543019283,0.0,21.07663305128662,0.0
2014-04-05 21:30:00,18.6240810748,0.0,18.96468734741211,0,0.6339881115256589,0.0,21.07663305128662,0.0
2014-04-05 21:35:00,21.917932114299997,0.0,17.546512603759766,0,0.6948343881558836,0.0,21.07663305128662,0.0
2014-04-05 21:40:00,18.3784574847,0.0,20.486801147460934,0,0.7475640910153563,0.0,21.07663305128662,0.0
2014-04-05 21:45:00,18.886596227200002,0.0,16.600019454956055,0,0.6719988091345943,0.0,21.07663305128662,0.0
2014-04-05 21:50:00,19.4843675311,0.0,19.4795036315918,0,0.8642900640599125,0.0,21.07663305128662,0.0
2014-04-05 21:55:00,20.579247854600002,0.0,18.59670639038086,0,1.0223449763779047,0.0,21.07663305128662,0.0
2014-04-05 22:00:00,20.1985763674,0.0,18.43704414367676,0,0.7977907248415277,0.0,21.07663305128662,0.0
2014-04-05 22:05:00,18.5203364316,0.0,18.975055694580078,0,0.7544392949618159,0.0,21.07663305128662,0.0
2014-04-05 22:10:00,19.177304481,0.0,17.626373291015625,0,0.304757796001097,0.0,21.07663305128662,0.0
2014-04-05 22:15:00,18.9732038818,0.0,19.32931900024414,0,0.6776104631957276,0.0,21.07663305128662,0.0
2014-04-05 22:20:00,18.8722714133,0.0,17.588184356689453,0,0.45229303312199676,0.0,21.07663305128662,0.0
2014-04-05 22:25:00,19.6634361305,0.0,18.307382583618164,0,0.3926123872329099,0.0,21.07663305128662,0.0
2014-04-05 22:30:00,20.8361092809,0.0,18.178752899169922,0,0.568398363990112,0.0,21.07663305128662,0.0
2014-04-05 22:35:00,18.887926738900003,0.0,19.485248565673828,0,0.706701512958325,0.0,21.07663305128662,0.0
2014-04-05 22:40:00,19.4854035561,0.0,17.55746841430664,0,0.5836080634060781,0.0,21.07663305128662,0.0
2014-04-05 22:45:00,19.5824508207,0.0,18.89692687988281,0,0.8152555270141604,0.0,21.07663305128662,0.0
2014-04-05 22:50:00,21.9268557,0.0,18.18165779113769,0,0.732392143766456,0.0,21.07663305128662,0.0
2014-04-05 22:55:00,21.8396113356,0.0,19.85747528076172,0,0.8683723346579848,0.0,21.07663305128662,0.0
2014-04-05 23:00:00,21.2046208346,0.0,19.48809051513672,0,0.9960901652061778,0.0,21.07663305128662,0.0
2014-04-05 23:05:00,18.9702772755,0.0,19.49652671813965,0,0.9817954704899181,0.0,21.07663305128662,0.0
2014-04-05 23:10:00,18.275657507200002,0.0,18.514278411865234,0,0.9962642157254402,0.0,21.07663305128662,0.0
2014-04-05 23:15:00,19.2713159314,0.0,18.017534255981445,0,0.5579420902008057,0.0,21.07663305128662,0.0
2014-04-05 23:20:00,19.070839094100002,0.0,18.321046829223636,0,0.46689779277333976,0.0,21.07663305128662,0.0
2014-04-05 23:25:00,20.0275477496,0.0,18.073532104492188,0,0.34038187069702097,0.0,21.07663305128662,0.0
2014-04-05 23:30:00,21.1149649332,0.0,19.004047393798828,0,0.5188526460055414,0.0,21.07663305128662,0.0
2014-04-05 23:35:00,21.4374069454,0.0,18.803855895996094,0,0.758563390600488,0.0,21.07663305128662,0.0
2014-04-05 23:40:00,21.3835611952,0.0,19.14990234375,0,0.9310345623486569,0.0,21.07663305128662,0.0
2014-04-05 23:45:00,19.442434473800002,0.0,19.184696197509766,0,1.116517885670361,0.0,21.07663305128662,0.0
2014-04-05 23:50:00,20.7529211678,0.0,19.24165153503418,0,0.904483214568164,0.0,21.07663305128662,0.0
2014-04-05 23:55:00,19.2550330449,0.0,19.897459030151367,0,0.8295272262387452,0.0,21.07663305128662,0.0
2014-04-06 00:00:00,18.2436221729,0.0,18.491947174072266,0,0.5237585236757574,0.0,21.07663305128662,0.0
2014-04-06 00:05:00,20.8062610624,0.0,17.94631576538086,0,0.2755917923910407,0.0,21.07663305128662,0.0
2014-04-06 00:10:00,18.0393102103,0.0,18.917972564697266,0,0.6577457395260744,0.0,21.07663305128662,0.0
2014-04-06 00:15:00,19.6367303498,0.0,17.380348205566403,0,0.4943760307553471,0.0,21.07663305128662,0.0
2014-04-06 00:20:00,19.3175170772,0.0,18.867713928222656,0,0.6686580069201669,0.0,21.07663305128662,0.0
2014-04-06 00:25:00,20.773510154100002,0.0,18.40058708190918,0,0.7020486533380867,0.0,21.07663305128662,0.0
2014-04-06 00:30:00,21.064981891,0.0,19.22534942626953,0,0.6411708752345469,0.0,21.07663305128662,0.0
2014-04-06 00:35:00,19.2163785439,0.0,18.90960693359375,0,0.8648426037665291,0.0,21.07663305128662,0.0
2014-04-06 00:40:00,21.2465080578,0.0,18.81043243408203,0,0.6211412870256106,0.0,21.07663305128662,0.0
2014-04-06 00:45:00,19.175667042,0.0,19.35742950439453,0,0.8694253463681885,0.0,21.07663305128662,0.0
2014-04-06 00:50:00,19.7853054399,0.0,18.407791137695312,0,0.5778989000818355,0.0,21.07663305128662,0.0
2014-04-06 00:55:00,20.9080741081,0.0,18.889253616333008,0,0.5201341297661131,0.0,21.07663305128662,0.0
2014-04-06 01:00:00,20.7716809169,0.0,19.070358276367188,0,0.7517716100105223,0.0,21.07663305128662,0.0
2014-04-06 01:05:00,21.9494738892,0.0,19.554691314697266,0,0.6599274871123777,0.0,21.07663305128662,0.0
2014-04-06 01:10:00,18.9006440969,0.0,19.20486640930176,0,0.9365550011259032,0.0,21.07663305128662,0.0
2014-04-06 01:15:00,20.6492716542,0.0,18.657968521118164,0,0.8023935024005375,0.0,21.07663305128662,0.0
2014-04-06 01:20:00,20.4387276331,0.0,19.19951629638672,0,0.798953832564893,0.0,21.07663305128662,0.0
2014-04-06 01:25:00,21.660393818000003,0.0,18.909502029418945,0,0.7038308946516119,0.0,21.07663305128662,0.0
2014-04-06 01:30:00,18.6254485666,0.0,19.95032501220703,0,0.7483445464114022,0.0,21.07663305128662,0.0
2014-04-06 01:35:00,21.0071926543,0.0,17.564861297607422,0,0.9125402374792975,0.0,21.07663305128662,0.0
2014-04-06 01:40:00,20.2730744651,0.0,20.6607608795166,0,1.0604176649913821,0.0,21.07663305128662,0.0
2014-04-06 01:45:00,19.098663479200003,0.0,17.615234375,0,0.7338092115475834,0.0,21.07663305128662,0.0
2014-04-06 01:50:00,19.897739656600002,0.0,18.82625961303711,0,0.5753763759999515,0.0,21.07663305128662,0.0
2014-04-06 01:55:00,19.335106388299998,0.0,19.004375457763672,0,0.7981158648590094,0.0,21.07663305128662,0.0
2014-04-06 02:00:00,20.317253611199998,0.0,18.55553436279297,0,0.40916581158947807,0.0,21.07663305128662,0.0
2014-04-06 02:05:00,21.5560024433,0.0,19.2487850189209,0,0.5809199158382814,0.0,21.07663305128662,0.0
2014-04-06 02:10:00,20.277219937599998,0.0,18.90053939819336,0,0.6838934558606686,0.0,21.07663305128662,0.0
2014-04-06 02:15:00,20.526889673299998,0.0,19.18246841430664,0,0.7220435178411369,0.0,21.07663305128662,0.0
2014-04-06 02:20:00,20.0749913885,0.0,19.01424598693848,0,0.8487548088982657,0.0,21.07663305128662,0.0
2014-04-06 02:25:00,18.204662025799998,0.0,19.6029109954834,0,0.7611330780425769,0.0,21.07663305128662,0.0
2014-04-06 02:30:00,18.9314342275,0.0,17.551307678222653,0,0.6475120212056145,0.0,21.07663305128662,0.0
2014-04-06 02:35:00,19.9680069177,0.0,18.87869453430176,0,0.613840993803271,0.0,21.07663305128662,0.0
2014-04-06 02:40:00,19.240941135,0.0,18.489267349243164,0,0.4160290273439924,0.0,21.07663305128662,0.0
2014-04-06 02:45:00,18.727054391,0.0,17.851638793945312,0,0.493166147451757,0.0,21.07663305128662,0.0
2014-04-06 02:50:00,20.0165313677,0.0,18.392650604248047,0,0.493111021523168,0.0,21.07663305128662,0.0
2014-04-06 02:55:00,19.2912391738,0.0,18.593318939208984,0,0.523580298294994,0.0,21.07663305128662,0.0
2014-04-06 03:00:00,19.0324305727,0.0,18.13152503967285,0,0.49361129760681166,0.0,21.07663305128662,0.0
2014-04-06 03:05:00,19.8559416698,0.0,18.508834838867188,0,0.5122652660156009,0.0,21.07663305128662,0.0
2014-04-06 03:10:00,18.5331370323,0.0,18.86620140075684,0,0.5712266702503666,0.0,21.07663305128662,0.0
2014-04-06 03:15:00,21.7109829323,0.0,17.893091201782227,0,0.39482914414873127,0.0,21.07663305128662,0.0
2014-04-06 03:20:00,21.4708083917,0.0,19.72006607055664,0,0.7998710578668216,0.0,21.07663305128662,0.0
2014-04-06 03:25:00,20.830482343,0.0,18.77608871459961,0,0.7577345265992679,0.0,21.07663305128662,0.0
2014-04-06 03:30:00,18.424855310399998,0.0,19.37296867370605,0,0.8461453762827151,0.0,21.07663305128662,0.0
2014-04-06 03:35:00,21.1035090179,0.0,18.38575935363769,0,0.9972996364512694,0.0,21.07663305128662,0.0
2014-04-06 03:40:00,21.2318293124,0.0,20.081371307373047,0,0.8597818781693363,0.0,21.07663305128662,0.0
2014-04-06 03:45:00,21.0710584709,0.0,18.3811149597168,0,0.6517748330028317,0.0,21.07663305128662,0.0
2014-04-06 03:50:00,18.455863548499998,0.0,19.59397315979004,0,0.7312185683506827,0.0,21.07663305128662,0.0
2014-04-06 03:55:00,20.5756318283,0.0,18.0424747467041,0,0.7588441291111812,0.0,21.07663305128662,0.0
2014-04-06 04:00:00,21.337299183,0.0,19.521564483642575,0,0.7162136884303703,0.0,21.07663305128662,0.0
2014-04-06 04:05:00,20.3094136049,0.0,18.78318214416504,0,0.8889054960354983,0.0,21.07663305128662,0.0
2014-04-06 04:10:00,20.585629500899998,0.0,18.54129409790039,0,0.7434414897294688,0.0,21.07663305128662,0.0
2014-04-06 04:15:00,19.833453917699998,0.0,19.923873901367188,0,0.9899323305859866,0.0,21.07663305128662,0.0
2014-04-06 04:20:00,20.1148292795,0.0,18.823266983032227,0,0.6845901933448979,0.0,21.07663305128662,0.0
2014-04-06 04:25:00,18.1375074334,0.0,19.115140914916992,0,0.6190686429836916,0.0,21.07663305128662,0.0
2014-04-06 04:30:00,20.5558520879,0.0,17.229433059692386,0,0.4986379744936036,0.0,21.07663305128662,0.0
2014-04-06 04:35:00,18.325788851600002,0.0,19.763437271118164,0,0.6588984276446044,0.0,21.07663305128662,0.0
2014-04-06 04:40:00,19.7400583774,0.0,17.468162536621097,0,0.6759166734990472,0.0,21.07663305128662,0.0
2014-04-06 04:45:00,19.170620390699998,0.0,19.50617218017578,0,0.7259556034705312,0.0,21.07663305128662,0.0
2014-04-06 04:50:00,20.1817118008,0.0,17.596019744873047,0,0.6932372683335446,0.0,21.07663305128662,0.0
2014-04-06 04:55:00,18.5336653421,0.0,19.08656883239746,0,0.6813005971405026,0.0,21.07663305128662,0.0
2014-04-06 05:00:00,20.7665736079,0.0,17.700531005859375,0,0.5966920423004147,0.0,21.07663305128662,0.0
2014-04-06 05:05:00,21.1800461477,0.0,19.791767120361328,0,0.6959603874581299,0.0,21.07663305128662,0.0
2014-04-06 05:10:00,18.653417799,0.0,19.077754974365234,0,0.7918519246677977,0.0,21.07663305128662,0.0
2014-04-06 05:15:00,18.4172523494,0.0,17.958219528198242,0,0.5216825645975831,0.0,21.07663305128662,0.0
2014-04-06 05:20:00,18.5820619311,0.0,18.648347854614254,0,0.6672114532432865,0.0,21.07663305128662,0.0
2014-04-06 05:25:00,21.508510247600004,0.0,17.554908752441403,0,0.2922418684274901,0.0,21.07663305128662,0.0
2014-04-06 05:30:00,20.112757047,0.0,19.7729606628418,0,0.6129071769049812,0.0,21.07663305128662,0.0
2014-04-06 05:35:00,19.869043984,0.0,17.824705123901367,0,0.4534772365363766,0.0,21.07663305128662,0.0
2014-04-06 05:40:00,18.4268472764,0.0,19.50306701660156,0,0.6516404913984859,0.0,21.07663305128662,0.0
2014-04-06 05:45:00,20.598224027,0.0,17.591670989990234,0,0.758480386646899,0.0,21.07663305128662,0.0
2014-04-06 05:50:00,21.4719983676,0.0,19.463743209838867,0,0.6400993293782946,0.0,21.07663305128662,0.0
2014-04-06 05:55:00,21.3127434773,0.0,18.5057315826416,0,0.7985285111036386,0.0,21.07663305128662,0.0
2014-04-06 06:00:00,20.504218835899998,0.0,19.79429626464844,0,0.9826429870239988,0.0,21.07663305128662,0.0
2014-04-06 06:05:00,18.301114866600003,0.0,19.484764099121094,0,1.066467832585107,0.0,21.07663305128662,0.0
2014-04-06 06:10:00,18.4495881087,0.0,17.94924545288086,0,0.8386048570240225,0.0,21.07663305128662,0.0
2014-04-06 06:15:00,18.1972359484,0.0,18.082414627075195,0,0.6501157942812732,0.0,21.07663305128662,0.0
2014-04-06 06:20:00,19.029916866,0.0,17.234041213989258,0,0.31359197261457394,0.0,21.07663305128662,0.0
2014-04-06 06:25:00,18.542645868599998,0.0,18.794776916503906,0,0.4493361077094722,0.0,21.07663305128662,0.0
2014-04-06 06:30:00,19.040192161,0.0,17.61422348022461,0,0.25820371361933603,0.0,21.07663305128662,0.0
2014-04-06 06:35:00,19.5402322229,0.0,18.498598098754886,0,0.3739069667388675,0.0,21.07663305128662,0.0
2014-04-06 06:40:00,21.7719311363,0.0,17.508296966552734,0,0.5644511881043943,0.0,21.07663305128662,0.0
2014-04-06 06:45:00,20.441504239100002,0.0,19.582963943481445,0,0.8729210028214598,0.0,21.07663305128662,0.0
2014-04-06 06:50:00,21.3398951427,0.0,18.824634552001953,0,0.8237121433107912,0.0,21.07663305128662,0.0
2014-04-06 06:55:00,20.8414060028,0.0,20.387924194335934,0,1.0795421824534421,0.0,21.07663305128662,0.0
2014-04-06 07:00:00,18.4500125221,0.0,19.40011405944824,0,1.0113646080659922,0.0,21.07663305128662,0.0
2014-04-06 07:05:00,20.9436816255,0.0,17.723655700683594,0,0.5971730290161137,0.0,21.07663305128662,0.0
2014-04-06 07:10:00,19.1003955262,0.0,19.60472869873047,0,0.8923587326658446,0.0,21.07663305128662,0.0
2014-04-06 07:15:00,20.556431388,0.0,17.712120056152344,0,0.4966532833160886,0.0,21.07663305128662,0.0
2014-04-06 07:20:00,19.3638478946,0.0,19.604610443115234,0,0.7955069737390374,0.0,21.07663305128662,0.0
2014-04-06 07:25:00,21.9906890531,0.0,18.037006378173828,0,0.7881522575993163,0.0,21.07663305128662,0.0
2014-04-06 07:30:00,19.054205918,0.0,20.07091522216797,0,0.8798593513630371,0.0,21.07663305128662,0.0
2014-04-06 07:35:00,19.1165218831,0.0,17.264501571655273,0,0.9185498164861325,0.0,21.07663305128662,0.0
2014-04-06 07:40:00,21.722689022199997,0.0,19.42672348022461,0,0.7945134389357662,0.0,21.07663305128662,0.0
2014-04-06 07:45:00,18.0985776185,0.0,19.38827133178711,0,1.1397972290642815,0.0,21.07663305128662,0.0
2014-04-06 07:50:00,20.7867559515,0.0,17.734460830688477,0,0.806798608859399,0.0,21.07663305128662,0.0
2014-04-06 07:55:00,20.9013055629,0.0,19.819063186645508,0,0.9891314384506589,0.0,21.07663305128662,0.0
2014-04-06 08:00:00,21.3455143096,0.0,18.515811920166016,0,0.7499638980228758,0.0,21.07663305128662,0.0
2014-04-06 08:05:00,21.8977572426,0.0,19.869712829589844,0,0.8166810039552002,0.0,21.07663305128662,0.0
2014-04-06 08:10:00,21.9024076766,0.0,19.328933715820312,0,1.1240355374387696,0.0,21.07663305128662,0.0
2014-04-06 08:15:00,18.2611070303,0.0,20.820552825927734,0,1.0641828924347898,0.0,21.07663305128662,0.0
2014-04-06 08:20:00,21.287357291,0.0,17.378498077392578,0,1.2488333198564452,0.0,21.07663305128662,0.0
2014-04-06 08:25:00,20.585239734600002,0.0,21.045047760009766,0,1.188028703027539,0.0,21.07663305128662,0.0
2014-04-06 08:30:00,20.5893685375,0.0,18.02084350585937,0,0.6550069150949214,0.0,21.07663305128662,0.0
2014-04-06 08:35:00,18.5133997065,0.0,19.065996170043945,0,0.8390871670719728,0.0,21.07663305128662,0.0
2014-04-06 08:40:00,20.600748665799998,0.0,18.64738273620605,0,0.7336873907139405,0.0,21.07663305128662,0.0
2014-04-06 08:45:00,21.929930322399997,0.0,18.978029251098636,0,0.4892507302122562,0.0,21.07663305128662,0.0
2014-04-06 08:50:00,21.6472742782,0.0,19.538700103759766,0,0.9787156263616685,0.0,21.07663305128662,0.0
2014-04-06 08:55:00,19.7565226432,0.0,19.333364486694336,0,0.8391327491211666,0.0,21.07663305128662,0.0
2014-04-06 09:00:00,61.7432924367,0.0,19.364055633544922,0,0.9296249164801509,0.0,21.07663305128662,0.0
2014-04-06 09:05:00,66.12719146399999,0.0,52.31243515014648,0,5.982858775675293,0.0,21.07663305128662,0.0
2014-04-06 09:10:00,72.43890823779999,0.0,53.29275512695313,0,3.2712266176260023,0.0,21.07663305128662,0.0
2014-04-06 09:15:00,70.7403877799,0.0,63.07992553710938,0,5.278383987575999,0.0,21.07663305128662,0.0
2014-04-06 09:20:00,67.4470737161,0.0,67.12223815917969,0,10.040917783728414,0.0,21.07663305128662,0.0
2014-04-06 09:25:00,61.949380878199996,0.0,65.47522735595703,0,4.869514229256489,0.0,21.07663305128662,0.0
2014-04-06 09:30:00,67.0057682984,0.0,59.55156707763672,0,3.832162173539353,0.0,21.07663305128662,0.0
2014-04-06 09:35:00,67.5787391802,0.0,65.17890930175781,0,2.3706681872789055,0.0,21.07663305128662,0.0
2014-04-06 09:40:00,73.8283552474,0.0,63.39448547363281,0,1.1151480740888653,0.0,21.07663305128662,0.0
2014-04-06 09:45:00,69.9187710087,0.0,66.20815277099611,0,2.5730273658964844,0.0,21.07663305128662,0.0
2014-04-06 09:50:00,65.4384796665,0.0,65.33877563476561,0,2.9998148888345693,0.0,21.07663305128662,0.0
2014-04-06 09:55:00,68.34432839649999,0.0,60.46717834472656,0,2.080502740205958,0.0,21.07663305128662,0.0
2014-04-06 10:00:00,70.8651783774,0.0,69.57024383544922,0,2.7651677618723625,0.0,21.07663305128662,0.0
2014-04-06 10:05:00,84.9342590173,0.0,68.005126953125,0,1.412809196513967,0.0,21.07663305128662,0.0
2014-04-06 10:10:00,75.428129678,0.0,74.91468811035156,0,3.065123424822854,0.0,21.07663305128662,0.0
2014-04-06 10:15:00,77.2565013483,0.0,72.38200378417969,0,2.812016173699316,0.0,21.07663305128662,0.0
2014-04-06 10:20:00,75.35400728020001,0.0,72.24015045166016,0,2.4453120006178715,0.0,21.07663305128662,0.0
2014-04-06 10:25:00,80.4325820514,0.0,70.67619323730469,0,3.1788660030604508,0.0,21.07663305128662,0.0
2014-04-06 10:30:00,80.1178430973,0.0,73.72663879394531,0,2.282273096800491,0.0,21.07663305128662,0.0
2014-04-06 10:35:00,80.94180225939999,0.0,75.3721694946289,0,3.0169934387637714,0.0,21.07663305128662,0.0
2014-04-06 10:40:00,74.0015829236,0.0,77.03179931640625,0,3.099344785237893,0.0,21.07663305128662,0.0
2014-04-06 10:45:00,74.7391748277,0.0,72.14698791503906,0,3.0934302843784174,0.0,21.07663305128662,0.0
2014-04-06 10:50:00,71.7838991066,0.0,70.52468872070312,0,2.1979050466991197,0.0,21.07663305128662,0.0
2014-04-06 10:55:00,80.0135147631,0.0,68.95281219482422,0,1.356892877355273,0.0,21.07663305128662,0.0
2014-04-06 11:00:00,72.2009335131,0.0,70.75654602050781,0,2.2427895324549816,0.0,21.07663305128662,0.0
2014-04-06 11:05:00,81.0735398642,0.0,74.51058959960938,0,2.044560919928223,0.0,21.07663305128662,0.0
2014-04-06 11:10:00,85.39964335270001,0.0,72.50651550292969,0,2.436647737294436,0.0,21.07663305128662,0.0
2014-04-06 11:15:00,85.73579448640001,0.0,75.41401672363281,0,3.995146021903615,0.0,21.07663305128662,0.0
2014-04-06 11:20:00,78.7094965409,0.0,74.83399200439453,0,3.7533191376666046,0.0,21.07663305128662,0.0
2014-04-06 11:25:00,78.8727658573,0.0,77.34855651855469,0,4.206670051704203,0.0,21.07663305128662,0.0
2014-04-06 11:30:00,72.7921178866,0.0,77.78715515136719,0,3.576827435973538,0.0,21.07663305128662,0.0
2014-04-06 11:35:00,82.2358469646,0.0,74.36658477783203,0,2.5895661128481464,0.0,21.07663305128662,0.0
2014-04-06 11:40:00,84.6293098216,0.0,74.20548248291016,0,1.9707230428479505,0.0,21.07663305128662,0.0
2014-04-06 11:45:00,75.4589939884,0.0,75.66130065917969,0,2.809672057670996,0.0,21.07663305128662,0.0
2014-04-06 11:50:00,78.2683692215,0.0,74.47183990478516,0,2.3542638918837895,0.0,21.07663305128662,0.0
2014-04-06 11:55:00,84.9089008119,0.0,76.58273315429688,0,2.7864906891190433,0.0,21.07663305128662,0.0
2014-04-06 12:00:00,85.93068676959999,0.0,74.59300994873047,0,2.7031364772363276,0.0,21.07663305128662,0.0
2014-04-06 12:05:00,75.7998106286,0.0,77.46453857421875,0,2.8173676625087865,0.0,21.07663305128662,0.0
2014-04-06 12:10:00,80.7121591965,0.0,77.33024597167969,0,3.0427724018886693,0.0,21.07663305128662,0.0
2014-04-06 12:15:00,74.98979454170002,0.0,78.24299621582031,0,2.990945390401853,0.0,21.07663305128662,0.0
2014-04-06 12:20:00,73.541704154,0.0,73.5282211303711,0,2.4546899581786086,0.0,21.07663305128662,0.0
2014-04-06 12:25:00,86.4740345086,0.0,72.96444702148438,0,0.8924228380419947,0.0,21.07663305128662,0.0
2014-04-06 12:30:00,85.0259663236,0.0,74.01726531982422,0,2.5197731762106415,0.0,21.07663305128662,0.0
2014-04-06 12:35:00,84.0595657587,0.0,78.84196472167969,0,3.4136765028520486,0.0,21.07663305128662,0.0
2014-04-06 12:40:00,72.69292478770001,0.0,79.20716094970703,0,2.5124967184787117,0.0,21.07663305128662,0.0
2014-04-06 12:45:00,85.3970610905,0.0,76.3077392578125,0,4.531265711239843,0.0,21.07663305128662,0.0
2014-04-06 12:50:00,78.9138947682,0.0,75.84869384765625,0,3.978732504436328,0.0,21.07663305128662,0.0
2014-04-06 12:55:00,77.3853479864,0.0,75.37771606445312,0,2.903487192840526,0.0,21.07663305128662,0.0
2014-04-06 13:00:00,80.7242433072,0.0,78.40577697753906,0,2.202412159198147,0.0,21.07663305128662,0.0
2014-04-06 13:05:00,73.4440210871,0.0,75.13761901855469,0,2.060077625604883,0.0,21.07663305128662,0.0
2014-04-06 13:10:00,84.0861592669,0.0,75.76107025146484,0,1.1356121379507815,0.0,21.07663305128662,0.0
2014-04-06 13:15:00,81.2994446795,0.0,72.78971862792969,0,1.7930981498122076,0.0,21.07663305128662,0.0
2014-04-06 13:20:00,74.967445044,0.0,76.44786071777344,0,2.6058599160151363,0.0,21.07663305128662,0.0
2014-04-06 13:25:00,74.9937123847,0.0,77.43122863769531,0,2.3294059674520504,0.0,21.07663305128662,0.0
2014-04-06 13:30:00,74.92999091029999,0.0,75.01658630371094,0,2.4916068057011707,0.0,21.07663305128662,0.0
2014-04-06 13:35:00,72.8945393117,0.0,75.80701446533203,0,1.5642816714687502,0.0,21.07663305128662,0.0
2014-04-06 13:40:00,81.3852380439,0.0,68.24540710449219,0,0.8646253092264651,0.0,21.07663305128662,0.0
2014-04-06 13:45:00,85.42506390439999,0.0,76.69505310058594,0,2.3220522174307625,0.0,21.07663305128662,0.0
2014-04-06 13:50:00,72.2626242307,0.0,75.24050903320312,0,2.3791183628473647,0.0,21.07663305128662,0.0
2014-04-06 13:55:00,72.7666061417,0.0,75.38054656982422,0,2.994960988808886,0.0,21.07663305128662,0.0
2014-04-06 14:00:00,81.1604285394,0.0,74.85742950439453,0,3.4327083717311524,0.0,21.07663305128662,0.0
2014-04-06 14:05:00,85.1078455935,0.0,72.43601989746094,0,2.5781043836808593,0.0,21.07663305128662,0.0
2014-04-06 14:10:00,77.2241153136,0.0,76.9777603149414,0,3.0708312452089856,0.0,21.07663305128662,0.0
2014-04-06 14:15:00,77.5901058771,0.0,75.96717071533203,0,2.1993073170916997,0.0,21.07663305128662,0.0
2014-04-06 14:20:00,81.5376299658,0.0,77.23530578613281,0,2.6055143614338867,0.0,21.07663305128662,0.0
2014-04-06 14:25:00,76.3837396305,0.0,73.87725830078125,0,2.3540311954499984,0.0,21.07663305128662,0.0
2014-04-06 14:30:00,72.422257422,0.0,73.58881378173828,0,1.0833631496599594,0.0,21.07663305128662,0.0
2014-04-06 14:35:00,83.7596356341,0.0,73.23554229736328,0,1.1747978419484362,0.0,21.07663305128662,0.0
2014-04-06 14:40:00,82.0064621079,0.0,76.04161071777344,0,2.287442613819529,0.0,21.07663305128662,0.0
2014-04-06 14:45:00,81.2881939643,0.0,77.14676666259766,0,2.2711498589091796,0.0,21.07663305128662,0.0
2014-04-06 14:50:00,83.8629204505,0.0,74.65599060058594,0,2.337373612304102,0.0,21.07663305128662,0.0
2014-04-06 14:55:00,82.7997188237,0.0,76.35343933105469,0,3.7296627348099616,0.0,21.07663305128662,0.0
2014-04-06 15:00:00,75.2933889874,0.0,77.0416488647461,0,3.219936004298537,0.0,21.07663305128662,0.0
2014-04-06 15:05:00,77.63895141,0.0,77.06670379638672,0,2.4945302323152365,0.0,21.07663305128662,0.0
2014-04-06 15:10:00,74.0170516963,0.0,76.001708984375,0,2.2353512306351586,0.0,21.07663305128662,0.0
2014-04-06 15:15:00,74.0770010686,0.0,73.6946792602539,0,1.3325671604052758,0.0,21.07663305128662,0.0
2014-04-06 15:20:00,82.818336878,0.0,72.79011535644531,0,0.5828055201220721,0.0,21.07663305128662,0.0
2014-04-06 15:25:00,85.7367786307,0.0,73.7873764038086,0,1.617800725648145,0.0,21.07663305128662,0.0
2014-04-06 15:30:00,87.40288226610001,0.0,75.63845825195312,0,3.043075355608398,0.0,21.07663305128662,0.0
2014-04-06 15:35:00,82.0527661667,0.0,79.16522216796875,0,3.8751819005291015,0.0,21.07663305128662,0.0
2014-04-06 15:40:00,74.9449016958,0.0,79.36830139160156,0,4.578698970165528,0.0,21.07663305128662,0.0
2014-04-06 15:45:00,73.6896980993,0.0,77.08909606933594,0,3.8780962419463876,0.0,21.07663305128662,0.0
2014-04-06 15:50:00,85.0047994907,0.0,74.26058959960938,0,2.8093457098394534,0.0,21.07663305128662,0.0
2014-04-06 15:55:00,81.2593235248,0.0,75.95068359375,0,2.3789130673457013,0.0,21.07663305128662,0.0
2014-04-06 16:00:00,81.8924031025,0.0,75.40383911132812,0,2.687655174705858,0.0,21.07663305128662,0.0
2014-04-06 16:05:00,84.5032311736,0.0,77.61653137207031,0,3.1027011611896462,0.0,21.07663305128662,0.0
2014-04-06 16:10:00,83.252275799,0.0,77.26889038085938,0,3.678514201855272,0.0,21.07663305128662,0.0
2014-04-06 16:15:00,85.3511681711,0.0,77.0346908569336,0,3.083411142736523,0.0,21.07663305128662,0.0
2014-04-06 16:20:00,72.89928252050001,0.0,78.55142211914062,0,3.459390815626074,0.0,21.07663305128662,0.0
2014-04-06 16:25:00,83.9601689841,0.0,77.8988265991211,0,3.354837766559667,0.0,21.07663305128662,0.0
2014-04-06 16:30:00,85.613479739,0.0,77.68741607666016,0,3.2516680894908188,0.0,21.07663305128662,0.0
2014-04-06 16:35:00,76.5780136493,0.0,76.35292053222656,0,3.4945028700157206,0.0,21.07663305128662,0.0
2014-04-06 16:40:00,82.2469984694,0.0,75.80231475830078,0,2.4830798453791,0.0,21.07663305128662,0.0
2014-04-06 16:45:00,77.0264451303,0.0,75.35674285888672,0,2.582147859436425,0.0,21.07663305128662,0.0
2014-04-06 16:50:00,87.3273693948,0.0,78.62540435791016,0,2.0331928452407233,0.0,21.07663305128662,0.0
2014-04-06 16:55:00,72.5346378922,0.0,76.34249877929688,0,2.0180726468094736,0.0,21.07663305128662,0.0
2014-04-06 17:00:00,81.2766542911,0.0,77.15702819824219,0,2.5780264883124033,0.0,21.07663305128662,0.0
2014-04-06 17:05:00,74.6640280818,0.0,76.8296890258789,0,2.287394286032228,0.0,21.07663305128662,0.0
2014-04-06 17:10:00,83.395491259,0.0,73.59908294677734,0,2.349389120115431,0.0,21.07663305128662,0.0
2014-04-06 17:15:00,74.814215806,0.0,77.35340881347656,0,2.486194529532032,0.0,21.07663305128662,0.0
2014-04-06 17:20:00,75.7661030962,0.0,72.30770874023438,0,1.9914384531199207,0.0,21.07663305128662,0.0
2014-04-06 17:25:00,79.9099022913,0.0,78.03667449951172,0,1.8740370137081062,0.0,21.07663305128662,0.0
2014-04-06 17:30:00,86.63732593120001,0.0,74.53773498535156,0,2.208402933431639,0.0,21.07663305128662,0.0
2014-04-06 17:35:00,75.3874010056,0.0,76.72743225097656,0,2.4963007626348634,0.0,21.07663305128662,0.0
2014-04-06 17:40:00,74.3078118037,0.0,77.00818634033203,0,2.0152463556333995,0.0,21.07663305128662,0.0
2014-04-06 17:45:00,84.1435969985,0.0,73.8211669921875,0,1.9204938782166998,0.0,21.07663305128662,0.0
2014-04-06 17:50:00,80.0098817935,0.0,78.3066635131836,0,3.2336852929727566,0.0,21.07663305128662,0.0
2014-04-06 17:55:00,86.5885285481,0.0,72.69967651367188,0,1.3734516446567397,0.0,21.07663305128662,0.0
2014-04-06 18:00:00,29.738327456100002,0.0,79.75180053710938,0,3.077002893525684,0.0,21.07663305128662,0.0
2014-04-06 18:05:00,32.933932192,0.0,48.02855682373047,0,9.490996675258302,0.0,21.07663305128662,0.0
2014-04-06 18:10:00,30.2904207196,0.0,45.83787536621094,0,6.1543756963120115,0.0,21.07663305128662,0.0
2014-04-06 18:15:00,29.803261021100006,0.0,34.70360565185547,0,8.433400904233887,0.0,21.07663305128662,0.0
2014-04-06 18:20:00,33.1739418876,0.0,32.64816665649414,0,10.694487123763277,0.0,21.07663305128662,0.0
2014-04-06 18:25:00,32.5995753083,0.0,34.204349517822266,0,4.437083508648876,0.0,21.07663305128662,0.0
2014-04-06 18:30:00,33.6308892764,0.0,37.60991668701172,0,2.822293589749316,0.0,21.07663305128662,0.0
2014-04-06 18:35:00,30.7805545794,0.0,30.661264419555664,0,1.253399857761182,0.0,21.07663305128662,0.0
2014-04-06 18:40:00,31.6670125208,0.0,31.199970245361328,0,0.6557680488972912,0.0,21.07663305128662,0.0
2014-04-06 18:45:00,31.3950127007,0.0,35.009971618652344,0,0.7712667569271248,0.0,21.07663305128662,0.0
2014-04-06 18:50:00,35.0981658305,0.0,32.03261947631836,0,1.022539845480884,0.0,21.07663305128662,0.0
2014-04-06 18:55:00,30.670387434400002,0.0,40.682762145996094,0,0.4918894320813725,0.0,21.07663305128662,0.0
2014-04-06 19:00:00,21.4807800494,0.0,21.508098602294922,0,1.5156107120174314,0.0,21.07663305128662,0.0
2014-04-06 19:05:00,21.7483747825,0.0,25.00273895263672,0,1.8881348045261714,0.0,21.07663305128662,0.0
2014-04-06 19:10:00,22.689380239499997,0.0,20.09586906433105,0,2.0449504736011717,0.0,21.07663305128662,0.0
2014-04-06 19:15:00,21.290404726400002,0.0,23.44733238220215,0,1.89835491662522,0.0,21.07663305128662,0.0
2014-04-06 19:20:00,24.260497601999997,0.0,22.03944969177246,0,0.7415520955134776,0.0,21.07663305128662,0.0
2014-04-06 19:25:00,21.3502701594,0.0,20.22919273376465,0,1.0793643633259768,0.0,21.07663305128662,0.0
2014-04-06 19:30:00,24.173253151300006,0.0,18.817768096923828,0,0.8014336268804447,0.0,21.07663305128662,0.0
2014-04-06 19:35:00,20.6235671538,0.0,15.864546775817873,0,1.2669793609979982,0.0,21.07663305128662,0.0
2014-04-06 19:40:00,23.1013996395,0.0,18.1732234954834,0,1.500403094627649,0.0,21.07663305128662,0.0
2014-04-06 19:45:00,24.2232937938,0.0,19.932483673095703,0,2.0204698752512824,0.0,21.07663305128662,0.0
2014-04-06 19:50:00,20.9159963366,0.0,20.731353759765625,0,2.4166864621349005,0.0,21.07663305128662,0.0
2014-04-06 19:55:00,24.4981034373,0.0,19.61227035522461,0,1.7433845009507685,0.0,21.07663305128662,0.0
2014-04-06 20:00:00,20.2870100008,0.0,19.70240592956543,0,1.7861827404538326,0.0,21.07663305128662,0.0
2014-04-06 20:05:00,22.3056488165,0.0,17.831785202026367,0,1.1876932614853755,0.0,21.07663305128662,0.0
2014-04-06 20:10:00,21.2042546443,0.0,19.57461166381836,0,1.2105749482065424,0.0,21.07663305128662,0.0
2014-04-06 20:15:00,19.667299583,0.0,18.930116653442386,0,1.446742968533154,0.0,21.07663305128662,0.0
2014-04-06 20:20:00,19.2032869116,0.0,19.67677879333496,0,0.919385112827074,0.0,21.07663305128662,0.0
2014-04-06 20:25:00,19.6760985132,0.0,17.513896942138672,0,0.8678570817536859,0.0,21.07663305128662,0.0
2014-04-06 20:30:00,18.8129990826,0.0,19.163249969482425,0,0.5197978761271478,0.0,21.07663305128662,0.0
2014-04-06 20:35:00,19.0212829619,0.0,16.276798248291016,0,0.3325483118992425,0.0,21.07663305128662,0.0
2014-04-06 20:40:00,18.8606889373,0.0,18.85985374450684,0,0.5824657529403328,0.0,21.07663305128662,0.0
2014-04-06 20:45:00,20.1643765132,0.0,18.461057662963867,0,0.6513647128048823,0.0,21.07663305128662,0.0
2014-04-06 20:50:00,21.6906887689,0.0,18.28163146972656,0,0.594004372701733,0.0,21.07663305128662,0.0
2014-04-06 20:55:00,19.0111068099,0.0,20.354129791259766,0,0.9822120069764648,0.0,21.07663305128662,0.0
2014-04-06 21:00:00,18.6101838395,0.0,17.280582427978516,0,0.48110739647031275,0.0,21.07663305128662,0.0
2014-04-06 21:05:00,20.6724695833,0.0,19.560184478759766,0,0.9494059080288824,0.0,21.07663305128662,0.0
2014-04-06 21:10:00,18.878917795,0.0,18.92243194580078,0,0.8992458495743656,0.0,21.07663305128662,0.0
2014-04-06 21:15:00,18.47871422,0.0,17.950834274291992,0,0.47855295602778325,0.0,21.07663305128662,0.0
2014-04-06 21:20:00,18.7569977596,0.0,18.31926918029785,0,0.3766600765713135,0.0,21.07663305128662,0.0
2014-04-06 21:25:00,21.799061173000002,0.0,18.22766876220703,0,0.2651759725438967,0.0,21.07663305128662,0.0
2014-04-06 21:30:00,21.3880572068,0.0,19.506933212280273,0,0.5725643858254887,0.0,21.07663305128662,0.0
2014-04-06 21:35:00,19.5094562413,0.0,18.53397560119629,0,0.6737382422553226,0.0,21.07663305128662,0.0
2014-04-06 21:40:00,20.7222747774,0.0,18.833999633789066,0,0.7644737715047856,0.0,21.07663305128662,0.0
2014-04-06 21:45:00,20.2458183381,0.0,19.58429527282715,0,1.0395340236284176,0.0,21.07663305128662,0.0
2014-04-06 21:50:00,20.8078977889,0.0,18.94959259033203,0,0.6664454764975094,0.0,21.07663305128662,0.0
2014-04-06 21:55:00,20.830191845,0.0,18.935543060302734,0,0.6635931270035398,0.0,21.07663305128662,0.0
2014-04-06 22:00:00,20.5346303888,0.0,19.141883850097656,0,0.7878440240186277,0.0,21.07663305128662,0.0
2014-04-06 22:05:00,19.082707294000002,0.0,19.30681037902832,0,0.7259029484050541,0.0,21.07663305128662,0.0
2014-04-06 22:10:00,18.1734554588,0.0,18.10376739501953,0,0.6712254508744873,0.0,21.07663305128662,0.0
2014-04-06 22:15:00,19.8412964947,0.0,18.238990783691406,0,0.4476483090260497,0.0,21.07663305128662,0.0
2014-04-06 22:20:00,21.5845968679,0.0,18.34546661376953,0,0.4111054248149655,0.0,21.07663305128662,0.0
2014-04-06 22:25:00,20.2974558936,0.0,19.61861991882324,0,0.6367858260951413,0.0,21.07663305128662,0.0
2014-04-06 22:30:00,21.3500405379,0.0,18.722553253173828,0,0.3968405054214612,0.0,21.07663305128662,0.0
2014-04-06 22:35:00,21.9875851985,0.0,19.766647338867188,0,1.0184699030802493,0.0,21.07663305128662,0.0
2014-04-06 22:40:00,18.672373093599997,0.0,19.81995391845703,0,1.0957989216582766,0.0,21.07663305128662,0.0
2014-04-06 22:45:00,20.7870469725,0.0,17.754169464111328,0,0.8343552429990972,0.0,21.07663305128662,0.0
2014-04-06 22:50:00,20.717043572,0.0,20.324951171875,0,1.1286104347005863,0.0,21.07663305128662,0.0
2014-04-06 22:55:00,21.9408648076,0.0,19.0887451171875,0,0.6426138143410647,0.0,21.07663305128662,0.0
2014-04-06 23:00:00,21.946615875,0.0,20.039287567138672,0,0.7215115431885257,0.0,21.07663305128662,0.0
2014-04-06 23:05:00,20.750697814000002,0.0,19.48694610595703,0,1.0230522383484377,0.0,21.07663305128662,0.0
2014-04-06 23:10:00,18.9781022622,0.0,19.134708404541016,0,0.801911513305225,0.0,21.07663305128662,0.0
2014-04-06 23:15:00,21.1982926413,0.0,18.44792938232422,0,0.7670385289041506,0.0,21.07663305128662,0.0
2014-04-06 23:20:00,18.4316547334,0.0,20.245403289794922,0,0.7543189749745607,0.0,21.07663305128662,0.0
2014-04-06 23:25:00,21.1268527917,0.0,17.573579788208008,0,0.5896460797699712,0.0,21.07663305128662,0.0
2014-04-06 23:30:00,21.644939525100003,0.0,20.132198333740234,0,0.7563770403007322,0.0,21.07663305128662,0.0
2014-04-06 23:35:00,19.5350835932,0.0,19.27566909790039,0,0.883590400624048,0.0,21.07663305128662,0.0
2014-04-06 23:40:00,20.5264815058,0.0,17.993284225463867,0,0.6798292057757571,0.0,21.07663305128662,0.0
2014-04-06 23:45:00,19.724357276099997,0.0,19.66285514831543,0,0.9823282463109377,0.0,21.07663305128662,0.0
2014-04-06 23:50:00,19.754852421600003,0.0,18.644332885742188,0,0.529885442458081,0.0,21.07663305128662,0.0
2014-04-06 23:55:00,19.2451779194,0.0,19.171367645263672,0,0.47960773552033675,0.0,21.07663305128662,0.0
2014-04-07 00:00:00,21.048518481800002,0.0,18.66522789001465,0,0.42016899864992663,0.0,21.07663305128662,0.0
2014-04-07 00:05:00,21.744706256700002,0.0,19.66814422607422,0,0.4014306625810793,0.0,21.07663305128662,0.0
2014-04-07 00:10:00,21.7630034369,0.0,18.761226654052734,0,0.6526520157163826,0.0,21.07663305128662,0.0
2014-04-07 00:15:00,18.6991251395,0.0,20.00865936279297,0,0.889059171590064,0.0,21.07663305128662,0.0
2014-04-07 00:20:00,21.4989745986,0.0,17.96556854248047,0,0.9907934463853274,0.0,21.07663305128662,0.0
2014-04-07 00:25:00,20.9497257657,0.0,20.89097213745117,0,1.1345578794270996,0.0,21.07663305128662,0.0
2014-04-07 00:30:00,19.0113496028,0.0,18.796480178833008,0,0.7139529615696785,0.0,21.07663305128662,0.0
2014-04-07 00:35:00,18.2691384517,0.0,18.403661727905273,0,0.3655895417096442,0.0,21.07663305128662,0.0
2014-04-07 00:40:00,19.0719890675,0.0,18.49249649047852,0,0.4926940480675781,0.0,21.07663305128662,0.0
2014-04-07 00:45:00,21.6488329471,0.0,18.076187133789066,0,0.12345486318032162,0.0,21.07663305128662,0.0
2014-04-07 00:50:00,20.5327146996,0.0,19.262409210205078,0,0.5626913863130847,0.0,21.07663305128662,0.0
2014-04-07 00:55:00,20.8842186436,0.0,18.34638977050781,0,0.549747750236206,0.0,21.07663305128662,0.0
2014-04-07 01:00:00,19.0286094044,0.0,20.066974639892575,0,0.971231576264306,0.0,21.07663305128662,0.0
2014-04-07 01:05:00,20.8775526223,0.0,18.46366310119629,0,1.023168200685693,0.0,21.07663305128662,0.0
2014-04-07 01:10:00,18.1124860251,0.0,19.86165809631348,0,0.8498502575241469,0.0,21.07663305128662,0.0
2014-04-07 01:15:00,19.5012853831,0.0,16.944473266601562,0,0.7663719545876972,0.0,21.07663305128662,0.0
2014-04-07 01:20:00,20.5070133942,0.0,19.565189361572266,0,0.6396631404635258,0.0,21.07663305128662,0.0
2014-04-07 01:25:00,18.5843862622,0.0,18.630495071411133,0,0.700440602086084,0.0,21.07663305128662,0.0
2014-04-07 01:30:00,21.292014297799998,0.0,18.005050659179688,0,0.4961277062528815,0.0,21.07663305128662,0.0
2014-04-07 01:35:00,18.9401251952,0.0,19.48177146911621,0,0.8539635746197023,0.0,21.07663305128662,0.0
2014-04-07 01:40:00,20.6091244513,0.0,17.66905975341797,0,0.48989469343239733,0.0,21.07663305128662,0.0
2014-04-07 01:45:00,19.6207885703,0.0,19.883716583251953,0,0.7396747765891845,0.0,21.07663305128662,0.0
2014-04-07 01:50:00,20.3841743819,0.0,18.171537399291992,0,0.7610014044148192,0.0,21.07663305128662,0.0
2014-04-07 01:55:00,18.4298022105,0.0,19.804344177246094,0,0.6267105724132813,0.0,21.07663305128662,0.0
2014-04-07 02:00:00,18.067651199700002,0.0,17.023054122924805,0,0.6670321609295167,0.0,21.07663305128662,0.0
2014-04-07 02:05:00,21.6382577095,0.0,18.6550407409668,0,0.43009870829116226,0.0,21.07663305128662,0.0
2014-04-07 02:10:00,19.0785200351,0.0,18.89535522460937,0,0.9518741243328122,0.0,21.07663305128662,0.0
2014-04-07 02:15:00,21.278708011099997,0.0,17.93193817138672,0,0.6981901028181396,0.0,21.07663305128662,0.0
2014-04-07 02:20:00,21.9974012019,0.0,20.19133758544922,0,0.9447185869390378,0.0,21.07663305128662,0.0
2014-04-07 02:25:00,18.845725032,0.0,19.1781005859375,0,0.9007997106048333,0.0,21.07663305128662,0.0
2014-04-07 02:30:00,19.0606829647,0.0,18.682994842529297,0,0.5694445337803709,0.0,21.07663305128662,0.0
2014-04-07 02:35:00,20.6514391505,0.0,18.127197265625,0,0.7328621415340328,0.0,21.07663305128662,0.0
2014-04-07 02:40:00,21.8617945384,0.0,19.865966796875,0,0.630046147179248,0.0,21.07663305128662,0.0
2014-04-07 02:45:00,21.663257392800002,0.0,18.742765426635746,0,0.5262364422041506,0.0,21.07663305128662,0.0
2014-04-07 02:50:00,20.0115020803,0.0,19.95275115966797,0,0.8766207353199951,0.0,21.07663305128662,0.0
2014-04-07 02:55:00,21.1804411301,0.0,18.97224998474121,0,0.9374140641495363,0.0,21.07663305128662,0.0
2014-04-07 03:00:00,18.5429834124,0.0,19.232187271118164,0,0.89790772171001,0.0,21.07663305128662,0.0
2014-04-07 03:05:00,21.909752736799998,0.0,18.43770980834961,0,0.6656754110359615,0.0,21.07663305128662,0.0
2014-04-07 03:10:00,21.8574129361,0.0,19.927160263061523,0,0.734619281321728,0.0,21.07663305128662,0.0
2014-04-07 03:15:00,18.654915831500002,0.0,19.757333755493164,0,0.864439219363037,0.0,21.07663305128662,0.0
2014-04-07 03:20:00,19.197692499200002,0.0,18.3977108001709,0,0.7262175666923336,0.0,21.07663305128662,0.0
2014-04-07 03:25:00,18.40061999,0.0,18.624509811401367,0,0.9130869030638915,0.0,21.07663305128662,0.0
2014-04-07 03:30:00,19.0868703956,0.0,17.748075485229492,0,0.4773888580694088,0.0,21.07663305128662,0.0
2014-04-07 03:35:00,21.2638231577,0.0,17.931480407714844,0,0.40345663773591234,0.0,21.07663305128662,0.0
2014-04-07 03:40:00,19.5132624287,0.0,19.94076919555664,0,0.7118761475982667,0.0,21.07663305128662,0.0
2014-04-07 03:45:00,18.3535878686,0.0,18.56019401550293,0,0.4727981303821287,0.0,21.07663305128662,0.0
2014-04-07 03:50:00,19.3689020991,0.0,17.985015869140625,0,0.556418971769824,0.0,21.07663305128662,0.0
2014-04-07 03:55:00,21.925533336999997,0.0,18.899864196777344,0,0.6687927367130131,0.0,21.07663305128662,0.0
2014-04-07 04:00:00,20.518734380999998,0.0,18.70044708251953,0,0.5621739944705322,0.0,21.07663305128662,0.0
2014-04-07 04:05:00,19.6646437856,0.0,19.22563362121582,0,0.7360215609235103,0.0,21.07663305128662,0.0
2014-04-07 04:10:00,18.666154054,0.0,19.632442474365234,0,0.8333566041308345,0.0,21.07663305128662,0.0
2014-04-07 04:15:00,21.944707189099997,0.0,18.22136688232422,0,0.7811568779315667,0.0,21.07663305128662,0.0
2014-04-07 04:20:00,21.2833960371,0.0,19.8004093170166,0,0.8072032815688712,0.0,21.07663305128662,0.0
2014-04-07 04:25:00,19.1259092098,0.0,18.156543731689453,0,0.56791040493269,0.0,21.07663305128662,0.0
2014-04-07 04:30:00,18.2802747829,0.0,18.98342704772949,0,0.7509657077897947,0.0,21.07663305128662,0.0
2014-04-07 04:35:00,18.2265022295,0.0,18.74716186523437,0,0.8384638062644769,0.0,21.07663305128662,0.0
2014-04-07 04:40:00,18.481512598,0.0,17.923839569091797,0,0.4381287223843011,0.0,21.07663305128662,0.0
2014-04-07 04:45:00,20.3230743345,0.0,17.265777587890625,0,0.304883801478979,0.0,21.07663305128662,0.0
2014-04-07 04:50:00,21.7150536848,0.0,18.39434242248535,0,0.6048477095101794,0.0,21.07663305128662,0.0
2014-04-07 04:55:00,19.986973712,0.0,19.770267486572266,0,0.8900825359494866,0.0,21.07663305128662,0.0
2014-04-07 05:00:00,21.3717819298,0.0,18.54863929748535,0,0.5718596857644282,0.0,21.07663305128662,0.0
2014-04-07 05:05:00,19.7835464794,0.0,20.044137954711914,0,1.177232108333301,0.0,21.07663305128662,0.0
2014-04-07 05:10:00,20.8343341831,0.0,18.013229370117188,0,0.8204984190821292,0.0,21.07663305128662,0.0
2014-04-07 05:15:00,20.9274909491,0.0,19.945148468017575,0,0.7580476129156497,0.0,21.07663305128662,0.0
2014-04-07 05:20:00,18.695854823599998,0.0,19.39236831665039,0,0.8406974266342786,0.0,21.07663305128662,0.0
2014-04-07 05:25:00,19.4448642359,0.0,18.49784278869629,0,0.5703216611298583,0.0,21.07663305128662,0.0
2014-04-07 05:30:00,20.5492086262,0.0,18.534273147583008,0,0.6808727792899179,0.0,21.07663305128662,0.0
2014-04-07 05:35:00,18.2827864327,0.0,18.50400924682617,0,0.58010161249419,0.0,21.07663305128662,0.0
2014-04-07 05:40:00,19.4461607511,0.0,17.384197235107422,0,0.3242019508568843,0.0,21.07663305128662,0.0
2014-04-07 05:45:00,20.1391978651,0.0,19.09701919555664,0,0.6556429069924308,0.0,21.07663305128662,0.0
2014-04-07 05:50:00,21.9848979722,0.0,19.13251495361328,0,0.5657584644278071,0.0,21.07663305128662,0.0
2014-04-07 05:55:00,19.8981342505,0.0,19.19815444946289,0,0.6660024371669429,0.0,21.07663305128662,0.0
2014-04-07 06:00:00,21.2642270285,0.0,18.564666748046875,0,0.8320631256449706,0.0,21.07663305128662,0.0
2014-04-07 06:05:00,19.7282691403,0.0,19.780681610107425,0,0.911762721202539,0.0,21.07663305128662,0.0
2014-04-07 06:10:00,21.185562890499998,0.0,18.631465911865234,0,0.788041946235547,0.0,21.07663305128662,0.0
2014-04-07 06:15:00,20.3816592065,0.0,20.03892135620117,0,0.7507561912415528,0.0,21.07663305128662,0.0
2014-04-07 06:20:00,21.546381766,0.0,18.613529205322266,0,0.6672694204116221,0.0,21.07663305128662,0.0
2014-04-07 06:25:00,19.6437702094,0.0,20.12240219116211,0,0.6964309554396984,0.0,21.07663305128662,0.0
2014-04-07 06:30:00,20.417217679300002,0.0,18.360929489135746,0,0.7391460280715338,0.0,21.07663305128662,0.0
2014-04-07 06:35:00,20.5200747225,0.0,19.34331512451172,0,0.6539428678096932,0.0,21.07663305128662,0.0
2014-04-07 06:40:00,19.6695317672,0.0,18.789979934692386,0,0.8305665413240475,0.0,21.07663305128662,0.0
2014-04-07 06:45:00,18.5772481748,0.0,18.52434730529785,0,0.46068634431225464,0.0,21.07663305128662,0.0
2014-04-07 06:50:00,18.3742376276,0.0,18.685617446899414,0,0.47811213252941887,0.0,21.07663305128662,0.0
2014-04-07 06:55:00,18.0666862024,0.0,17.880340576171875,0,0.25999858617131366,0.0,21.07663305128662,0.0
2014-04-07 07:00:00,21.494137057,0.0,17.889650344848633,0,0.17877226844216265,0.0,21.07663305128662,0.0
2014-04-07 07:05:00,18.945899649,0.0,19.074298858642575,0,0.519389128397632,0.0,21.07663305128662,0.0
2014-04-07 07:10:00,18.8460269971,0.0,17.886680603027344,0,0.4028748388848631,0.0,21.07663305128662,0.0
2014-04-07 07:15:00,20.9441416017,0.0,18.67792320251465,0,0.4838706607315184,0.0,21.07663305128662,0.0
2014-04-07 07:20:00,19.2800644523,0.0,19.710163116455078,0,0.8698063393814937,0.0,21.07663305128662,0.0
2014-04-07 07:25:00,20.0241787696,0.0,17.79708480834961,0,0.364990818462573,0.0,21.07663305128662,0.0
2014-04-07 07:30:00,18.650044261199998,0.0,19.063068389892575,0,0.62732766241355,0.0,21.07663305128662,0.0
2014-04-07 07:35:00,21.8389828858,0.0,18.39483070373535,0,0.5345395372535395,0.0,21.07663305128662,0.0
2014-04-07 07:40:00,21.4063256001,0.0,19.945507049560547,0,0.6817812601134516,0.0,21.07663305128662,0.0
2014-04-07 07:45:00,21.4551584919,0.0,18.65443420410156,0,0.7812032542733149,0.0,21.07663305128662,0.0
2014-04-07 07:50:00,19.627094994300002,0.0,19.780113220214844,0,0.8529070450918215,0.0,21.07663305128662,0.0
2014-04-07 07:55:00,21.0494448548,0.0,18.34051322937012,0,0.9425376488821051,0.0,21.07663305128662,0.0
2014-04-07 08:00:00,18.5755046216,0.0,20.421283721923828,0,0.8506350793027591,0.0,21.07663305128662,0.0
2014-04-07 08:05:00,18.0344760104,0.0,17.342741012573242,0,0.7879805801065185,0.0,21.07663305128662,0.0
2014-04-07 08:10:00,18.079891730299998,0.0,18.320873260498047,0,0.4990324663218013,0.0,21.07663305128662,0.0
2014-04-07 08:15:00,20.3464069496,0.0,17.740184783935547,0,0.6371543934536135,0.0,21.07663305128662,0.0
2014-04-07 08:20:00,19.821579620999998,0.0,18.411983489990234,0,0.6730897242516356,0.0,21.07663305128662,0.0
2014-04-07 08:25:00,20.0720613956,0.0,18.2056884765625,0,0.577055383126098,0.0,21.07663305128662,0.0
2014-04-07 08:30:00,18.0298525617,0.0,18.499229431152344,0,0.7238851232774408,0.0,21.07663305128662,0.0
2014-04-07 08:35:00,19.690746478599998,0.0,18.34027862548828,0,0.7901386233248529,0.0,21.07663305128662,0.0
2014-04-07 08:40:00,20.8722726448,0.0,18.79702377319336,0,0.6331693342557609,0.0,21.07663305128662,0.0
2014-04-07 08:45:00,19.7707748079,0.0,19.13727378845215,0,0.7018934286614251,0.0,21.07663305128662,0.0
2014-04-07 08:50:00,20.9288768252,0.0,18.337459564208984,0,0.5052531893053707,0.0,21.07663305128662,0.0
2014-04-07 08:55:00,18.9320758576,0.0,19.786834716796875,0,0.8313293756446529,0.0,21.07663305128662,0.0
2014-04-07 09:00:00,72.25873126100001,0.0,17.901945114135742,0,0.7437160100487792,0.0,21.07663305128662,0.0
2014-04-07 09:05:00,69.20266487020001,0.0,53.96215438842773,0,7.278908169455983,0.0,21.07663305128662,0.0
2014-04-07 09:10:00,64.0663781522,0.0,56.347877502441406,0,4.751674277249589,0.0,21.07663305128662,0.0
2014-04-07 09:15:00,64.4193984716,0.0,61.033119201660156,0,5.094344311593827,0.0,21.07663305128662,0.0
2014-04-07 09:20:00,69.7412143181,0.0,63.5406723022461,0,10.087759568541873,0.0,21.07663305128662,0.0
2014-04-07 09:25:00,72.4871784677,0.0,65.87540435791016,0,4.068229052165579,0.0,21.07663305128662,0.0
2014-04-07 09:30:00,66.8525378356,0.0,64.00157165527344,0,2.7635087299540055,0.0,21.07663305128662,0.0
2014-04-07 09:35:00,64.7128858361,0.0,68.25747680664061,0,2.199194461200002,0.0,21.07663305128662,0.0
2014-04-07 09:40:00,72.991357854,0.0,64.490478515625,0,2.255669344337597,0.0,21.07663305128662,0.0
2014-04-07 09:45:00,70.3020487678,0.0,66.26625823974611,0,2.448870740000878,0.0,21.07663305128662,0.0
2014-04-07 09:50:00,67.293962627,0.0,65.73945617675781,0,1.904900326768745,0.0,21.07663305128662,0.0
2014-04-07 09:55:00,67.8354426558,0.0,61.15433883666992,0,1.9635923659913086,0.0,21.07663305128662,0.0
2014-04-07 10:00:00,73.0100603824,0.0,74.3576431274414,0,2.596535016975144,0.0,21.07663305128662,0.0
2014-04-07 10:05:00,79.5679768186,0.0,69.78843688964844,0,1.702372942808445,0.0,21.07663305128662,0.0
2014-04-07 10:10:00,75.40768376359999,0.0,73.88056182861328,0,2.420341617920654,0.0,21.07663305128662,0.0
2014-04-07 10:15:00,85.292413142,0.0,70.61126708984375,0,2.308105872737059,0.0,21.07663305128662,0.0
2014-04-07 10:20:00,77.2924481569,0.0,74.12673950195312,0,3.3081111518653312,0.0,21.07663305128662,0.0
2014-04-07 10:25:00,77.38094460810001,0.0,76.9845962524414,0,3.644189571380174,0.0,21.07663305128662,0.0
2014-04-07 10:30:00,78.62201974060001,0.0,74.71397399902344,0,2.0770625025082,0.0,21.07663305128662,0.0
2014-04-07 10:35:00,84.0680531684,0.0,75.7132568359375,0,2.768906100542287,0.0,21.07663305128662,0.0
2014-04-07 10:40:00,82.2686969098,0.0,74.58544921875,0,1.9781123855805678,0.0,21.07663305128662,0.0
2014-04-07 10:45:00,76.8415386833,0.0,73.78363037109375,0,2.542804765093459,0.0,21.07663305128662,0.0
2014-04-07 10:50:00,80.9942126079,0.0,75.25981140136719,0,2.875499759661915,0.0,21.07663305128662,0.0
2014-04-07 10:55:00,78.9383749411,0.0,73.17840576171875,0,3.1037941927814447,0.0,21.07663305128662,0.0
2014-04-07 11:00:00,79.3986055425,0.0,73.70132446289062,0,2.779440798646288,0.0,21.07663305128662,0.0
2014-04-07 11:05:00,74.6265900504,0.0,75.2868423461914,0,2.531194972216209,0.0,21.07663305128662,0.0
2014-04-07 11:10:00,78.946442334,0.0,73.17019653320312,0,2.073182632422556,0.0,21.07663305128662,0.0
2014-04-07 11:15:00,75.477498808,0.0,76.39485168457031,0,2.2367185444473616,0.0,21.07663305128662,0.0
2014-04-07 11:20:00,86.1176495512,0.0,71.2063217163086,0,1.410358802324705,0.0,21.07663305128662,0.0
2014-04-07 11:25:00,76.9023099618,0.0,75.51602935791016,0,2.56211464673496,0.0,21.07663305128662,0.0
2014-04-07 11:30:00,86.71280688709999,0.0,75.01895904541016,0,2.869084570779785,0.0,21.07663305128662,0.0
2014-04-07 11:35:00,80.0457113337,0.0,78.49012756347656,0,3.608784825891405,0.0,21.07663305128662,0.0
2014-04-07 11:40:00,81.6120817985,0.0,78.1202392578125,0,3.4949028061272447,0.0,21.07663305128662,0.0
2014-04-07 11:45:00,80.2029248292,0.0,76.73333740234375,0,2.067467144351756,0.0,21.07663305128662,0.0
2014-04-07 11:50:00,73.6256693322,0.0,77.15658569335938,0,2.526357697432127,0.0,21.07663305128662,0.0
2014-04-07 11:55:00,77.5450606671,0.0,75.01605224609375,0,1.5059912623658196,0.0,21.07663305128662,0.0
2014-04-07 12:00:00,73.49803419109999,0.0,74.72454833984375,0,1.4499599471207034,0.0,21.07663305128662,0.0
2014-04-07 12:05:00,81.86890398930001,0.0,73.01103210449219,0,1.213782834309768,0.0,21.07663305128662,0.0
2014-04-07 12:10:00,79.0550071387,0.0,74.95791625976562,0,1.9402244279306675,0.0,21.07663305128662,0.0
2014-04-07 12:15:00,84.3464222337,0.0,73.85630798339844,0,1.9063254081033225,0.0,21.07663305128662,0.0
2014-04-07 12:20:00,75.4368946628,0.0,78.8814697265625,0,2.9014636367652358,0.0,21.07663305128662,0.0
2014-04-07 12:25:00,74.5434972665,0.0,73.78241729736328,0,3.3612065097257826,0.0,21.07663305128662,0.0
2014-04-07 12:30:00,78.4071141166,0.0,77.19174194335938,0,2.14703748449336,0.0,21.07663305128662,0.0
2014-04-07 12:35:00,86.72117569209999,0.0,72.59451293945312,0,1.9888926820551749,0.0,21.07663305128662,0.0
2014-04-07 12:40:00,83.2667089414,0.0,77.06478881835938,0,2.443461244848338,0.0,21.07663305128662,0.0
2014-04-07 12:45:00,78.60833466310001,0.0,77.48059844970703,0,2.7881293772581035,0.0,21.07663305128662,0.0
2014-04-07 12:50:00,80.1800230904,0.0,76.92522430419922,0,2.8339614077901363,0.0,21.07663305128662,0.0
2014-04-07 12:55:00,73.25939128899999,0.0,77.57237243652344,0,3.088889734410156,0.0,21.07663305128662,0.0
2014-04-07 13:00:00,87.73215357059998,0.0,72.21102905273438,0,1.8621795337697282,0.0,21.07663305128662,0.0
2014-04-07 13:05:00,82.64267787109999,0.0,77.61590576171875,0,2.7484979975376937,0.0,21.07663305128662,0.0
2014-04-07 13:10:00,76.5480891438,0.0,76.83492279052734,0,2.7567289493256784,0.0,21.07663305128662,0.0
2014-04-07 13:15:00,81.3534048032,0.0,78.37542724609375,0,2.5988996185973594,0.0,21.07663305128662,0.0
2014-04-07 13:20:00,73.73401744479999,0.0,74.39605712890625,0,2.976588478885054,0.0,21.07663305128662,0.0
2014-04-07 13:25:00,87.4323978881,0.0,73.91214752197266,0,1.1192028746651363,0.0,21.07663305128662,0.0
2014-04-07 13:30:00,74.7786086318,0.0,74.19288635253906,0,2.180887656758399,0.0,21.07663305128662,0.0
2014-04-07 13:35:00,82.3487166525,0.0,78.37368774414062,0,2.2054226416508804,0.0,21.07663305128662,0.0
2014-04-07 13:40:00,75.9090488555,0.0,77.6484603881836,0,2.2409821042096727,0.0,21.07663305128662,0.0
2014-04-07 13:45:00,83.4609466867,0.0,74.34136962890625,0,2.4775516358039056,0.0,21.07663305128662,0.0
2014-04-07 13:50:00,84.4088788818,0.0,76.62769317626953,0,1.9274674722622063,0.0,21.07663305128662,0.0
2014-04-07 13:55:00,82.7548497308,0.0,73.6041488647461,0,2.737069860449708,0.0,21.07663305128662,0.0
2014-04-07 14:00:00,81.8280634285,0.0,82.0208511352539,0,3.3840288551615245,0.0,21.07663305128662,0.0
2014-04-07 14:05:00,86.27536408700001,0.0,77.3891830444336,0,3.2805314170165047,0.0,21.07663305128662,0.0
2014-04-07 14:10:00,73.25451099050001,0.0,78.94791412353516,0,3.2513569151130888,0.0,21.07663305128662,0.0
2014-04-07 14:15:00,77.2909261099,0.0,75.78851318359375,0,2.928259588940332,0.0,21.07663305128662,0.0
2014-04-07 14:20:00,75.9689529893,0.0,73.14900207519531,0,1.4676717065468754,0.0,21.07663305128662,0.0
2014-04-07 14:25:00,87.8040085983,0.0,78.08082580566406,0,2.2097789787432642,0.0,21.07663305128662,0.0
2014-04-07 14:30:00,78.2264814233,0.0,72.97061920166016,0,2.4673687207602537,0.0,21.07663305128662,0.0
2014-04-07 14:35:00,83.7177845413,0.0,79.25209045410156,0,2.412676106835841,0.0,21.07663305128662,0.0
2014-04-07 14:40:00,82.9516207532,0.0,75.67080688476562,0,2.7466723475383805,0.0,21.07663305128662,0.0
2014-04-07 14:45:00,75.3896809212,0.0,78.00440979003906,0,3.3406941212385757,0.0,21.07663305128662,0.0
2014-04-07 14:50:00,75.8203233332,0.0,76.99620056152344,0,2.039617680042678,0.0,21.07663305128662,0.0
2014-04-07 14:55:00,76.4968809903,0.0,75.04539489746094,0,1.4757892543781281,0.0,21.07663305128662,0.0
2014-04-07 15:00:00,78.577282103,0.0,76.03783416748047,0,1.3962238430294924,0.0,21.07663305128662,0.0
2014-04-07 15:05:00,75.7484738581,0.0,74.7056655883789,0,0.9455036614050787,0.0,21.07663305128662,0.0
2014-04-07 15:10:00,72.3137295055,0.0,73.21038818359375,0,0.6614407350955087,0.0,21.07663305128662,0.0
2014-04-07 15:15:00,86.06946263409998,0.0,74.0816650390625,0,0.7413001220216788,0.0,21.07663305128662,0.0
2014-04-07 15:20:00,87.44891778440002,0.0,73.14326477050781,0,2.058339059796481,0.0,21.07663305128662,0.0
2014-04-07 15:25:00,77.46438252729999,0.0,80.05891418457031,0,3.5291146945930656,0.0,21.07663305128662,0.0
2014-04-07 15:30:00,77.4153668762,0.0,76.50154113769531,0,2.436151647911718,0.0,21.07663305128662,0.0
2014-04-07 15:35:00,72.1127767151,0.0,78.29720306396484,0,3.725226000588087,0.0,21.07663305128662,0.0
2014-04-07 15:40:00,82.8832153268,0.0,73.62833404541016,0,2.999804594816508,0.0,21.07663305128662,0.0
2014-04-07 15:45:00,85.2062203444,0.0,72.37773132324219,0,1.895079024404982,0.0,21.07663305128662,0.0
2014-04-07 15:50:00,74.3450190867,0.0,77.1208267211914,0,3.1743236948909175,0.0,21.07663305128662,0.0
2014-04-07 15:55:00,74.5539458651,0.0,75.85888671875,0,2.8924045414217776,0.0,21.07663305128662,0.0
2014-04-07 16:00:00,84.64116948819999,0.0,75.36207580566406,0,3.2705148488361306,0.0,21.07663305128662,0.0
2014-04-07 16:05:00,81.8604948012,0.0,74.72035217285156,0,3.2735413989793916,0.0,21.07663305128662,0.0
2014-04-07 16:10:00,72.7176293039,0.0,73.97966766357422,0,2.562498099878221,0.0,21.07663305128662,0.0
2014-04-07 16:15:00,81.96059448279999,0.0,76.68550872802734,0,2.3732769405260736,0.0,21.07663305128662,0.0
2014-04-07 16:20:00,76.9425358355,0.0,77.19120788574219,0,2.869545053166405,0.0,21.07663305128662,0.0
2014-04-07 16:25:00,77.89945292029999,0.0,74.01896667480469,0,1.7407423491296878,0.0,21.07663305128662,0.0
2014-04-07 16:30:00,84.3155408066,0.0,73.99627685546875,0,1.3332853012730457,0.0,21.07663305128662,0.0
2014-04-07 16:35:00,84.9747999308,0.0,74.40342712402344,0,2.465438500205174,0.0,21.07663305128662,0.0
2014-04-07 16:40:00,78.4055554905,0.0,79.23526000976562,0,3.127474381705664,0.0,21.07663305128662,0.0
2014-04-07 16:45:00,87.15427963959999,0.0,77.69309997558594,0,2.866151667967184,0.0,21.07663305128662,0.0
2014-04-07 16:50:00,78.5032527607,0.0,78.37437438964844,0,3.8976901176484358,0.0,21.07663305128662,0.0
2014-04-07 16:55:00,84.3492146129,0.0,76.01565551757812,0,2.5323910140052703,0.0,21.07663305128662,0.0
2014-04-07 17:00:00,79.7420056121,0.0,77.02009582519531,0,2.252664300073434,0.0,21.07663305128662,0.0
2014-04-07 17:05:00,86.36048406190002,0.0,78.54421997070312,0,2.5806908646615216,0.0,21.07663305128662,0.0
2014-04-07 17:10:00,86.52414667309998,0.0,76.62945556640625,0,2.3648346155585944,0.0,21.07663305128662,0.0
2014-04-07 17:15:00,73.3986407408,0.0,78.94161987304688,0,3.5958030100146487,0.0,21.07663305128662,0.0
2014-04-07 17:20:00,86.9838598991,0.0,76.17176055908203,0,3.2469805146302733,0.0,21.07663305128662,0.0
2014-04-07 17:25:00,85.2085247442,0.0,76.46658325195312,0,4.258254208769433,0.0,21.07663305128662,0.0
2014-04-07 17:30:00,84.6609389192,0.0,78.98300170898438,0,4.3739638839006805,0.0,21.07663305128662,0.0
2014-04-07 17:35:00,75.2145525526,0.0,79.34272766113281,0,3.842104480388379,0.0,21.07663305128662,0.0
2014-04-07 17:40:00,84.8818747454,0.0,76.74696350097656,0,3.6700191438766616,0.0,21.07663305128662,0.0
2014-04-07 17:45:00,85.6020908837,0.0,79.05075073242188,0,3.3353706319273453,0.0,21.07663305128662,0.0
2014-04-07 17:50:00,76.6263759267,0.0,75.10863494873047,0,2.9651234289226576,0.0,21.07663305128662,0.0
2014-04-07 17:55:00,87.2361277551,0.0,79.78085327148438,0,2.445098899891896,0.0,21.07663305128662,0.0
2014-04-07 18:00:00,29.1190993461,0.0,76.96382141113281,0,2.9574083571608405,0.0,21.07663305128662,0.0
2014-04-07 18:05:00,29.759413506999998,0.0,51.58593368530274,0,7.921134709737013,0.0,21.07663305128662,0.0
2014-04-07 18:10:00,32.240513093400004,0.0,42.903751373291016,0,7.404734898028322,0.0,21.07663305128662,0.0
2014-04-07 18:15:00,32.485065578000004,0.0,36.73551940917969,0,8.000248914120949,0.0,21.07663305128662,0.0
2014-04-07 18:20:00,32.9289542108,0.0,36.36893844604492,0,10.573116794300782,0.0,21.07663305128662,0.0
2014-04-07 18:25:00,28.908596877199997,0.0,32.94590377807617,0,5.022524565577295,0.0,21.07663305128662,0.0
2014-04-07 18:30:00,34.9463406479,0.0,38.196475982666016,0,2.798872905898974,0.0,21.07663305128662,0.0
2014-04-07 18:35:00,29.085358209099997,0.0,31.355735778808594,0,1.8722350377583492,0.0,21.07663305128662,0.0
2014-04-07 18:40:00,29.715590791999997,0.0,32.02608108520508,0,1.6247255050744633,0.0,21.07663305128662,0.0
2014-04-07 18:45:00,28.889687365300002,0.0,34.393238067626946,0,1.4835387623194833,0.0,21.07663305128662,0.0
2014-04-07 18:50:00,32.4278877469,0.0,30.80121994018555,0,1.6668192375008295,0.0,21.07663305128662,0.0
2014-04-07 18:55:00,34.7665013819,0.0,38.91521835327149,0,1.2962994698952626,0.0,21.07663305128662,0.0
2014-04-07 19:00:00,23.143442034499998,0.0,22.99490165710449,0,1.6484523889903806,0.0,21.07663305128662,0.0
2014-04-07 19:05:00,23.845504150700002,0.0,24.79136657714844,0,1.428434482226049,0.0,21.07663305128662,0.0
2014-04-07 19:10:00,20.2194986823,0.0,21.42272186279297,0,0.858723447741236,0.0,21.07663305128662,0.0
2014-04-07 19:15:00,22.588227298099998,0.0,23.45038986206055,0,0.8057928694635512,0.0,21.07663305128662,0.0
2014-04-07 19:20:00,22.218840920399998,0.0,22.478313446044922,0,0.3949735685371838,0.0,21.07663305128662,0.0
2014-04-07 19:25:00,22.395375161599997,0.0,16.961456298828125,0,0.4088400870683606,0.0,21.07663305128662,0.0
2014-04-07 19:30:00,20.483513946600002,0.0,20.316946029663086,0,0.9698471416087897,0.0,21.07663305128662,0.0
2014-04-07 19:35:00,23.226269143499998,0.0,13.337326049804688,0,0.6116498673448993,0.0,21.07663305128662,0.0
2014-04-07 19:40:00,22.414426229,0.0,19.989822387695312,0,1.739997433561744,0.0,21.07663305128662,0.0
2014-04-07 19:45:00,23.5878655534,0.0,17.70676040649414,0,2.2392542143385983,0.0,21.07663305128662,0.0
2014-04-07 19:50:00,22.3341008154,0.0,20.55925750732422,0,2.2951524998553468,0.0,21.07663305128662,0.0
2014-04-07 19:55:00,20.8292285877,0.0,20.78236961364746,0,2.496186923747705,0.0,21.07663305128662,0.0
2014-04-07 20:00:00,21.0872602309,0.0,17.797794342041016,0,1.2659264087923585,0.0,21.07663305128662,0.0
2014-04-07 20:05:00,19.1380943095,0.0,19.42380714416504,0,1.3740341647366456,0.0,21.07663305128662,0.0
2014-04-07 20:10:00,22.0053278674,0.0,16.610454559326172,0,0.46907571268811044,0.0,21.07663305128662,0.0
2014-04-07 20:15:00,20.9433238639,0.0,20.55608367919922,0,0.9215794626878662,0.0,21.07663305128662,0.0
2014-04-07 20:20:00,19.0759068781,0.0,18.746700286865234,0,0.9924128558249268,0.0,21.07663305128662,0.0
2014-04-07 20:25:00,22.373736415,0.0,19.02291488647461,0,0.6223804436218994,0.0,21.07663305128662,0.0
2014-04-07 20:30:00,20.5552246912,0.0,19.6159610748291,0,1.1827677015668456,0.0,21.07663305128662,0.0
2014-04-07 20:35:00,18.7305918341,0.0,18.111251831054688,0,0.5583097155128418,0.0,21.07663305128662,0.0
2014-04-07 20:40:00,20.9995073245,0.0,18.17088508605957,0,0.587322192805908,0.0,21.07663305128662,0.0
2014-04-07 20:45:00,19.4691024895,0.0,20.25205421447754,0,0.967255923297754,0.0,21.07663305128662,0.0
2014-04-07 20:50:00,21.723928118200003,0.0,18.255535125732425,0,0.45608940030708034,0.0,21.07663305128662,0.0
2014-04-07 20:55:00,21.7817989519,0.0,19.51095390319824,0,0.7722305723191654,0.0,21.07663305128662,0.0
2014-04-07 21:00:00,22.020985158800002,0.0,19.67442321777344,0,1.1591827469917493,0.0,21.07663305128662,0.0
2014-04-07 21:05:00,20.1035139699,0.0,19.455608367919922,0,1.0677266347528795,0.0,21.07663305128662,0.0
2014-04-07 21:10:00,19.9149626423,0.0,19.49990463256836,0,1.0917131980219974,0.0,21.07663305128662,0.0
2014-04-07 21:15:00,21.1147691018,0.0,19.38359832763672,0,0.7100463251800053,0.0,21.07663305128662,0.0
2014-04-07 21:20:00,18.6188260164,0.0,19.037107467651367,0,0.6425870408626952,0.0,21.07663305128662,0.0
2014-04-07 21:25:00,20.2845627834,0.0,18.362815856933594,0,0.40155197964079603,0.0,21.07663305128662,0.0
2014-04-07 21:30:00,20.2818783048,0.0,19.1816463470459,0,0.5607821452015869,0.0,21.07663305128662,0.0
2014-04-07 21:35:00,18.4460103301,0.0,18.504047393798828,0,0.576076347373657,0.0,21.07663305128662,0.0
2014-04-07 21:40:00,19.7663615881,0.0,18.01548385620117,0,0.3669346335656005,0.0,21.07663305128662,0.0
2014-04-07 21:45:00,21.5159222098,0.0,18.604145050048828,0,0.603861709977271,0.0,21.07663305128662,0.0
2014-04-07 21:50:00,21.527452584899997,0.0,19.95366096496582,0,0.707848649144263,0.0,21.07663305128662,0.0
2014-04-07 21:55:00,18.4852559776,0.0,19.01106071472168,0,0.49625631239758317,0.0,21.07663305128662,0.0
2014-04-07 22:00:00,18.3805118902,0.0,18.833030700683594,0,0.8218689839800049,0.0,21.07663305128662,0.0
2014-04-07 22:05:00,19.069070649300002,0.0,18.464582443237305,0,0.6829865409113274,0.0,21.07663305128662,0.0
2014-04-07 22:10:00,21.5197033413,0.0,17.84463119506836,0,0.39199122990493107,0.0,21.07663305128662,0.0
2014-04-07 22:15:00,18.5333853171,0.0,19.702896118164066,0,0.6546512956921142,0.0,21.07663305128662,0.0
2014-04-07 22:20:00,20.900031988,0.0,17.359062194824222,0,0.5865766939645756,0.0,21.07663305128662,0.0
2014-04-07 22:25:00,18.4223309454,0.0,20.524742126464844,0,1.044526934708765,0.0,21.07663305128662,0.0
2014-04-07 22:30:00,20.5122242543,0.0,17.31766700744629,0,1.0620758890214357,0.0,21.07663305128662,0.0
2014-04-07 22:35:00,19.4429164854,0.0,19.202335357666016,0,0.8296238175617914,0.0,21.07663305128662,0.0
2014-04-07 22:40:00,21.175965271099997,0.0,17.896703720092773,0,0.8214242021290765,0.0,21.07663305128662,0.0
2014-04-07 22:45:00,18.9529391573,0.0,20.069744110107425,0,0.9700026512405762,0.0,21.07663305128662,0.0
2014-04-07 22:50:00,20.5765418425,0.0,18.179466247558594,0,0.9005471567118652,0.0,21.07663305128662,0.0
2014-04-07 22:55:00,18.9609151499,0.0,19.333148956298828,0,0.7579454448395748,0.0,21.07663305128662,0.0
2014-04-07 23:00:00,20.8586452215,0.0,17.512697219848633,0,0.7494971786684075,0.0,21.07663305128662,0.0
2014-04-07 23:05:00,21.4988391209,0.0,19.342002868652344,0,0.7654041744489501,0.0,21.07663305128662,0.0
2014-04-07 23:10:00,18.510760578499998,0.0,19.671430587768555,0,0.9863757420608645,0.0,21.07663305128662,0.0
2014-04-07 23:15:00,21.470504297799998,0.0,17.914608001708984,0,0.7906465789622321,0.0,21.07663305128662,0.0
2014-04-07 23:20:00,20.3782128814,0.0,20.62429428100586,0,1.2774188199073246,0.0,21.07663305128662,0.0
2014-04-07 23:25:00,18.5119955825,0.0,17.71003532409668,0,0.6257437818384033,0.0,21.07663305128662,0.0
2014-04-07 23:30:00,19.7139517716,0.0,18.442628860473636,0,0.456384282607861,0.0,21.07663305128662,0.0
2014-04-07 23:35:00,18.6470207128,0.0,18.7141170501709,0,0.7344076081533197,0.0,21.07663305128662,0.0
2014-04-07 23:40:00,20.8053854206,0.0,18.523298263549805,0,0.27304242985444294,0.0,21.07663305128662,0.0
2014-04-07 23:45:00,21.0395113463,0.0,18.65345573425293,0,0.5275431495349849,0.0,21.07663305128662,0.0
2014-04-07 23:50:00,18.426723330999998,0.0,19.206958770751953,0,0.7500158745176999,0.0,21.07663305128662,0.0
2014-04-07 23:55:00,20.0284041242,0.0,17.741498947143555,0,0.551058559152759,0.0,21.07663305128662,0.0
2014-04-08 00:00:00,21.2585002241,0.0,19.37096405029297,0,0.9669104232382084,0.0,21.07663305128662,0.0
2014-04-08 00:05:00,21.744652166199998,0.0,19.557392120361328,0,0.7995614604211916,0.0,21.07663305128662,0.0
2014-04-08 00:10:00,20.054071467,0.0,18.87298583984375,0,0.7514085058865967,0.0,21.07663305128662,0.0
2014-04-08 00:15:00,21.8011168944,0.0,19.527984619140625,0,0.9428483779822998,0.0,21.07663305128662,0.0
2014-04-08 00:20:00,20.1427558818,0.0,20.14449882507324,0,0.9411267652576658,0.0,21.07663305128662,0.0
2014-04-08 00:25:00,19.5767619784,0.0,18.387840270996094,0,0.6940991916817869,0.0,21.07663305128662,0.0
2014-04-08 00:30:00,21.3928125142,0.0,19.009002685546875,0,0.5693068993774415,0.0,21.07663305128662,0.0
2014-04-08 00:35:00,19.9719308418,0.0,19.397911071777344,0,0.7309508443237056,0.0,21.07663305128662,0.0
2014-04-08 00:40:00,19.8876100423,0.0,18.97358703613281,0,0.5185617811691157,0.0,21.07663305128662,0.0
2014-04-08 00:45:00,19.9612499576,0.0,18.915428161621094,0,0.6325967890308597,0.0,21.07663305128662,0.0
2014-04-08 00:50:00,21.3871400075,0.0,18.69607162475586,0,0.6147093001027346,0.0,21.07663305128662,0.0
2014-04-08 00:55:00,21.3277661668,0.0,19.36185646057129,0,0.6531166193641118,0.0,21.07663305128662,0.0
2014-04-08 01:00:00,19.6140799698,0.0,18.981571197509766,0,0.8271028613898688,0.0,21.07663305128662,0.0
2014-04-08 01:05:00,19.3331994395,0.0,19.460491180419922,0,0.791913582155249,0.0,21.07663305128662,0.0
2014-04-08 01:10:00,19.9677120962,0.0,18.624774932861328,0,0.6735151976389648,0.0,21.07663305128662,0.0
2014-04-08 01:15:00,20.291090038900002,0.0,19.182313919067386,0,0.5049987952132811,0.0,21.07663305128662,0.0
2014-04-08 01:20:00,18.9533488425,0.0,18.450511932373047,0,0.40143922454768033,0.0,21.07663305128662,0.0
2014-04-08 01:25:00,21.1758203389,0.0,18.168764114379886,0,0.3156859264391363,0.0,21.07663305128662,0.0
2014-04-08 01:30:00,19.945931062899998,0.0,20.172527313232425,0,0.745200802227294,0.0,21.07663305128662,0.0
2014-04-08 01:35:00,19.336182193699997,0.0,18.160442352294922,0,0.45326087925996017,0.0,21.07663305128662,0.0
2014-04-08 01:40:00,18.4272839719,0.0,18.829158782958984,0,0.46163134445651766,0.0,21.07663305128662,0.0
2014-04-08 01:45:00,18.9553806416,0.0,17.87950897216797,0,0.5923392531311289,0.0,21.07663305128662,0.0
2014-04-08 01:50:00,21.797124686999997,0.0,18.75045585632324,0,0.3164845646928729,0.0,21.07663305128662,0.0
2014-04-08 01:55:00,19.2203987473,0.0,19.50922393798828,0,0.6721229085187015,0.0,21.07663305128662,0.0
2014-04-08 02:00:00,18.6754371575,0.0,17.90207862854004,0,0.466412566970972,0.0,21.07663305128662,0.0
2014-04-08 02:05:00,19.8426911666,0.0,18.586902618408203,0,0.5788601154210942,0.0,21.07663305128662,0.0
2014-04-08 02:10:00,19.228350973399998,0.0,18.60415267944336,0,0.6705801373145999,0.0,21.07663305128662,0.0
2014-04-08 02:15:00,18.1406370011,0.0,18.206581115722656,0,0.3677713202245849,0.0,21.07663305128662,0.0
2014-04-08 02:20:00,19.2925808691,0.0,17.60749053955078,0,0.3399111857163817,0.0,21.07663305128662,0.0
2014-04-08 02:25:00,20.1764344958,0.0,19.24234390258789,0,0.453877660790039,0.0,21.07663305128662,0.0
2014-04-08 02:30:00,20.206849488099998,0.0,18.173418045043945,0,0.2759520537315914,0.0,21.07663305128662,0.0
2014-04-08 02:35:00,19.4262356847,0.0,18.498878479003906,0,0.45210619736901814,0.0,21.07663305128662,0.0
2014-04-08 02:40:00,19.789211025,0.0,18.246681213378906,0,0.6974961964391841,0.0,21.07663305128662,0.0
2014-04-08 02:45:00,21.8620716729,0.0,18.672361373901367,0,0.6796761316981685,0.0,21.07663305128662,0.0
2014-04-08 02:50:00,19.5093939089,0.0,20.16480255126953,0,0.9616285949214842,0.0,21.07663305128662,0.0
2014-04-08 02:55:00,19.032907253,0.0,17.9656982421875,0,0.6970548865144774,0.0,21.07663305128662,0.0
2014-04-08 03:00:00,18.9738681763,0.0,18.909198760986328,0,0.7599082796915284,0.0,21.07663305128662,0.0
2014-04-08 03:05:00,19.8310584508,0.0,18.122180938720703,0,0.6221246709367922,0.0,21.07663305128662,0.0
2014-04-08 03:10:00,21.0380805949,0.0,18.387882232666016,0,0.4370205725718752,0.0,21.07663305128662,0.0
2014-04-08 03:15:00,18.8239527368,0.0,18.7841739654541,0,0.6863692875549319,0.0,21.07663305128662,0.0
2014-04-08 03:20:00,20.8371845086,0.0,18.168354034423828,0,0.5366290015750241,0.0,21.07663305128662,0.0
2014-04-08 03:25:00,18.0845992934,0.0,19.71255111694336,0,0.8834606399794187,0.0,21.07663305128662,0.0
2014-04-08 03:30:00,19.6757319119,0.0,17.374549865722653,0,0.7622701313945064,0.0,21.07663305128662,0.0
2014-04-08 03:35:00,21.1034602608,0.0,18.886550903320312,0,0.5643181633420413,0.0,21.07663305128662,0.0
2014-04-08 03:40:00,19.3549318231,0.0,18.788482666015625,0,0.9134369779875491,0.0,21.07663305128662,0.0
2014-04-08 03:45:00,20.2549484058,0.0,18.71624183654785,0,0.738817596795557,0.0,21.07663305128662,0.0
2014-04-08 03:50:00,18.8199169313,0.0,18.885717391967773,0,0.8279058912491948,0.0,21.07663305128662,0.0
2014-04-08 03:55:00,20.9679815645,0.0,18.30064010620117,0,0.5318247000554197,0.0,21.07663305128662,0.0
2014-04-08 04:00:00,18.2091164131,0.0,19.058704376220703,0,0.6047872056628911,0.0,21.07663305128662,0.0
2014-04-08 04:05:00,21.4101705795,0.0,17.485420227050778,0,0.578485357334253,0.0,21.07663305128662,0.0
2014-04-08 04:10:00,18.7927855457,0.0,20.69721031188965,0,0.8767408302338873,0.0,21.07663305128662,0.0
2014-04-08 04:15:00,21.497592126799997,0.0,17.07513427734375,0,0.8572513301585949,0.0,21.07663305128662,0.0
2014-04-08 04:20:00,19.4101169652,0.0,20.71401596069336,0,1.0532941918240968,0.0,21.07663305128662,0.0
2014-04-08 04:25:00,20.8907342979,0.0,16.988651275634766,0,1.0553546312519777,0.0,21.07663305128662,0.0
2014-04-08 04:30:00,19.2769011911,0.0,20.14781188964844,0,1.1398238285535154,0.0,21.07663305128662,0.0
2014-04-08 04:35:00,21.6236466849,0.0,18.078813552856445,0,1.1327794745212403,0.0,21.07663305128662,0.0
2014-04-08 04:40:00,18.5065485021,0.0,20.204975128173828,0,1.0230763848446536,0.0,21.07663305128662,0.0
2014-04-08 04:45:00,18.7140791571,0.0,17.71882438659668,0,1.0468737614228272,0.0,21.07663305128662,0.0
2014-04-08 04:50:00,19.9721205006,0.0,18.28473472595215,0,0.6575788980775878,0.0,21.07663305128662,0.0
2014-04-08 04:55:00,18.3277537562,0.0,19.0365047454834,0,0.9834948762585931,0.0,21.07663305128662,0.0
2014-04-08 05:00:00,18.783920738800003,0.0,16.95969009399414,0,0.5699827396406247,0.0,21.07663305128662,0.0
2014-04-08 05:05:00,21.775065528800006,0.0,18.961286544799805,0,0.6003092783610349,0.0,21.07663305128662,0.0
2014-04-08 05:10:00,21.905958644600002,0.0,19.166261672973636,0,0.8276248050481452,0.0,21.07663305128662,0.0
2014-04-08 05:15:00,19.5050373173,0.0,19.5926456451416,0,0.9503351606177244,0.0,21.07663305128662,0.0
2014-04-08 05:20:00,21.6931440841,0.0,18.149742126464844,0,0.8709098244922129,0.0,21.07663305128662,0.0
2014-04-08 05:25:00,20.1792987027,0.0,20.923152923583984,0,1.1480607801379152,0.0,21.07663305128662,0.0
2014-04-08 05:30:00,19.0789698635,0.0,18.10011482238769,0,0.7120557339628903,0.0,21.07663305128662,0.0
2014-04-08 05:35:00,20.8095948843,0.0,19.06334686279297,0,0.4919504926486331,0.0,21.07663305128662,0.0
2014-04-08 05:40:00,20.6356072263,0.0,19.329753875732425,0,0.87654490514231,0.0,21.07663305128662,0.0
2014-04-08 05:45:00,21.956501276399997,0.0,18.756277084350586,0,0.5655033277298092,0.0,21.07663305128662,0.0
2014-04-08 05:50:00,19.0601891496,0.0,19.793169021606445,0,0.8725495741254874,0.0,21.07663305128662,0.0
2014-04-08 05:55:00,20.6882380106,0.0,18.004432678222656,0,0.8394675887497547,0.0,21.07663305128662,0.0
2014-04-08 06:00:00,18.2080950201,0.0,19.79075050354004,0,0.9566622526085435,0.0,21.07663305128662,0.0
2014-04-08 06:05:00,18.4545841548,0.0,17.577674865722653,0,0.7731903839512202,0.0,21.07663305128662,0.0
2014-04-08 06:10:00,18.015673499800002,0.0,18.906429290771484,0,0.5055983550868413,0.0,21.07663305128662,0.0
2014-04-08 06:15:00,21.9978427242,0.0,17.123542785644528,0,0.6940485560054448,0.0,21.07663305128662,0.0
2014-04-08 06:20:00,21.209094788599998,0.0,20.278757095336914,0,1.0280775627555427,0.0,21.07663305128662,0.0
2014-04-08 06:25:00,21.1468920589,0.0,18.108253479003906,0,0.6087885576663097,0.0,21.07663305128662,0.0
2014-04-08 06:30:00,20.0389043012,0.0,19.79369163513184,0,0.9338685508936528,0.0,21.07663305128662,0.0
2014-04-08 06:35:00,19.2002683316,0.0,19.159854888916016,0,1.106079510455737,0.0,21.07663305128662,0.0
2014-04-08 06:40:00,18.6050571379,0.0,18.81083106994629,0,0.4705221312218755,0.0,21.07663305128662,0.0
2014-04-08 06:45:00,19.1386989554,0.0,18.68087387084961,0,0.4412548275868158,0.0,21.07663305128662,0.0
2014-04-08 06:50:00,19.5038848877,0.0,18.04859161376953,0,0.11865314066860266,0.0,21.07663305128662,0.0
2014-04-08 06:55:00,21.0252403879,0.0,18.74599838256836,0,0.26991321665139134,0.0,21.07663305128662,0.0
2014-04-08 07:00:00,20.1586471556,0.0,18.522602081298828,0,0.5334856590526607,0.0,21.07663305128662,0.0
2014-04-08 07:05:00,18.309934506199998,0.0,18.588842391967773,0,0.7285506797642087,0.0,21.07663305128662,0.0
2014-04-08 07:10:00,18.0721160358,0.0,17.72953224182129,0,0.7048449391450444,0.0,21.07663305128662,0.0
2014-04-08 07:15:00,18.4093287181,0.0,18.680776596069336,0,0.5657562541510748,0.0,21.07663305128662,0.0
2014-04-08 07:20:00,19.6419948548,0.0,17.932819366455078,0,0.31612307900212455,0.0,21.07663305128662,0.0
2014-04-08 07:25:00,21.7327716682,0.0,18.41476058959961,0,0.32526438075759323,0.0,21.07663305128662,0.0
2014-04-08 07:30:00,20.5496099248,0.0,19.259822845458984,0,0.704473295924219,0.0,21.07663305128662,0.0
2014-04-08 07:35:00,21.2073035995,0.0,18.419754028320312,0,0.6122871265671144,0.0,21.07663305128662,0.0
2014-04-08 07:40:00,19.865498377999998,0.0,19.565540313720703,0,1.1380654021832521,0.0,21.07663305128662,0.0
2014-04-08 07:45:00,19.4466643328,0.0,18.72969055175781,0,0.9619132241750488,0.0,21.07663305128662,0.0
2014-04-08 07:50:00,18.4336014909,0.0,19.01231575012207,0,0.6367835619802737,0.0,21.07663305128662,0.0
2014-04-08 07:55:00,21.503732088699998,0.0,18.346031188964844,0,0.5101483670574458,0.0,21.07663305128662,0.0
2014-04-08 08:00:00,21.1326401161,0.0,19.89935302734375,0,0.556417283126879,0.0,21.07663305128662,0.0
2014-04-08 08:05:00,18.6724723904,0.0,18.24171638488769,0,0.5095698519709719,0.0,21.07663305128662,0.0
2014-04-08 08:10:00,20.049042255499998,0.0,17.965015411376953,0,0.4918383395977539,0.0,21.07663305128662,0.0
2014-04-08 08:15:00,19.9494992317,0.0,18.992868423461914,0,0.8632213547658445,0.0,21.07663305128662,0.0
2014-04-08 08:20:00,20.5003662107,0.0,18.510181427001953,0,0.5480380891959715,0.0,21.07663305128662,0.0
2014-04-08 08:25:00,21.784747575999997,0.0,19.307937622070312,0,0.6426503010636964,0.0,21.07663305128662,0.0
2014-04-08 08:30:00,20.3190857671,0.0,19.815622329711914,0,0.9384565487486078,0.0,21.07663305128662,0.0
2014-04-08 08:35:00,20.160869067100002,0.0,19.093854904174805,0,0.7408861229067378,0.0,21.07663305128662,0.0
2014-04-08 08:40:00,18.2012917317,0.0,18.656930923461914,0,0.7546840422426269,0.0,21.07663305128662,0.0
2014-04-08 08:45:00,18.2516299041,0.0,18.070335388183594,0,0.5628658432506102,0.0,21.07663305128662,0.0
2014-04-08 08:50:00,18.7493871653,0.0,17.859350204467773,0,0.2759264134989503,0.0,21.07663305128662,0.0
2014-04-08 08:55:00,18.1298830868,0.0,18.466083526611328,0,0.324248103929468,0.0,21.07663305128662,0.0
2014-04-08 09:00:00,71.30959937979999,0.0,17.998817443847656,0,0.19979741417631836,0.0,21.07663305128662,0.0
2014-04-08 09:05:00,71.0372921343,0.0,53.20588302612305,0,6.787340679142748,0.0,21.07663305128662,0.0
2014-04-08 09:10:00,63.0503647883,0.0,57.29452896118164,0,4.654941463040893,0.0,21.07663305128662,0.0
2014-04-08 09:15:00,72.5706730508,0.0,59.51302719116211,0,4.758697679584667,0.0,21.07663305128662,0.0
2014-04-08 09:20:00,63.305090073900004,0.0,68.49671173095703,0,11.244459091360692,0.0,21.07663305128662,0.0
2014-04-08 09:25:00,65.29598798319999,0.0,62.80485534667969,0,4.54877068866665,0.0,21.07663305128662,0.0
2014-04-08 09:30:00,64.58608582859999,0.0,61.03064727783203,0,2.04481276347998,0.0,21.07663305128662,0.0
2014-04-08 09:35:00,66.2633765406,0.0,65.89072418212889,0,2.9598016367486792,0.0,21.07663305128662,0.0
2014-04-08 09:40:00,64.66342721609999,0.0,63.34513473510742,0,1.279790761409279,0.0,21.07663305128662,0.0
2014-04-08 09:45:00,67.8497325996,0.0,60.53128051757813,0,0.9671895033439935,0.0,21.07663305128662,0.0
2014-04-08 09:50:00,66.7407471864,0.0,64.270263671875,0,1.5706044340316891,0.0,21.07663305128662,0.0
2014-04-08 09:55:00,74.6173450746,0.0,59.4669189453125,0,1.4349850545013192,0.0,21.07663305128662,0.0
2014-04-08 10:00:00,70.707976954,0.0,75.94425964355469,0,3.282206775853367,0.0,21.07663305128662,0.0
2014-04-08 10:05:00,72.0466549615,0.0,70.63906860351562,0,2.9532451370179684,0.0,21.07663305128662,0.0
2014-04-08 10:10:00,70.6598578735,0.0,72.42747497558594,0,1.5684651291294927,0.0,21.07663305128662,0.0
2014-04-08 10:15:00,79.5530553461,0.0,70.29443359375,0,2.3368357706123053,0.0,21.07663305128662,0.0
2014-04-08 10:20:00,70.6859839855,0.0,70.9693832397461,0,1.9137571357781251,0.0,21.07663305128662,0.0
2014-04-08 10:25:00,82.8215447241,0.0,72.90396118164062,0,1.1536132055598625,0.0,21.07663305128662,0.0
2014-04-08 10:30:00,77.7852875482,0.0,74.27012634277344,0,2.435716332631932,0.0,21.07663305128662,0.0
2014-04-08 10:35:00,78.0191583335,0.0,76.4735336303711,0,2.8718457193102527,0.0,21.07663305128662,0.0
2014-04-08 10:40:00,78.5559467597,0.0,71.91110229492188,0,1.738771681583886,0.0,21.07663305128662,0.0
2014-04-08 10:45:00,72.4910287219,0.0,72.11669158935547,0,2.7029017394741217,0.0,21.07663305128662,0.0
2014-04-08 10:50:00,72.9081535043,0.0,71.28578186035156,0,1.0121828246758788,0.0,21.07663305128662,0.0
2014-04-08 10:55:00,74.78804485100001,0.0,70.14457702636719,0,0.7755841294911132,0.0,21.07663305128662,0.0
2014-04-08 11:00:00,81.0069669972,0.0,70.4744644165039,0,1.66062763323799,0.0,21.07663305128662,0.0
2014-04-08 11:05:00,74.9097131086,0.0,72.08601379394531,0,2.1465848977277346,0.0,21.07663305128662,0.0
2014-04-08 11:10:00,73.4181397883,0.0,70.79312896728516,0,2.452755170491505,0.0,21.07663305128662,0.0
2014-04-08 11:15:00,86.9967389616,0.0,73.8339614868164,0,2.578085067624805,0.0,21.07663305128662,0.0
2014-04-08 11:20:00,71.91759878270001,0.0,71.71378326416016,0,3.642998773893652,0.0,21.07663305128662,0.0
2014-04-08 11:25:00,84.3340995345,0.0,75.2079086303711,0,2.3519128911241225,0.0,21.07663305128662,0.0
2014-04-08 11:30:00,84.1009110188,0.0,73.955322265625,0,3.1397243398083994,0.0,21.07663305128662,0.0
2014-04-08 11:35:00,76.2948932666,0.0,77.4833984375,0,4.07979658132842,0.0,21.07663305128662,0.0
2014-04-08 11:40:00,73.725005701,0.0,75.45986938476562,0,2.5235709622919913,0.0,21.07663305128662,0.0
2014-04-08 11:45:00,73.88407799720001,0.0,72.28994750976562,0,2.774393563996192,0.0,21.07663305128662,0.0
2014-04-08 11:50:00,82.6599524405,0.0,74.53541564941406,0,1.8328860119093768,0.0,21.07663305128662,0.0
2014-04-08 11:55:00,81.7911960246,0.0,71.44599914550781,0,1.5293077109085935,0.0,21.07663305128662,0.0
2014-04-08 12:00:00,84.4225020711,0.0,77.7901382446289,0,2.7248409801722673,0.0,21.07663305128662,0.0
2014-04-08 12:05:00,86.8952991199,0.0,76.48836517333984,0,2.52334784920674,0.0,21.07663305128662,0.0
2014-04-08 12:10:00,82.9711528069,0.0,76.2751235961914,0,4.438628930401173,0.0,21.07663305128662,0.0
2014-04-08 12:15:00,74.4042322353,0.0,80.0748291015625,0,4.260065482854003,0.0,21.07663305128662,0.0
2014-04-08 12:20:00,75.80400777,0.0,73.00874328613281,0,3.6757404812502923,0.0,21.07663305128662,0.0
2014-04-08 12:25:00,85.3725295743,0.0,78.00355529785156,0,3.0237550369550767,0.0,21.07663305128662,0.0
2014-04-08 12:30:00,75.2584785367,0.0,74.9462890625,0,2.5695454586891593,0.0,21.07663305128662,0.0
2014-04-08 12:35:00,73.0725646428,0.0,75.3406753540039,0,2.0183781375972654,0.0,21.07663305128662,0.0
2014-04-08 12:40:00,83.1525778876,0.0,73.35694885253906,0,1.5930673682149408,0.0,21.07663305128662,0.0
2014-04-08 12:45:00,78.34629318180001,0.0,73.51693725585938,0,2.2304217265940434,0.0,21.07663305128662,0.0
2014-04-08 12:50:00,86.6165760717,0.0,76.56404113769531,0,1.8929708823655282,0.0,21.07663305128662,0.0
2014-04-08 12:55:00,82.3051962401,0.0,75.9818115234375,0,2.6775239077520503,0.0,21.07663305128662,0.0
2014-04-08 13:00:00,73.4290764358,0.0,80.63333129882812,0,3.875113076458595,0.0,21.07663305128662,0.0
2014-04-08 13:05:00,87.1447853068,0.0,75.94404602050781,0,2.9794317756974635,0.0,21.07663305128662,0.0
2014-04-08 13:10:00,76.1186433584,0.0,75.63462829589844,0,3.9704366828673834,0.0,21.07663305128662,0.0
2014-04-08 13:15:00,77.37682495050001,0.0,75.72694396972656,0,2.0057732765832057,0.0,21.07663305128662,0.0
2014-04-08 13:20:00,78.41734193890001,0.0,74.35785675048828,0,2.0030252815209018,0.0,21.07663305128662,0.0
2014-04-08 13:25:00,72.8021120412,0.0,78.3655014038086,0,2.1742650647473667,0.0,21.07663305128662,0.0
2014-04-08 13:30:00,79.9250601365,0.0,73.36388397216797,0,1.1550509262619162,0.0,21.07663305128662,0.0
2014-04-08 13:35:00,73.9553423142,0.0,72.7699203491211,0,1.4804547263970722,0.0,21.07663305128662,0.0
2014-04-08 13:40:00,78.396705501,0.0,75.48597717285156,0,1.1189586171877917,0.0,21.07663305128662,0.0
2014-04-08 13:45:00,77.59272988229999,0.0,72.55572509765625,0,1.4763195913199194,0.0,21.07663305128662,0.0
2014-04-08 13:50:00,84.3451936289,0.0,76.49142456054688,0,1.9617914052753882,0.0,21.07663305128662,0.0
2014-04-08 13:55:00,84.83036401140001,0.0,75.94326782226562,0,1.8720036713541983,0.0,21.07663305128662,0.0
2014-04-08 14:00:00,74.4510322971,0.0,75.31724548339844,0,3.0860747962849615,0.0,21.07663305128662,0.0
2014-04-08 14:05:00,77.8610814868,0.0,78.6217269897461,0,2.8305104035537116,0.0,21.07663305128662,0.0
2014-04-08 14:10:00,77.9699078413,0.0,73.55245971679688,0,2.2959654933415052,0.0,21.07663305128662,0.0
2014-04-08 14:15:00,74.41899481979999,0.0,76.857421875,0,1.8664253753602544,0.0,21.07663305128662,0.0
2014-04-08 14:20:00,84.77118686850001,0.0,72.93408203125,0,0.6979549994867185,0.0,21.07663305128662,0.0
2014-04-08 14:25:00,83.31165410199999,0.0,74.709716796875,0,2.069316455855665,0.0,21.07663305128662,0.0
2014-04-08 14:30:00,75.0425063675,0.0,78.38179016113281,0,3.2097817820128896,0.0,21.07663305128662,0.0
2014-04-08 14:35:00,77.8638128951,0.0,73.01174926757812,0,2.359075782836525,0.0,21.07663305128662,0.0
2014-04-08 14:40:00,73.6893431394,0.0,76.94027709960938,0,3.2677340758193356,0.0,21.07663305128662,0.0
2014-04-08 14:45:00,82.0473670908,0.0,72.24691009521484,0,1.6726539967267566,0.0,21.07663305128662,0.0
2014-04-08 14:50:00,73.9384015791,0.0,75.04261779785156,0,2.1920583411019514,0.0,21.07663305128662,0.0
2014-04-08 14:55:00,87.77073350059997,0.0,75.65602111816406,0,1.679056899146385,0.0,21.07663305128662,0.0
2014-04-08 15:00:00,84.4901020822,0.0,74.49955749511719,0,2.9085555045590787,0.0,21.07663305128662,0.0
2014-04-08 15:05:00,78.24306565270001,0.0,77.183837890625,0,4.126241272981929,0.0,21.07663305128662,0.0
2014-04-08 15:10:00,81.256242849,0.0,76.807373046875,0,2.7919224046822233,0.0,21.07663305128662,0.0
2014-04-08 15:15:00,86.5806378774,0.0,76.30136108398438,0,3.451669316714842,0.0,21.07663305128662,0.0
2014-04-08 15:20:00,80.8648121767,0.0,79.84709167480469,0,3.2222398680873052,0.0,21.07663305128662,0.0
2014-04-08 15:25:00,74.7912577794,0.0,77.31929779052734,0,1.699630351912699,0.0,21.07663305128662,0.0
2014-04-08 15:30:00,78.0585043205,0.0,76.22259521484375,0,2.28423838857041,0.0,21.07663305128662,0.0
2014-04-08 15:35:00,85.48949713340001,0.0,75.02632141113281,0,1.9576183015118165,0.0,21.07663305128662,0.0
2014-04-08 15:40:00,82.30661810470001,0.0,73.35575103759766,0,1.9806056676182635,0.0,21.07663305128662,0.0
2014-04-08 15:45:00,82.4107989981,0.0,78.92121887207031,0,2.9722489882691434,0.0,21.07663305128662,0.0
2014-04-08 15:50:00,85.8683194272,0.0,76.31167602539062,0,2.8767628647393604,0.0,21.07663305128662,0.0
2014-04-08 15:55:00,86.3027404051,0.0,81.17608642578125,0,4.057533289651078,0.0,21.07663305128662,0.0
2014-04-08 16:00:00,86.7165146524,0.0,77.67892456054688,0,3.3904680717825215,0.0,21.07663305128662,0.0
2014-04-08 16:05:00,73.5174459383,0.0,78.59483337402344,0,3.4013084498763675,0.0,21.07663305128662,0.0
2014-04-08 16:10:00,80.7058610759,0.0,77.77143859863281,0,3.5997843635880855,0.0,21.07663305128662,0.0
2014-04-08 16:15:00,83.847991351,0.0,77.22450256347656,0,2.484251375916015,0.0,21.07663305128662,0.0
2014-04-08 16:20:00,84.1106680292,0.0,77.41590881347656,0,2.9591110990458986,0.0,21.07663305128662,0.0
2014-04-08 16:25:00,81.70730235319999,0.0,76.7152099609375,0,2.6662572395296884,0.0,21.07663305128662,0.0
2014-04-08 16:30:00,74.6684539992,0.0,78.1666259765625,0,2.6555953590970702,0.0,21.07663305128662,0.0
2014-04-08 16:35:00,84.7585661263,0.0,78.02616882324219,0,2.7260640466089843,0.0,21.07663305128662,0.0
2014-04-08 16:40:00,83.5216209744,0.0,75.75253295898438,0,2.73967761105078,0.0,21.07663305128662,0.0
2014-04-08 16:45:00,73.3780314587,0.0,78.11016845703125,0,2.873968711012303,0.0,21.07663305128662,0.0
2014-04-08 16:50:00,79.4208047066,0.0,76.66725158691406,0,2.8365253471091805,0.0,21.07663305128662,0.0
2014-04-08 16:55:00,74.7834948078,0.0,76.39012145996094,0,2.3333175404693343,0.0,21.07663305128662,0.0
2014-04-08 17:00:00,77.39960300989999,0.0,76.20613098144531,0,1.868076149567969,0.0,21.07663305128662,0.0
2014-04-08 17:05:00,72.2892697162,0.0,71.79971313476562,0,1.2661854506759749,0.0,21.07663305128662,0.0
2014-04-08 17:10:00,78.40524778689999,0.0,75.01805114746094,0,0.7554010477169903,0.0,21.07663305128662,0.0
2014-04-08 17:15:00,80.7979997121,0.0,74.79440307617188,0,0.8346064876861305,0.0,21.07663305128662,0.0
2014-04-08 17:20:00,81.91329003050001,0.0,75.8568115234375,0,1.3842277356570278,0.0,21.07663305128662,0.0
2014-04-08 17:25:00,82.6158137976,0.0,77.58573913574219,0,1.9921035454830065,0.0,21.07663305128662,0.0
2014-04-08 17:30:00,85.3806282235,0.0,75.0772705078125,0,2.5596683055359364,0.0,21.07663305128662,0.0
2014-04-08 17:35:00,75.4473775446,0.0,79.49549865722656,0,3.4241884400669917,0.0,21.07663305128662,0.0
2014-04-08 17:40:00,73.9276807708,0.0,76.38072204589844,0,2.9124588007615237,0.0,21.07663305128662,0.0
2014-04-08 17:45:00,85.6245618705,0.0,74.71048736572266,0,2.4620291467660156,0.0,21.07663305128662,0.0
2014-04-08 17:50:00,74.5057764281,0.0,76.44158935546875,0,3.3727130536640626,0.0,21.07663305128662,0.0
2014-04-08 17:55:00,87.5961276645,0.0,73.17906188964844,0,2.1103822064059568,0.0,21.07663305128662,0.0
2014-04-08 18:00:00,34.192238103200005,0.0,77.23467254638672,0,3.5203250872944363,0.0,21.07663305128662,0.0
2014-04-08 18:05:00,32.00560413260001,0.0,49.48771667480469,0,8.447561441487206,0.0,21.07663305128662,0.0
2014-04-08 18:10:00,35.0810903839,0.0,43.24783325195313,0,5.800196712217869,0.0,21.07663305128662,0.0
2014-04-08 18:15:00,29.423205417,0.0,40.04613494873047,0,7.435371431496973,0.0,21.07663305128662,0.0
2014-04-08 18:20:00,30.7396149695,0.0,33.038028717041016,0,9.914277423146874,0.0,21.07663305128662,0.0
2014-04-08 18:25:00,32.8846299424,0.0,33.043670654296875,0,4.56589212783379,0.0,21.07663305128662,0.0
2014-04-08 18:30:00,31.0400379985,0.0,38.11836624145508,0,2.4005081490453146,0.0,21.07663305128662,0.0
2014-04-08 18:35:00,34.7415776623,0.0,28.422935485839844,0,2.5198390292654302,0.0,21.07663305128662,0.0
2014-04-08 18:40:00,29.2200013541,0.0,33.57187271118164,0,1.768859491699268,0.0,21.07663305128662,0.0
2014-04-08 18:45:00,32.3162295205,0.0,34.529739379882805,0,1.336049896523828,0.0,21.07663305128662,0.0
2014-04-08 18:50:00,32.5815378557,0.0,32.61576461791992,0,1.8401669675543437,0.0,21.07663305128662,0.0
2014-04-08 18:55:00,32.977453660500004,0.0,38.9033317565918,0,1.2942224402255853,0.0,21.07663305128662,0.0
2014-04-08 19:00:00,21.305383511800002,0.0,23.73836898803711,0,1.5656857593470201,0.0,21.07663305128662,0.0
2014-04-08 19:05:00,21.7932563998,0.0,23.71307373046875,0,1.3258250242414533,0.0,21.07663305128662,0.0
2014-04-08 19:10:00,23.9396874596,0.0,22.345626831054688,0,1.2891134581521966,0.0,21.07663305128662,0.0
2014-04-08 19:15:00,21.0333424512,0.0,22.449237823486328,0,1.4840926914428705,0.0,21.07663305128662,0.0
2014-04-08 19:20:00,23.8643666462,0.0,21.919546127319336,0,0.9134495360222656,0.0,21.07663305128662,0.0
2014-04-08 19:25:00,22.6806950504,0.0,19.81925392150879,0,0.8492076991296389,0.0,21.07663305128662,0.0
2014-04-08 19:30:00,23.574598756900002,0.0,19.01826286315918,0,0.9770272060754399,0.0,21.07663305128662,0.0
2014-04-08 19:35:00,23.3569597196,0.0,16.890905380249027,0,1.3473116142248784,0.0,21.07663305128662,0.0
2014-04-08 19:40:00,21.0896503424,0.0,17.573835372924805,0,1.9785814851079588,0.0,21.07663305128662,0.0
2014-04-08 19:45:00,22.7082798135,0.0,19.62740898132324,0,2.174955791432275,0.0,21.07663305128662,0.0
2014-04-08 19:50:00,24.0473984054,0.0,19.06497001647949,0,2.2023845043429686,0.0,21.07663305128662,0.0
2014-04-08 19:55:00,22.0958795288,0.0,21.14961814880371,0,2.2556460662404296,0.0,21.07663305128662,0.0
2014-04-08 20:00:00,22.3911555261,0.0,17.460046768188473,0,1.5506799947201664,0.0,21.07663305128662,0.0
2014-04-08 20:05:00,20.2842728066,0.0,19.17597961425781,0,1.742583669875636,0.0,21.07663305128662,0.0
2014-04-08 20:10:00,19.0168497396,0.0,18.537569046020508,0,1.3878432971208512,0.0,21.07663305128662,0.0
2014-04-08 20:15:00,20.027124209300002,0.0,17.842243194580078,0,0.6560447048931399,0.0,21.07663305128662,0.0
2014-04-08 20:20:00,22.330172788600002,0.0,19.61736297607422,0,1.087945457319142,0.0,21.07663305128662,0.0
2014-04-08 20:25:00,19.741576362,0.0,18.95574760437012,0,0.7355939345866469,0.0,21.07663305128662,0.0
2014-04-08 20:30:00,21.987729799,0.0,18.11660385131836,0,0.6952858802476078,0.0,21.07663305128662,0.0
2014-04-08 20:35:00,22.0416025277,0.0,19.65798568725586,0,1.1943306915696534,0.0,21.07663305128662,0.0
2014-04-08 20:40:00,19.8663637653,0.0,18.860591888427734,0,1.2191726697851806,0.0,21.07663305128662,0.0
2014-04-08 20:45:00,18.7730231421,0.0,18.783361434936523,0,1.005792927828491,0.0,21.07663305128662,0.0
2014-04-08 20:50:00,21.399788939100002,0.0,18.77007484436035,0,0.8201284881667723,0.0,21.07663305128662,0.0
2014-04-08 20:55:00,19.7079541403,0.0,20.103199005126953,0,0.6649520065490235,0.0,21.07663305128662,0.0
2014-04-08 21:00:00,21.2331265385,0.0,18.037673950195312,0,0.3388616582810551,0.0,21.07663305128662,0.0
2014-04-08 21:05:00,19.8655183175,0.0,19.46998786926269,0,0.6125717472101075,0.0,21.07663305128662,0.0
2014-04-08 21:10:00,20.0367840418,0.0,18.336578369140625,0,0.7972826635602059,0.0,21.07663305128662,0.0
2014-04-08 21:15:00,21.2129734357,0.0,18.82186317443848,0,0.6810941108001716,0.0,21.07663305128662,0.0
2014-04-08 21:20:00,19.6231946522,0.0,19.81429100036621,0,0.9602873713078615,0.0,21.07663305128662,0.0
2014-04-08 21:25:00,19.8674173777,0.0,18.445011138916016,0,0.5847428412905522,0.0,21.07663305128662,0.0
2014-04-08 21:30:00,19.5983846841,0.0,19.257362365722656,0,0.7131023151088867,0.0,21.07663305128662,0.0
2014-04-08 21:35:00,19.5628149512,0.0,18.653535842895508,0,0.5162161062903565,0.0,21.07663305128662,0.0
2014-04-08 21:40:00,20.2002844325,0.0,18.396398544311523,0,0.3265409955582279,0.0,21.07663305128662,0.0
2014-04-08 21:45:00,21.3371266752,0.0,18.425899505615234,0,0.5595741942067871,0.0,21.07663305128662,0.0
2014-04-08 21:50:00,19.5404191515,0.0,19.891010284423828,0,0.7456768105568847,0.0,21.07663305128662,0.0
2014-04-08 21:55:00,20.1934845234,0.0,18.233829498291016,0,0.6648240790692381,0.0,21.07663305128662,0.0
2014-04-08 22:00:00,20.7027648845,0.0,19.77012252807617,0,0.8781699019757565,0.0,21.07663305128662,0.0
2014-04-08 22:05:00,19.0960724233,0.0,18.838403701782227,0,0.7405515384331549,0.0,21.07663305128662,0.0
2014-04-08 22:10:00,19.1284368978,0.0,18.21393585205078,0,0.407347715409887,0.0,21.07663305128662,0.0
2014-04-08 22:15:00,21.7545168038,0.0,18.768930435180664,0,0.5080583935999758,0.0,21.07663305128662,0.0
2014-04-08 22:20:00,20.914196655799998,0.0,19.6480712890625,0,0.6362998115387701,0.0,21.07663305128662,0.0
2014-04-08 22:25:00,20.3282430917,0.0,18.870624542236328,0,0.6089853296076662,0.0,21.07663305128662,0.0
2014-04-08 22:30:00,20.6106474526,0.0,18.973783493041992,0,0.7630246174134032,0.0,21.07663305128662,0.0
2014-04-08 22:35:00,18.1345902734,0.0,19.511138916015625,0,0.9182742805473141,0.0,21.07663305128662,0.0
2014-04-08 22:40:00,20.4920653676,0.0,17.77084732055664,0,0.71714456479685,0.0,21.07663305128662,0.0
2014-04-08 22:45:00,20.0572719971,0.0,19.68688201904297,0,0.8745684605740962,0.0,21.07663305128662,0.0
2014-04-08 22:50:00,20.202374388,0.0,18.299930572509766,0,0.534461096949975,0.0,21.07663305128662,0.0
2014-04-08 22:55:00,19.4563554853,0.0,18.9558219909668,0,0.6022885921954098,0.0,21.07663305128662,0.0
2014-04-08 23:00:00,18.329414161,0.0,18.479476928710934,0,0.6580073501476069,0.0,21.07663305128662,0.0
2014-04-08 23:05:00,18.7769614171,0.0,18.06098747253418,0,0.24029538336562473,0.0,21.07663305128662,0.0
2014-04-08 23:10:00,21.807165022600003,0.0,17.888286590576172,0,0.4086267527625238,0.0,21.07663305128662,0.0
2014-04-08 23:15:00,19.6385681284,0.0,20.02094268798828,0,0.6606810798292235,0.0,21.07663305128662,0.0
2014-04-08 23:20:00,19.870547034,0.0,18.135860443115234,0,0.43447014711257337,0.0,21.07663305128662,0.0
2014-04-08 23:25:00,18.2143356387,0.0,19.308513641357425,0,0.6884915320218026,0.0,21.07663305128662,0.0
2014-04-08 23:30:00,18.1537497673,0.0,17.99340057373047,0,0.703037730480323,0.0,21.07663305128662,0.0
2014-04-08 23:35:00,20.8727325815,0.0,17.430471420288086,0,0.2332215756735354,0.0,21.07663305128662,0.0
2014-04-08 23:40:00,20.156247911199998,0.0,19.27523422241211,0,0.7650331754097897,0.0,21.07663305128662,0.0
2014-04-08 23:45:00,20.0386706211,0.0,18.42949104309082,0,0.5570396988893309,0.0,21.07663305128662,0.0
2014-04-08 23:50:00,18.9761408395,0.0,19.295623779296875,0,0.6214148958083001,0.0,21.07663305128662,0.0
2014-04-08 23:55:00,20.983030893,0.0,18.21517372131348,0,0.7441054981117183,0.0,21.07663305128662,0.0
2014-04-09 00:00:00,18.6729463164,0.0,19.04490089416504,0,0.659804999421044,0.0,21.07663305128662,0.0
2014-04-09 00:05:00,18.7597389746,0.0,17.315208435058597,0,0.555724600545092,0.0,21.07663305128662,0.0
2014-04-09 00:10:00,19.8428486854,0.0,19.20308494567871,0,0.52429438846162,0.0,21.07663305128662,0.0
2014-04-09 00:15:00,19.1451194484,0.0,18.53144836425781,0,0.6530132535892812,0.0,21.07663305128662,0.0
2014-04-09 00:20:00,18.9898519249,0.0,18.223636627197266,0,0.38373999264624015,0.0,21.07663305128662,0.0
2014-04-09 00:25:00,20.5809505782,0.0,17.57357406616211,0,0.4208598293607917,0.0,21.07663305128662,0.0
2014-04-09 00:30:00,20.6038869809,0.0,18.88946914672852,0,0.6162155759228525,0.0,21.07663305128662,0.0
2014-04-09 00:35:00,21.298068279200002,0.0,18.9246826171875,0,0.7627100910067872,0.0,21.07663305128662,0.0
2014-04-09 00:40:00,19.6708342679,0.0,19.501480102539066,0,0.9826744132405762,0.0,21.07663305128662,0.0
2014-04-09 00:45:00,18.2923403641,0.0,19.05323028564453,0,0.9080667716978508,0.0,21.07663305128662,0.0
2014-04-09 00:50:00,19.0946655397,0.0,17.709978103637695,0,0.627255947886181,0.0,21.07663305128662,0.0
2014-04-09 00:55:00,21.9200218528,0.0,18.724878311157227,0,0.5860396481225338,0.0,21.07663305128662,0.0
2014-04-09 01:00:00,20.3850343009,0.0,19.206592559814453,0,0.6167813972830314,0.0,21.07663305128662,0.0
2014-04-09 01:05:00,20.8389483392,0.0,18.417882919311523,0,0.7006138055775879,0.0,21.07663305128662,0.0
2014-04-09 01:10:00,18.0294313185,0.0,19.857303619384766,0,1.0084263898205812,0.0,21.07663305128662,0.0
2014-04-09 01:15:00,20.0728229287,0.0,17.66602897644043,0,1.0277831204762702,0.0,21.07663305128662,0.0
2014-04-09 01:20:00,18.1501146301,0.0,19.10443115234375,0,0.7276952978571778,0.0,21.07663305128662,0.0
2014-04-09 01:25:00,20.2769208484,0.0,17.299076080322266,0,0.5579298132398196,0.0,21.07663305128662,0.0
2014-04-09 01:30:00,21.6830833985,0.0,19.519039154052734,0,0.8074548192726319,0.0,21.07663305128662,0.0
2014-04-09 01:35:00,21.873676521999997,0.0,19.29544448852539,0,0.891759370384448,0.0,21.07663305128662,0.0
2014-04-09 01:40:00,20.1622107016,0.0,19.52403259277344,0,0.9131891305363276,0.0,21.07663305128662,0.0
2014-04-09 01:45:00,19.832819220999998,0.0,18.507396697998047,0,1.0447873943532704,0.0,21.07663305128662,0.0
2014-04-09 01:50:00,21.780068377,0.0,19.12384796142578,0,0.8382346137187975,0.0,21.07663305128662,0.0
2014-04-09 01:55:00,20.694439327999998,0.0,20.23053550720215,0,0.8997566351096666,0.0,21.07663305128662,0.0
2014-04-09 02:00:00,18.2595971182,0.0,18.97079467773437,0,0.5857510727498032,0.0,21.07663305128662,0.0
2014-04-09 02:05:00,19.8629023107,0.0,18.762210845947266,0,0.59487850408828,0.0,21.07663305128662,0.0
2014-04-09 02:10:00,18.9609800739,0.0,18.523239135742188,0,0.616501657582397,0.0,21.07663305128662,0.0
2014-04-09 02:15:00,19.8792172858,0.0,17.9134578704834,0,0.33796489742604985,0.0,21.07663305128662,0.0
2014-04-09 02:20:00,19.821862288,0.0,18.071855545043945,0,0.5256968467408938,0.0,21.07663305128662,0.0
2014-04-09 02:25:00,20.328579211300003,0.0,19.020721435546875,0,0.6567748201479002,0.0,21.07663305128662,0.0
2014-04-09 02:30:00,19.427081961400003,0.0,19.288124084472656,0,0.6677352686112306,0.0,21.07663305128662,0.0
2014-04-09 02:35:00,18.6570817978,0.0,18.40239715576172,0,0.645322726369141,0.0,21.07663305128662,0.0
2014-04-09 02:40:00,20.0148777384,0.0,18.28832244873047,0,0.43143837970935106,0.0,21.07663305128662,0.0
2014-04-09 02:45:00,21.3208115374,0.0,18.423288345336914,0,0.42850694804853573,0.0,21.07663305128662,0.0
2014-04-09 02:50:00,20.6560489123,0.0,19.591846466064453,0,0.6272151250872806,0.0,21.07663305128662,0.0
2014-04-09 02:55:00,19.3534714637,0.0,19.0471305847168,0,0.5091795291846926,0.0,21.07663305128662,0.0
2014-04-09 03:00:00,21.742092091,0.0,18.682987213134766,0,0.7493277258689206,0.0,21.07663305128662,0.0
2014-04-09 03:05:00,21.648830285,0.0,20.19941520690918,0,0.9158964243933836,0.0,21.07663305128662,0.0
2014-04-09 03:10:00,18.8373935975,0.0,18.7544002532959,0,0.6291399422457027,0.0,21.07663305128662,0.0
2014-04-09 03:15:00,18.1576703405,0.0,18.629852294921875,0,0.5064888044917719,0.0,21.07663305128662,0.0
2014-04-09 03:20:00,20.9652348334,0.0,18.534473419189453,0,0.6329619068227537,0.0,21.07663305128662,0.0
2014-04-09 03:25:00,21.3104410454,0.0,19.54212951660156,0,0.5544189738659178,0.0,21.07663305128662,0.0
2014-04-09 03:30:00,21.8714582638,0.0,18.355350494384766,0,0.4823443213835703,0.0,21.07663305128662,0.0
2014-04-09 03:35:00,21.5593455764,0.0,19.528583526611328,0,0.9445637060154306,0.0,21.07663305128662,0.0
2014-04-09 03:40:00,20.4021390728,0.0,19.9170036315918,0,1.2182428452766119,0.0,21.07663305128662,0.0
2014-04-09 03:45:00,20.1202093568,0.0,19.317258834838867,0,0.9750395986513185,0.0,21.07663305128662,0.0
2014-04-09 03:50:00,18.1113642051,0.0,19.24515151977539,0,0.8543694727966549,0.0,21.07663305128662,0.0
2014-04-09 03:55:00,18.9866257874,0.0,17.83803367614746,0,0.5565794159541744,0.0,21.07663305128662,0.0
2014-04-09 04:00:00,19.8384590069,0.0,18.856414794921875,0,0.4126692049728997,0.0,21.07663305128662,0.0
2014-04-09 04:05:00,20.5140156003,0.0,18.554872512817386,0,0.3829492615493164,0.0,21.07663305128662,0.0
2014-04-09 04:10:00,20.2290073333,0.0,18.67204475402832,0,0.559814516945849,0.0,21.07663305128662,0.0
2014-04-09 04:15:00,20.9705439587,0.0,18.355186462402344,0,0.7058427487481196,0.0,21.07663305128662,0.0
2014-04-09 04:20:00,19.1190677235,0.0,19.647356033325195,0,0.8891884218787589,0.0,21.07663305128662,0.0
2014-04-09 04:25:00,20.259810430599998,0.0,18.31142234802246,0,0.832468934109643,0.0,21.07663305128662,0.0
2014-04-09 04:30:00,18.3525689736,0.0,19.76688003540039,0,0.8311245584965086,0.0,21.07663305128662,0.0
2014-04-09 04:35:00,19.6546620943,0.0,17.979976654052734,0,0.651444736346948,0.0,21.07663305128662,0.0
2014-04-09 04:40:00,21.0006433318,0.0,18.80928039550781,0,0.3710990892531494,0.0,21.07663305128662,0.0
2014-04-09 04:45:00,20.7736034137,0.0,18.847471237182614,0,0.7313319290510991,0.0,21.07663305128662,0.0
2014-04-09 04:50:00,21.962570948699998,0.0,18.664241790771484,0,0.8389486689093273,0.0,21.07663305128662,0.0
2014-04-09 04:55:00,19.111564504,0.0,20.0546989440918,0,1.1363137138731694,0.0,21.07663305128662,0.0
2014-04-09 05:00:00,19.9927571967,0.0,18.445775985717773,0,1.044869838853736,0.0,21.07663305128662,0.0
2014-04-09 05:05:00,19.3181216551,0.0,19.559925079345703,0,0.887184694954664,0.0,21.07663305128662,0.0
2014-04-09 05:10:00,19.7624124562,0.0,18.187170028686523,0,0.6152178390220948,0.0,21.07663305128662,0.0
2014-04-09 05:15:00,21.4278005195,0.0,18.952049255371094,0,0.45689395765419993,0.0,21.07663305128662,0.0
2014-04-09 05:20:00,20.7368363008,0.0,18.923473358154297,0,0.7299722908587891,0.0,21.07663305128662,0.0
2014-04-09 05:25:00,21.5297647654,0.0,19.220739364624023,0,0.7632700073167236,0.0,21.07663305128662,0.0
2014-04-09 05:30:00,18.814044433299998,0.0,19.25042533874512,0,1.0216727543830078,0.0,21.07663305128662,0.0
2014-04-09 05:35:00,21.4934444714,0.0,18.430744171142575,0,0.8793150641244636,0.0,21.07663305128662,0.0
2014-04-09 05:40:00,18.2390490967,0.0,20.35165405273437,0,0.9526836936405285,0.0,21.07663305128662,0.0
2014-04-09 05:45:00,21.5543971217,0.0,17.443946838378903,0,0.7978877428848152,0.0,21.07663305128662,0.0
2014-04-09 05:50:00,19.3162951178,0.0,20.93450927734375,0,0.8583780159887962,0.0,21.07663305128662,0.0
2014-04-09 05:55:00,19.2583505337,0.0,17.126054763793945,0,0.904711872643019,0.0,21.07663305128662,0.0
2014-04-09 06:00:00,20.0483543068,0.0,19.210651397705078,0,0.9097631235201904,0.0,21.07663305128662,0.0
2014-04-09 06:05:00,21.7627607509,0.0,18.131492614746094,0,0.9757475658466555,0.0,21.07663305128662,0.0
2014-04-09 06:10:00,18.1911254587,0.0,19.97719955444336,0,1.0274351218373292,0.0,21.07663305128662,0.0
2014-04-09 06:15:00,19.4089239003,0.0,17.772258758544922,0,0.8687053586764404,0.0,21.07663305128662,0.0
2014-04-09 06:20:00,21.4262879547,0.0,19.42243766784668,0,0.7067982377677735,0.0,21.07663305128662,0.0
2014-04-09 06:25:00,19.5842179097,0.0,19.585180282592773,0,0.9816325108957034,0.0,21.07663305128662,0.0
2014-04-09 06:30:00,18.7966275904,0.0,17.32954978942871,0,0.5075655760556397,0.0,21.07663305128662,0.0
2014-04-09 06:35:00,19.6991767253,0.0,19.213022232055664,0,0.6199158444091308,0.0,21.07663305128662,0.0
2014-04-09 06:40:00,19.542210005999998,0.0,18.297266006469727,0,0.4947556192452147,0.0,21.07663305128662,0.0
2014-04-09 06:45:00,21.661664805900003,0.0,18.86551284790039,0,0.3998923333298334,0.0,21.07663305128662,0.0
2014-04-09 06:50:00,21.047737503,0.0,19.249431610107425,0,0.7492910314681884,0.0,21.07663305128662,0.0
2014-04-09 06:55:00,20.020462223,0.0,19.25658226013184,0,0.7906945429583492,0.0,21.07663305128662,0.0
2014-04-09 07:00:00,21.9534822669,0.0,18.876710891723636,0,0.8254102266613272,0.0,21.07663305128662,0.0
2014-04-09 07:05:00,19.8611101251,0.0,20.4046573638916,0,1.0543886486170888,0.0,21.07663305128662,0.0
2014-04-09 07:10:00,18.2329513233,0.0,18.20663833618164,0,0.724788666104637,0.0,21.07663305128662,0.0
2014-04-09 07:15:00,19.0490972873,0.0,18.174938201904297,0,0.50328955288286,0.0,21.07663305128662,0.0
2014-04-09 07:20:00,19.7442819209,0.0,19.005014419555664,0,0.5650988358102533,0.0,21.07663305128662,0.0
2014-04-09 07:25:00,18.6276104966,0.0,18.22864532470703,0,0.17640296454929194,0.0,21.07663305128662,0.0
2014-04-09 07:30:00,21.7902605053,0.0,17.593568801879886,0,0.15833020618696292,0.0,21.07663305128662,0.0
2014-04-09 07:35:00,21.067395591300002,0.0,19.98886108398437,0,0.7761354327566403,0.0,21.07663305128662,0.0
2014-04-09 07:40:00,19.0731488017,0.0,18.531513214111328,0,0.6315260370735847,0.0,21.07663305128662,0.0
2014-04-09 07:45:00,20.363218134100002,0.0,18.75127601623535,0,0.6068220478541266,0.0,21.07663305128662,0.0
2014-04-09 07:50:00,20.885796628399998,0.0,19.616567611694336,0,0.9286004895236335,0.0,21.07663305128662,0.0
2014-04-09 07:55:00,21.7651157156,0.0,19.06328582763672,0,0.494740302435035,0.0,21.07663305128662,0.0
2014-04-09 08:00:00,21.5265413967,0.0,19.716920852661133,0,0.6976522250159913,0.0,21.07663305128662,0.0
2014-04-09 08:05:00,20.0607689046,0.0,19.5821590423584,0,0.9240776958215577,0.0,21.07663305128662,0.0
2014-04-09 08:10:00,21.0986104792,0.0,19.08221435546875,0,0.7824111638686766,0.0,21.07663305128662,0.0
2014-04-09 08:15:00,20.2485790153,0.0,19.436031341552734,0,0.8758070522468753,0.0,21.07663305128662,0.0
2014-04-09 08:20:00,20.2108155602,0.0,18.96714973449707,0,0.6396467754698731,0.0,21.07663305128662,0.0
2014-04-09 08:25:00,18.4589678334,0.0,18.869342803955078,0,0.5689024356778809,0.0,21.07663305128662,0.0
2014-04-09 08:30:00,18.5045506321,0.0,18.56237030029297,0,0.5603730742170656,0.0,21.07663305128662,0.0
2014-04-09 08:35:00,20.1181344601,0.0,18.383502960205078,0,0.3147657041924563,0.0,21.07663305128662,0.0
2014-04-09 08:40:00,19.0754461799,0.0,18.176576614379886,0,0.4308114955432374,0.0,21.07663305128662,0.0
2014-04-09 08:45:00,18.0841476098,0.0,17.841468811035156,0,0.38771196302038513,0.0,21.07663305128662,0.0
2014-04-09 08:50:00,20.8913568156,0.0,17.910606384277344,0,0.3300793563799562,0.0,21.07663305128662,0.0
2014-04-09 08:55:00,18.1299463868,0.0,19.90111541748047,0,0.7178041192821532,0.0,21.07663305128662,0.0
2014-04-09 09:00:00,69.295765039,0.0,17.368186950683597,0,0.5095625023259509,0.0,21.07663305128662,0.0
2014-04-09 09:05:00,68.5330356001,0.0,53.57684326171875,0,6.761974868354979,0.0,21.07663305128662,0.0
2014-04-09 09:10:00,74.37587979189999,0.0,55.8461799621582,0,4.4259831726526375,0.0,21.07663305128662,0.0
2014-04-09 09:15:00,67.7852986951,0.0,65.77655029296875,0,6.183550713970215,0.0,21.07663305128662,0.0
2014-04-09 09:20:00,62.0649795347,0.0,66.68560028076172,0,10.927777332321337,0.0,21.07663305128662,0.0
2014-04-09 09:25:00,68.7029563622,0.0,62.19707489013672,0,5.014407664539501,0.0,21.07663305128662,0.0
2014-04-09 09:30:00,72.6389079204,0.0,62.822227478027344,0,3.5345154342139136,0.0,21.07663305128662,0.0
2014-04-09 09:35:00,74.7571502662,0.0,69.95354461669922,0,2.3672439373064442,0.0,21.07663305128662,0.0
2014-04-09 09:40:00,67.05266716220001,0.0,68.677490234375,0,1.7811901565658204,0.0,21.07663305128662,0.0
2014-04-09 09:45:00,65.55606289800001,0.0,65.65765380859375,0,2.687550297701561,0.0,21.07663305128662,0.0
2014-04-09 09:50:00,73.5304848385,0.0,64.16898345947266,0,2.0433375093302715,0.0,21.07663305128662,0.0
2014-04-09 09:55:00,63.8008929554,0.0,63.06118774414063,0,1.9864401264121074,0.0,21.07663305128662,0.0
2014-04-09 10:00:00,79.3914567613,0.0,71.12894439697266,0,1.338380091000876,0.0,21.07663305128662,0.0
2014-04-09 10:05:00,76.1366878633,0.0,72.57001495361328,0,2.168091252519921,0.0,21.07663305128662,0.0
2014-04-09 10:10:00,70.4775983041,0.0,77.7669448852539,0,2.7412989830375976,0.0,21.07663305128662,0.0
2014-04-09 10:15:00,75.2299171212,0.0,68.7392578125,0,2.482279633303418,0.0,21.07663305128662,0.0
2014-04-09 10:20:00,73.9563466692,0.0,70.21383666992189,0,2.711055262033497,0.0,21.07663305128662,0.0
2014-04-09 10:25:00,80.4881347092,0.0,73.93167114257812,0,1.9617326092246063,0.0,21.07663305128662,0.0
2014-04-09 10:30:00,84.5652285242,0.0,73.06100463867188,0,2.1463542223497054,0.0,21.07663305128662,0.0
2014-04-09 10:35:00,74.0000923481,0.0,80.45171356201172,0,3.5367320950160135,0.0,21.07663305128662,0.0
2014-04-09 10:40:00,82.4339513756,0.0,72.47405242919922,0,1.908010609964549,0.0,21.07663305128662,0.0
2014-04-09 10:45:00,70.6991843589,0.0,72.0481185913086,0,3.697880933079979,0.0,21.07663305128662,0.0
2014-04-09 10:50:00,78.1916380758,0.0,72.12391662597656,0,2.1936689639065428,0.0,21.07663305128662,0.0
2014-04-09 10:55:00,70.9349369888,0.0,69.40562438964844,0,2.2031728475039074,0.0,21.07663305128662,0.0
2014-04-09 11:00:00,86.4228606909,0.0,73.81509399414062,0,2.363233403473048,0.0,21.07663305128662,0.0
2014-04-09 11:05:00,83.756050766,0.0,73.0870361328125,0,2.694216872267871,0.0,21.07663305128662,0.0
2014-04-09 11:10:00,82.0320353878,0.0,73.8724365234375,0,3.8592269223652345,0.0,21.07663305128662,0.0
2014-04-09 11:15:00,84.6712480534,0.0,76.66836547851562,0,4.120711599182616,0.0,21.07663305128662,0.0
2014-04-09 11:20:00,81.8661548287,0.0,74.84976196289062,0,4.929907846149218,0.0,21.07663305128662,0.0
2014-04-09 11:25:00,86.9780916927,0.0,79.30781555175781,0,4.2309861172804695,0.0,21.07663305128662,0.0
2014-04-09 11:30:00,82.9227872028,0.0,77.54904174804688,0,3.856143805749806,0.0,21.07663305128662,0.0
2014-04-09 11:35:00,86.2737705268,0.0,78.1775131225586,0,3.507912129548634,0.0,21.07663305128662,0.0
2014-04-09 11:40:00,79.7924656105,0.0,79.84056091308594,0,3.519583983218263,0.0,21.07663305128662,0.0
2014-04-09 11:45:00,73.4297924241,0.0,74.31964111328125,0,2.6485467878153326,0.0,21.07663305128662,0.0
2014-04-09 11:50:00,79.96813848149999,0.0,77.63990020751953,0,1.8009933563452147,0.0,21.07663305128662,0.0
2014-04-09 11:55:00,73.5857854575,0.0,72.08445739746094,0,1.4203049587486323,0.0,21.07663305128662,0.0
2014-04-09 12:00:00,81.382119792,0.0,77.09017944335938,0,0.5959387907233378,0.0,21.07663305128662,0.0
2014-04-09 12:05:00,79.6242251017,0.0,74.40860748291016,0,1.1264194214801737,0.0,21.07663305128662,0.0
2014-04-09 12:10:00,81.86285291770001,0.0,76.08921813964844,0,1.6671405376812487,0.0,21.07663305128662,0.0
2014-04-09 12:15:00,72.0741587948,0.0,76.80763244628906,0,2.0978151006901378,0.0,21.07663305128662,0.0
2014-04-09 12:20:00,75.02730692899999,0.0,72.58392333984375,0,2.5018332996213886,0.0,21.07663305128662,0.0
2014-04-09 12:25:00,79.76545336630002,0.0,76.92422485351562,0,2.0948741483065447,0.0,21.07663305128662,0.0
2014-04-09 12:30:00,87.103407317,0.0,73.50447082519531,0,1.9693774264855524,0.0,21.07663305128662,0.0
2014-04-09 12:35:00,78.0439793521,0.0,79.10602569580078,0,2.9475401407046924,0.0,21.07663305128662,0.0
2014-04-09 12:40:00,78.695404474,0.0,76.69683837890625,0,1.9477491566094756,0.0,21.07663305128662,0.0
2014-04-09 12:45:00,83.3350152592,0.0,76.26177215576172,0,2.4375971804229533,0.0,21.07663305128662,0.0
2014-04-09 12:50:00,81.5626912956,0.0,77.12611389160156,0,2.9665990042546895,0.0,21.07663305128662,0.0
2014-04-09 12:55:00,76.6906790195,0.0,75.20818328857422,0,1.821304118278908,0.0,21.07663305128662,0.0
2014-04-09 13:00:00,78.5542047941,0.0,78.410888671875,0,1.873860291682032,0.0,21.07663305128662,0.0
2014-04-09 13:05:00,75.4650808145,0.0,75.80851745605469,0,1.6419540450734385,0.0,21.07663305128662,0.0
2014-04-09 13:10:00,87.43535382370001,0.0,75.31397247314453,0,0.8007282373379887,0.0,21.07663305128662,0.0
2014-04-09 13:15:00,74.07236846890001,0.0,72.9471664428711,0,1.7613287306576186,0.0,21.07663305128662,0.0
2014-04-09 13:20:00,77.93068069979999,0.0,75.04454040527344,0,1.716667017545511,0.0,21.07663305128662,0.0
2014-04-09 13:25:00,72.39604433390001,0.0,75.41880798339844,0,2.059520039083205,0.0,21.07663305128662,0.0
2014-04-09 13:30:00,75.5303402377,0.0,75.05728149414062,0,2.3944359150761727,0.0,21.07663305128662,0.0
2014-04-09 13:35:00,84.4672612049,0.0,73.05059814453125,0,0.9055536737237304,0.0,21.07663305128662,0.0
2014-04-09 13:40:00,75.2007512037,0.0,73.68942260742188,0,2.1919863030162094,0.0,21.07663305128662,0.0
2014-04-09 13:45:00,73.263426997,0.0,76.18489074707031,0,1.9984625612884734,0.0,21.07663305128662,0.0
2014-04-09 13:50:00,79.57214897729999,0.0,73.31295776367188,0,1.6983495471048826,0.0,21.07663305128662,0.0
2014-04-09 13:55:00,72.1421894739,0.0,74.823486328125,0,2.5276066475396473,0.0,21.07663305128662,0.0
2014-04-09 14:00:00,73.35273737039998,0.0,72.78496551513672,0,1.1470809476158177,0.0,21.07663305128662,0.0
2014-04-09 14:05:00,84.9179376563,0.0,71.22549438476562,0,1.1162756328021448,0.0,21.07663305128662,0.0
2014-04-09 14:10:00,84.3395250262,0.0,78.01026916503906,0,2.89511544849033,0.0,21.07663305128662,0.0
2014-04-09 14:15:00,86.6380622999,0.0,74.11360168457031,0,2.3266545059430594,0.0,21.07663305128662,0.0
2014-04-09 14:20:00,85.6681347067,0.0,78.82951354980469,0,3.557049976081146,0.0,21.07663305128662,0.0
2014-04-09 14:25:00,82.926828333,0.0,77.3897705078125,0,4.923097613115038,0.0,21.07663305128662,0.0
2014-04-09 14:30:00,72.8338295252,0.0,78.03316497802734,0,3.9036744323216794,0.0,21.07663305128662,0.0
2014-04-09 14:35:00,84.52152066,0.0,77.19229125976562,0,3.7624343812799808,0.0,21.07663305128662,0.0
2014-04-09 14:40:00,85.5240676211,0.0,75.76507568359375,0,3.113030479393066,0.0,21.07663305128662,0.0
2014-04-09 14:45:00,84.78124463729999,0.0,76.61280059814453,0,3.478076826969433,0.0,21.07663305128662,0.0
2014-04-09 14:50:00,80.131818053,0.0,77.27143859863281,0,3.8070001037154277,0.0,21.07663305128662,0.0
2014-04-09 14:55:00,75.7227945498,0.0,76.86610412597656,0,3.514630603907909,0.0,21.07663305128662,0.0
2014-04-09 15:00:00,85.5244585683,0.0,75.73358917236328,0,2.7413906259006833,0.0,21.07663305128662,0.0
2014-04-09 15:05:00,83.6338020636,0.0,76.12968444824219,0,2.7453753082044923,0.0,21.07663305128662,0.0
2014-04-09 15:10:00,87.69133694530001,0.0,78.421142578125,0,2.6141719235653333,0.0,21.07663305128662,0.0
2014-04-09 15:15:00,74.4903664497,0.0,79.68560791015625,0,2.893395492500881,0.0,21.07663305128662,0.0
2014-04-09 15:20:00,75.60990746680001,0.0,77.34266662597656,0,3.970052854865724,0.0,21.07663305128662,0.0
2014-04-09 15:25:00,75.3880466659,0.0,76.19153594970703,0,2.9627890752707025,0.0,21.07663305128662,0.0
2014-04-09 15:30:00,84.6798233478,0.0,71.1788330078125,0,2.125210533826854,0.0,21.07663305128662,0.0
2014-04-09 15:35:00,74.9897968342,0.0,77.66159057617188,0,2.6540600304284148,0.0,21.07663305128662,0.0
2014-04-09 15:40:00,73.0658558382,0.0,76.46119689941406,0,2.0267034767213836,0.0,21.07663305128662,0.0
2014-04-09 15:45:00,87.97612832639999,0.0,76.91868591308594,0,2.112209604993847,0.0,21.07663305128662,0.0
2014-04-09 15:50:00,72.3963803712,0.0,74.72354125976562,0,3.8281959445609353,0.0,21.07663305128662,0.0
2014-04-09 15:55:00,85.3630854691,0.0,72.85626220703125,0,2.431467263133202,0.0,21.07663305128662,0.0
2014-04-09 16:00:00,77.8457200007,0.0,77.28770446777344,0,3.660845953145312,0.0,21.07663305128662,0.0
2014-04-09 16:05:00,85.46568326170002,0.0,77.40603637695312,0,2.809735208995507,0.0,21.07663305128662,0.0
2014-04-09 16:10:00,80.8737725814,0.0,79.9135513305664,0,2.420219279277152,0.0,21.07663305128662,0.0
2014-04-09 16:15:00,86.4259337337,0.0,74.78400421142578,0,2.5021094500886747,0.0,21.07663305128662,0.0
2014-04-09 16:20:00,86.81892109,0.0,79.36064147949219,0,2.393997732614359,0.0,21.07663305128662,0.0
2014-04-09 16:25:00,72.145432381,0.0,75.91738891601562,0,3.515009658545317,0.0,21.07663305128662,0.0
2014-04-09 16:30:00,73.2064542592,0.0,79.58422088623047,0,2.9790483648289072,0.0,21.07663305128662,0.0
2014-04-09 16:35:00,76.0055937421,0.0,73.66033935546875,0,3.656241536853516,0.0,21.07663305128662,0.0
2014-04-09 16:40:00,82.7088878604,0.0,72.64373779296875,0,2.483131541637597,0.0,21.07663305128662,0.0
2014-04-09 16:45:00,86.2121896165,0.0,75.98062133789062,0,2.808990348753026,0.0,21.07663305128662,0.0
2014-04-09 16:50:00,79.3589188513,0.0,73.3783187866211,0,3.047396924357324,0.0,21.07663305128662,0.0
2014-04-09 16:55:00,81.7114129742,0.0,81.47663116455078,0,3.577821599668848,0.0,21.07663305128662,0.0
2014-04-09 17:00:00,75.0159688386,0.0,73.90725708007812,0,3.314012527546094,0.0,21.07663305128662,0.0
2014-04-09 17:05:00,84.8794367484,0.0,78.13196563720703,0,2.1944577389324227,0.0,21.07663305128662,0.0
2014-04-09 17:10:00,87.47721619040001,0.0,74.76493835449219,0,1.7589455930053717,0.0,21.07663305128662,0.0
2014-04-09 17:15:00,76.2975536284,0.0,79.38459777832031,0,2.6004053144089863,0.0,21.07663305128662,0.0
2014-04-09 17:20:00,79.9171845374,0.0,79.95594787597656,0,2.643780071664553,0.0,21.07663305128662,0.0
2014-04-09 17:25:00,73.37782959100001,0.0,74.14276885986328,0,2.274585879493751,0.0,21.07663305128662,0.0
2014-04-09 17:30:00,80.9461554201,0.0,75.10944366455078,0,1.9476478095418948,0.0,21.07663305128662,0.0
2014-04-09 17:35:00,80.0445043324,0.0,72.73580932617188,0,1.2159323141136706,0.0,21.07663305128662,0.0
2014-04-09 17:40:00,74.3109552111,0.0,77.91908264160156,0,1.743638671152146,0.0,21.07663305128662,0.0
2014-04-09 17:45:00,79.0730290458,0.0,77.16544342041016,0,1.487399438380077,0.0,21.07663305128662,0.0
2014-04-09 17:50:00,77.34564473260001,0.0,73.73689270019531,0,1.9260562922393536,0.0,21.07663305128662,0.0
2014-04-09 17:55:00,80.3492631508,0.0,75.42449951171875,0,1.7283425799936527,0.0,21.07663305128662,0.0
2014-04-09 18:00:00,32.5481814975,0.0,71.78180694580078,0,1.6844738522969749,0.0,21.07663305128662,0.0
2014-04-09 18:05:00,28.854366163,0.0,50.72216415405274,0,6.2093408431470705,0.0,21.07663305128662,0.0
2014-04-09 18:10:00,33.6704318262,0.0,42.842262268066406,0,6.767391763236331,0.0,21.07663305128662,0.0
2014-04-09 18:15:00,33.3632850622,0.0,38.88614273071289,0,6.853241130945752,0.0,21.07663305128662,0.0
2014-04-09 18:20:00,31.144226892,0.0,34.697280883789055,0,9.474513943716602,0.0,21.07663305128662,0.0
2014-04-09 18:25:00,29.138784393,0.0,30.42087554931641,0,5.0144425116526365,0.0,21.07663305128662,0.0
2014-04-09 18:30:00,33.631561797399996,0.0,36.7366943359375,0,2.2158724583710434,0.0,21.07663305128662,0.0
2014-04-09 18:35:00,34.9131143237,0.0,32.39092254638672,0,1.495928565954931,0.0,21.07663305128662,0.0
2014-04-09 18:40:00,30.3369643898,0.0,33.466163635253906,0,1.3078086829945312,0.0,21.07663305128662,0.0
2014-04-09 18:45:00,30.8705516008,0.0,33.190444946289055,0,1.2548268397026376,0.0,21.07663305128662,0.0
2014-04-09 18:50:00,29.976396737199998,0.0,32.16035842895508,0,1.3707620474968736,0.0,21.07663305128662,0.0
2014-04-09 18:55:00,32.492384950900004,0.0,35.13806533813477,0,1.2694057575014157,0.0,21.07663305128662,0.0
2014-04-09 19:00:00,20.853688304000002,0.0,23.73303413391113,0,1.2848418337416017,0.0,21.07663305128662,0.0
2014-04-09 19:05:00,21.755747673200002,0.0,22.46647071838379,0,1.253610156798754,0.0,21.07663305128662,0.0
2014-04-09 19:10:00,23.2826170252,0.0,22.38199615478516,0,1.0524638692605954,0.0,21.07663305128662,0.0
2014-04-09 19:15:00,22.669318360300004,0.0,22.86731719970703,0,0.8920462665930655,0.0,21.07663305128662,0.0
2014-04-09 19:20:00,21.8913510873,0.0,21.724517822265625,0,0.5860860731145978,0.0,21.07663305128662,0.0
2014-04-09 19:25:00,22.042717006900002,0.0,18.05584526062012,0,0.2470220025050036,0.0,21.07663305128662,0.0
2014-04-09 19:30:00,22.6782555101,0.0,19.568565368652344,0,0.6565405901420154,0.0,21.07663305128662,0.0
2014-04-09 19:35:00,20.1862728736,0.0,16.436899185180664,0,0.9326742490211175,0.0,21.07663305128662,0.0
2014-04-09 19:40:00,20.511723085499998,0.0,17.820798873901367,0,0.9920348679812498,0.0,21.07663305128662,0.0
2014-04-09 19:45:00,24.108034821100002,0.0,19.71489715576172,0,1.6921074734681882,0.0,21.07663305128662,0.0
2014-04-09 19:50:00,20.5088967461,0.0,19.770090103149414,0,1.7428907133504885,0.0,21.07663305128662,0.0
2014-04-09 19:55:00,23.3264788314,0.0,19.75885581970215,0,1.4465302760383545,0.0,21.07663305128662,0.0
2014-04-09 20:00:00,22.200476053800006,0.0,19.519289016723636,0,1.4238114414481688,0.0,21.07663305128662,0.0
2014-04-09 20:05:00,19.5407198087,0.0,19.63887023925781,0,1.4225942946328862,0.0,21.07663305128662,0.0
2014-04-09 20:10:00,19.9495326868,0.0,18.330562591552734,0,0.8570496034791502,0.0,21.07663305128662,0.0
2014-04-09 20:15:00,20.762301829200002,0.0,19.39054107666016,0,0.9684743204471435,0.0,21.07663305128662,0.0
2014-04-09 20:20:00,22.043479675100002,0.0,19.68086051940918,0,0.7212585394276609,0.0,21.07663305128662,0.0
2014-04-09 20:25:00,22.2900450179,0.0,18.941675186157227,0,0.6464023765771727,0.0,21.07663305128662,0.0
2014-04-09 20:30:00,21.4612508067,0.0,19.988866806030273,0,1.087714979402588,0.0,21.07663305128662,0.0
2014-04-09 20:35:00,18.786794315,0.0,18.724477767944336,0,1.0693917175803955,0.0,21.07663305128662,0.0
2014-04-09 20:40:00,21.172855167,0.0,18.20404624938965,0,0.9057111918948735,0.0,21.07663305128662,0.0
2014-04-09 20:45:00,20.1126038034,0.0,20.508541107177734,0,0.9814849121348148,0.0,21.07663305128662,0.0
2014-04-09 20:50:00,20.3599910496,0.0,17.820613861083984,0,0.3972124971169686,0.0,21.07663305128662,0.0
2014-04-09 20:55:00,18.6333115833,0.0,19.9298038482666,0,0.5305866455977548,0.0,21.07663305128662,0.0
2014-04-09 21:00:00,18.8543169043,0.0,17.997316360473633,0,0.7028107832685548,0.0,21.07663305128662,0.0
2014-04-09 21:05:00,21.2636322394,0.0,18.402484893798828,0,0.4112090714205565,0.0,21.07663305128662,0.0
2014-04-09 21:10:00,19.9109512931,0.0,18.798887252807614,0,0.8648173710972658,0.0,21.07663305128662,0.0
2014-04-09 21:15:00,19.2988408344,0.0,18.36173820495605,0,0.724444106958912,0.0,21.07663305128662,0.0
2014-04-09 21:20:00,19.6298494141,0.0,19.35524177551269,0,0.7209143198954839,0.0,21.07663305128662,0.0
2014-04-09 21:25:00,21.520402471300002,0.0,18.985366821289066,0,0.6481152067406017,0.0,21.07663305128662,0.0
2014-04-09 21:30:00,21.0967767992,0.0,19.69863510131836,0,0.6073512447918223,0.0,21.07663305128662,0.0
2014-04-09 21:35:00,19.1808899974,0.0,18.26523971557617,0,0.5744590423436522,0.0,21.07663305128662,0.0
2014-04-09 21:40:00,18.5586633508,0.0,19.04312896728516,0,0.6318311976356701,0.0,21.07663305128662,0.0
2014-04-09 21:45:00,19.0992312057,0.0,18.419174194335934,0,0.6536014629399909,0.0,21.07663305128662,0.0
2014-04-09 21:50:00,21.7871042748,0.0,18.783884048461914,0,0.3681837108503423,0.0,21.07663305128662,0.0
2014-04-09 21:55:00,20.4239218071,0.0,19.156709671020508,0,0.5639334814973642,0.0,21.07663305128662,0.0
2014-04-09 22:00:00,20.1532493891,0.0,18.35850524902344,0,0.6005325844738292,0.0,21.07663305128662,0.0
2014-04-09 22:05:00,20.4051445402,0.0,19.60756492614746,0,0.8359693810672124,0.0,21.07663305128662,0.0
2014-04-09 22:10:00,19.482798602,0.0,18.877939224243164,0,0.8578445145683347,0.0,21.07663305128662,0.0
2014-04-09 22:15:00,21.2488073618,0.0,18.542001724243164,0,0.5580494084956782,0.0,21.07663305128662,0.0
2014-04-09 22:20:00,20.1124344065,0.0,19.201967239379886,0,0.7379985961803461,0.0,21.07663305128662,0.0
2014-04-09 22:25:00,18.4847199139,0.0,19.038469314575195,0,0.6274639745607904,0.0,21.07663305128662,0.0
2014-04-09 22:30:00,18.5340361003,0.0,18.45486831665039,0,0.5969851978886225,0.0,21.07663305128662,0.0
2014-04-09 22:35:00,20.1667781152,0.0,18.17720031738281,0,0.5312737486252193,0.0,21.07663305128662,0.0
2014-04-09 22:40:00,21.7671572912,0.0,18.543052673339844,0,0.4416202686577635,0.0,21.07663305128662,0.0
2014-04-09 22:45:00,19.2518725494,0.0,18.784542083740234,0,0.7184959034002691,0.0,21.07663305128662,0.0
2014-04-09 22:50:00,21.498783703,0.0,18.851755142211914,0,0.6596502305232428,0.0,21.07663305128662,0.0
2014-04-09 22:55:00,21.076596462999998,0.0,20.331653594970703,0,1.0410051802656501,0.0,21.07663305128662,0.0
2014-04-09 23:00:00,18.9948960897,0.0,18.997034072875977,0,0.7504531833458254,0.0,21.07663305128662,0.0
2014-04-09 23:05:00,18.1488469012,0.0,18.241851806640625,0,0.34770735401030306,0.0,21.07663305128662,0.0
2014-04-09 23:10:00,18.4109232775,0.0,18.01676177978516,0,0.4358892896792481,0.0,21.07663305128662,0.0
2014-04-09 23:15:00,20.9179912167,0.0,18.677797317504886,0,0.15428090679509232,0.0,21.07663305128662,0.0
2014-04-09 23:20:00,18.802288296700002,0.0,18.795391082763672,0,0.3411872856908196,0.0,21.07663305128662,0.0
2014-04-09 23:25:00,19.488824816199998,0.0,17.67436408996582,0,0.3276826768416261,0.0,21.07663305128662,0.0
2014-04-09 23:30:00,20.010637967,0.0,18.633426666259766,0,0.5569641671350576,0.0,21.07663305128662,0.0
2014-04-09 23:35:00,20.9058858313,0.0,18.458942413330078,0,0.679845392513232,0.0,21.07663305128662,0.0
2014-04-09 23:40:00,18.4564678528,0.0,19.57570457458496,0,0.7056890823600832,0.0,21.07663305128662,0.0
2014-04-09 23:45:00,19.629233708599997,0.0,17.461566925048828,0,0.8230115812449212,0.0,21.07663305128662,0.0
2014-04-09 23:50:00,19.944120170599998,0.0,19.7589168548584,0,0.7341676179845944,0.0,21.07663305128662,0.0
2014-04-09 23:55:00,20.1671796091,0.0,18.157207489013672,0,0.6069771514759759,0.0,21.07663305128662,0.0
2014-04-10 00:00:00,21.2734425656,0.0,18.62222671508789,0,0.5548745289528076,0.0,21.07663305128662,0.0
2014-04-10 00:05:00,18.6867127802,0.0,19.229488372802734,0,0.8767572587364008,0.0,21.07663305128662,0.0
2014-04-10 00:10:00,21.2313258073,0.0,17.902164459228516,0,0.40559484120324685,0.0,21.07663305128662,0.0
2014-04-10 00:15:00,20.7715137108,0.0,20.38916015625,0,1.0666406139090818,0.0,21.07663305128662,0.0
2014-04-10 00:20:00,20.2234832568,0.0,18.348684310913086,0,0.650382371210791,0.0,21.07663305128662,0.0
2014-04-10 00:25:00,20.7981114816,0.0,19.28999137878418,0,0.5533302581326418,0.0,21.07663305128662,0.0
2014-04-10 00:30:00,19.648070955799998,0.0,19.045106887817386,0,0.8868042439155275,0.0,21.07663305128662,0.0
2014-04-10 00:35:00,18.5535903439,0.0,18.921436309814453,0,0.40217650865441756,0.0,21.07663305128662,0.0
2014-04-10 00:40:00,20.663060961099998,0.0,17.64373779296875,0,0.5442161353249748,0.0,21.07663305128662,0.0
2014-04-10 00:45:00,20.0986892267,0.0,19.49600601196289,0,0.6872816631055163,0.0,21.07663305128662,0.0
2014-04-10 00:50:00,20.5574992022,0.0,18.32162094116211,0,0.4563000935878163,0.0,21.07663305128662,0.0
2014-04-10 00:55:00,19.3519951241,0.0,19.11839485168457,0,0.6604143677197261,0.0,21.07663305128662,0.0
2014-04-10 01:00:00,21.6274663094,0.0,18.91993904113769,0,0.7434342535573482,0.0,21.07663305128662,0.0
2014-04-10 01:05:00,20.3494794743,0.0,19.411828994750977,0,0.7044597660737306,0.0,21.07663305128662,0.0
2014-04-10 01:10:00,18.3416099372,0.0,18.78663825988769,0,0.7568528013267093,0.0,21.07663305128662,0.0
2014-04-10 01:15:00,19.799215962799998,0.0,18.236507415771484,0,0.5329965590329344,0.0,21.07663305128662,0.0
2014-04-10 01:20:00,21.025424219,0.0,19.285249710083008,0,0.706614327190942,0.0,21.07663305128662,0.0
2014-04-10 01:25:00,21.1765382469,0.0,19.167556762695312,0,0.46774026066240193,0.0,21.07663305128662,0.0
2014-04-10 01:30:00,19.9783882111,0.0,18.84400749206543,0,0.60165663624436,0.0,21.07663305128662,0.0
2014-04-10 01:35:00,21.578990283299998,0.0,18.83572769165039,0,0.8057806573980959,0.0,21.07663305128662,0.0
2014-04-10 01:40:00,19.0706737488,0.0,20.158832550048828,0,0.9533499129757326,0.0,21.07663305128662,0.0
2014-04-10 01:45:00,19.642394789,0.0,17.946733474731445,0,0.8476271960433839,0.0,21.07663305128662,0.0
2014-04-10 01:50:00,21.5943876423,0.0,19.44951057434082,0,0.7895510803420165,0.0,21.07663305128662,0.0
2014-04-10 01:55:00,21.5850268659,0.0,19.17197799682617,0,0.9116403686981687,0.0,21.07663305128662,0.0
2014-04-10 02:00:00,20.7428510753,0.0,19.714588165283203,0,0.8703636533761969,0.0,21.07663305128662,0.0
2014-04-10 02:05:00,21.435922188499998,0.0,19.072437286376953,0,0.8921829260939949,0.0,21.07663305128662,0.0
2014-04-10 02:10:00,18.3550930678,0.0,19.79817771911621,0,0.9937092186466066,0.0,21.07663305128662,0.0
2014-04-10 02:15:00,21.4599799048,0.0,17.890243530273438,0,0.9059851665662357,0.0,21.07663305128662,0.0
2014-04-10 02:20:00,19.282479626199997,0.0,20.183338165283203,0,1.0463758850470941,0.0,21.07663305128662,0.0
2014-04-10 02:25:00,18.7133260497,0.0,18.343013763427734,0,0.8061149211957277,0.0,21.07663305128662,0.0
2014-04-10 02:30:00,18.9574793454,0.0,18.41778564453125,0,0.5569683442143805,0.0,21.07663305128662,0.0
2014-04-10 02:35:00,19.6718740321,0.0,18.584766387939453,0,0.6725751125938482,0.0,21.07663305128662,0.0
2014-04-10 02:40:00,19.0047680184,0.0,18.055715560913086,0,0.3622465212980961,0.0,21.07663305128662,0.0
2014-04-10 02:45:00,19.282270344100002,0.0,17.69180679321289,0,0.3682707610985596,0.0,21.07663305128662,0.0
2014-04-10 02:50:00,18.5399139443,0.0,19.010726928710934,0,0.5207896691754152,0.0,21.07663305128662,0.0
2014-04-10 02:55:00,19.1847070622,0.0,18.214433670043945,0,0.5009664687083251,0.0,21.07663305128662,0.0
2014-04-10 03:00:00,20.289135258199998,0.0,18.42259979248047,0,0.47866384555940034,0.0,21.07663305128662,0.0
2014-04-10 03:05:00,19.7674148324,0.0,18.87952423095703,0,0.6020162469964121,0.0,21.07663305128662,0.0
2014-04-10 03:10:00,19.386875044900002,0.0,17.908994674682614,0,0.4395364838019282,0.0,21.07663305128662,0.0
2014-04-10 03:15:00,20.9858085154,0.0,19.08846664428711,0,0.6503224786919928,0.0,21.07663305128662,0.0
2014-04-10 03:20:00,21.574039885599998,0.0,19.171627044677734,0,0.766206038561597,0.0,21.07663305128662,0.0
2014-04-10 03:25:00,21.0271568916,0.0,19.478734970092773,0,0.8331907104619387,0.0,21.07663305128662,0.0
2014-04-10 03:30:00,19.3280028085,0.0,19.07672500610352,0,0.8927921441717781,0.0,21.07663305128662,0.0
2014-04-10 03:35:00,20.9777686714,0.0,18.82080078125,0,0.7624318044923575,0.0,21.07663305128662,0.0
2014-04-10 03:40:00,18.607920729900002,0.0,19.672866821289066,0,0.7948850568719963,0.0,21.07663305128662,0.0
2014-04-10 03:45:00,18.5212719524,0.0,17.540496826171875,0,0.584593711581713,0.0,21.07663305128662,0.0
2014-04-10 03:50:00,19.382508148099998,0.0,18.308876037597656,0,0.5136378621718252,0.0,21.07663305128662,0.0
2014-04-10 03:55:00,21.230809476199997,0.0,18.18317985534668,0,0.6595401522836912,0.0,21.07663305128662,0.0
2014-04-10 04:00:00,18.985392989,0.0,19.208091735839844,0,0.770872868621606,0.0,21.07663305128662,0.0
2014-04-10 04:05:00,18.2530136356,0.0,17.66793441772461,0,0.4938870046929922,0.0,21.07663305128662,0.0
2014-04-10 04:10:00,18.5268381408,0.0,18.405242919921875,0,0.6161299620088614,0.0,21.07663305128662,0.0
2014-04-10 04:15:00,21.4349798741,0.0,17.991497039794922,0,0.4971253508058342,0.0,21.07663305128662,0.0
2014-04-10 04:20:00,20.535133139000003,0.0,19.44034194946289,0,0.5466070024873044,0.0,21.07663305128662,0.0
2014-04-10 04:25:00,19.012804653499998,0.0,18.62979888916016,0,0.5414305817416016,0.0,21.07663305128662,0.0
2014-04-10 04:30:00,20.2211833013,0.0,18.541406631469727,0,0.5161714000496578,0.0,21.07663305128662,0.0
2014-04-10 04:35:00,20.1103184897,0.0,19.52052116394043,0,0.8251320572515382,0.0,21.07663305128662,0.0
2014-04-10 04:40:00,20.6217439138,0.0,18.097034454345703,0,0.40495680487829544,0.0,21.07663305128662,0.0
2014-04-10 04:45:00,18.9327502177,0.0,19.064233779907227,0,0.5836965886179435,0.0,21.07663305128662,0.0
2014-04-10 04:50:00,21.4576119488,0.0,18.340559005737305,0,0.5422495088763672,0.0,21.07663305128662,0.0
2014-04-10 04:55:00,19.2374742483,0.0,20.43159484863281,0,0.7219090430304198,0.0,21.07663305128662,0.0
2014-04-10 05:00:00,20.7765266159,0.0,17.534692764282227,0,0.6835652417655274,0.0,21.07663305128662,0.0
2014-04-10 05:05:00,18.0644985855,0.0,19.433624267578125,0,0.773205790785962,0.0,21.07663305128662,0.0
2014-04-10 05:10:00,19.4906285196,0.0,17.114013671875,0,0.78222893202356,0.0,21.07663305128662,0.0
2014-04-10 05:15:00,19.4068392718,0.0,19.389707565307614,0,0.5628096610705815,0.0,21.07663305128662,0.0
2014-04-10 05:20:00,20.1739377143,0.0,17.99898910522461,0,0.7066592217936778,0.0,21.07663305128662,0.0
2014-04-10 05:25:00,18.2909450471,0.0,18.900959014892575,0,0.576576483195411,0.0,21.07663305128662,0.0
2014-04-10 05:30:00,21.1605254949,0.0,17.570676803588867,0,0.5099933266097172,0.0,21.07663305128662,0.0
2014-04-10 05:35:00,18.871123207100002,0.0,19.636409759521484,0,0.6616475570579836,0.0,21.07663305128662,0.0
2014-04-10 05:40:00,20.7081512595,0.0,17.761402130126953,0,0.7243291385223869,0.0,21.07663305128662,0.0
2014-04-10 05:45:00,21.212848493,0.0,19.35769271850586,0,0.8208042035595939,0.0,21.07663305128662,0.0
2014-04-10 05:50:00,20.247507825,0.0,19.66195106506348,0,1.083808829524243,0.0,21.07663305128662,0.0
2014-04-10 05:55:00,20.9635328269,0.0,18.53177833557129,0,0.6702400447827137,0.0,21.07663305128662,0.0
2014-04-10 06:00:00,20.6474412489,0.0,19.84665298461914,0,0.977402019391552,0.0,21.07663305128662,0.0
2014-04-10 06:05:00,19.4221191886,0.0,18.7589111328125,0,0.7091569112550289,0.0,21.07663305128662,0.0
2014-04-10 06:10:00,21.2354341561,0.0,18.642879486083984,0,0.5601634464166989,0.0,21.07663305128662,0.0
2014-04-10 06:15:00,19.1788054795,0.0,19.577150344848636,0,0.8110381851766357,0.0,21.07663305128662,0.0
2014-04-10 06:20:00,20.284851671,0.0,18.382665634155273,0,0.49603355465412635,0.0,21.07663305128662,0.0
2014-04-10 06:25:00,20.9815909566,0.0,18.89911651611328,0,0.67515780896853,0.0,21.07663305128662,0.0
2014-04-10 06:30:00,19.515823639300002,0.0,19.4046630859375,0,0.871945001587012,0.0,21.07663305128662,0.0
2014-04-10 06:35:00,19.2110704305,0.0,17.985485076904297,0,0.5053063353959479,0.0,21.07663305128662,0.0
2014-04-10 06:40:00,19.837384040699998,0.0,18.778186798095703,0,0.6651757980362065,0.0,21.07663305128662,0.0
2014-04-10 06:45:00,21.2718539774,0.0,19.000539779663086,0,0.5598021987561528,0.0,21.07663305128662,0.0
2014-04-10 06:50:00,21.7196870526,0.0,19.103857040405273,0,0.5834071684124269,0.0,21.07663305128662,0.0
2014-04-10 06:55:00,20.1803336514,0.0,19.664772033691406,0,0.8964908507664551,0.0,21.07663305128662,0.0
2014-04-10 07:00:00,20.645864821300002,0.0,18.99200439453125,0,0.8077378837805664,0.0,21.07663305128662,0.0
2014-04-10 07:05:00,21.613094489,0.0,19.49150848388672,0,0.8820707818011235,0.0,21.07663305128662,0.0
2014-04-10 07:10:00,18.3941874057,0.0,19.848384857177734,0,0.8633547577231697,0.0,21.07663305128662,0.0
2014-04-10 07:15:00,18.9283143115,0.0,17.657695770263672,0,0.7181506876335457,0.0,21.07663305128662,0.0
2014-04-10 07:20:00,20.835600025,0.0,19.242334365844727,0,0.8125328030745123,0.0,21.07663305128662,0.0
2014-04-10 07:25:00,21.2949778476,0.0,19.152639389038086,0,0.7774451006909184,0.0,21.07663305128662,0.0
2014-04-10 07:30:00,21.4281161133,0.0,18.82878875732422,0,0.7800391573719971,0.0,21.07663305128662,0.0
2014-04-10 07:35:00,19.6604287074,0.0,19.36998748779297,0,0.950693751866162,0.0,21.07663305128662,0.0
2014-04-10 07:40:00,18.3573596092,0.0,18.747509002685547,0,0.8281715866625001,0.0,21.07663305128662,0.0
2014-04-10 07:45:00,19.751125909200002,0.0,18.525041580200195,0,0.6777820534537842,0.0,21.07663305128662,0.0
2014-04-10 07:50:00,18.9229383608,0.0,19.003564834594727,0,0.563250287258521,0.0,21.07663305128662,0.0
2014-04-10 07:55:00,19.16478582,0.0,17.919368743896484,0,0.20955751656159727,0.0,21.07663305128662,0.0
2014-04-10 08:00:00,21.0890702274,0.0,18.47088432312012,0,0.3289294986236575,0.0,21.07663305128662,0.0
2014-04-10 08:05:00,18.302108344100002,0.0,19.511608123779297,0,0.646289222897241,0.0,21.07663305128662,0.0
2014-04-10 08:10:00,21.3103248699,0.0,17.18082618713379,0,0.5110460263635255,0.0,21.07663305128662,0.0
2014-04-10 08:15:00,19.710676343299998,0.0,19.926246643066406,0,1.095945189542065,0.0,21.07663305128662,0.0
2014-04-10 08:20:00,20.3842557244,0.0,18.276445388793945,0,0.8185770459406738,0.0,21.07663305128662,0.0
2014-04-10 08:25:00,18.3586089249,0.0,19.628597259521484,0,0.7547800998564456,0.0,21.07663305128662,0.0
2014-04-10 08:30:00,19.3494363134,0.0,18.13211441040039,0,0.769403741824219,0.0,21.07663305128662,0.0
2014-04-10 08:35:00,18.3588036761,0.0,18.868799209594727,0,0.2815282207908938,0.0,21.07663305128662,0.0
2014-04-10 08:40:00,21.846174891500002,0.0,16.979164123535153,0,0.40072745212849137,0.0,21.07663305128662,0.0
2014-04-10 08:45:00,21.2290465973,0.0,20.01948547363281,0,0.8941056059877694,0.0,21.07663305128662,0.0
2014-04-10 08:50:00,19.8385310174,0.0,18.544673919677734,0,0.764231137613014,0.0,21.07663305128662,0.0
2014-04-10 08:55:00,18.8944101933,0.0,19.207691192626953,0,0.7774678406645283,0.0,21.07663305128662,0.0
2014-04-10 09:00:00,73.8949894314,0.0,18.811330795288086,0,0.8650679526017586,0.0,21.07663305128662,0.0
2014-04-10 09:05:00,65.8865137019,0.0,53.69230651855469,0,7.142148936120142,0.0,21.07663305128662,0.0
2014-04-10 09:10:00,63.3893882709,0.0,54.80115509033203,0,4.260888448906471,0.0,21.07663305128662,0.0
2014-04-10 09:15:00,68.859035683,0.0,59.87041854858398,0,5.034079387790015,0.0,21.07663305128662,0.0
2014-04-10 09:20:00,74.0353280367,0.0,66.64666748046875,0,10.606839516805152,0.0,21.07663305128662,0.0
2014-04-10 09:25:00,61.2520919508,0.0,67.14579772949219,0,4.237804855623975,0.0,21.07663305128662,0.0
2014-04-10 09:30:00,64.4384978683,0.0,58.47952270507813,0,3.3878508989144045,0.0,21.07663305128662,0.0
2014-04-10 09:35:00,73.9628879096,0.0,66.52582550048828,0,3.352757506637353,0.0,21.07663305128662,0.0
2014-04-10 09:40:00,63.5267691493,0.0,67.5670166015625,0,3.197415702743162,0.0,21.07663305128662,0.0
2014-04-10 09:45:00,62.74011094229999,0.0,60.61248016357422,0,2.6487151771127913,0.0,21.07663305128662,0.0
2014-04-10 09:50:00,68.9545461349,0.0,60.83972930908203,0,2.4355117334874006,0.0,21.07663305128662,0.0
2014-04-10 09:55:00,72.9210759968,0.0,61.61545944213867,0,2.7149696832397447,0.0,21.07663305128662,0.0
2014-04-10 10:00:00,77.2447443706,0.0,74.13420867919922,0,3.198538951433446,0.0,21.07663305128662,0.0
2014-04-10 10:05:00,85.2756372637,0.0,71.08800506591797,0,1.8319993537755348,0.0,21.07663305128662,0.0
2014-04-10 10:10:00,80.3807447768,0.0,77.95709991455078,0,4.245650511270167,0.0,21.07663305128662,0.0
2014-04-10 10:15:00,70.98964255989999,0.0,73.48165893554688,0,3.100794740411475,0.0,21.07663305128662,0.0
2014-04-10 10:20:00,85.2487546837,0.0,72.8004379272461,0,2.687684197891018,0.0,21.07663305128662,0.0
2014-04-10 10:25:00,76.1705185548,0.0,74.43798828125,0,3.9439512740165057,0.0,21.07663305128662,0.0
2014-04-10 10:30:00,74.3004873253,0.0,74.59505462646484,0,2.3870635334875008,0.0,21.07663305128662,0.0
2014-04-10 10:35:00,78.4982849291,0.0,76.3746337890625,0,2.1209288383519542,0.0,21.07663305128662,0.0
2014-04-10 10:40:00,74.5628538251,0.0,71.58114624023438,0,2.0748831839007806,0.0,21.07663305128662,0.0
2014-04-10 10:45:00,71.1818205105,0.0,70.8993148803711,0,0.8915570374522463,0.0,21.07663305128662,0.0
2014-04-10 10:50:00,69.8621678846,0.0,67.87897491455078,0,0.6139787206285146,0.0,21.07663305128662,0.0
2014-04-10 10:55:00,76.8175336373,0.0,70.34102630615234,0,0.8250569292390608,0.0,21.07663305128662,0.0
2014-04-10 11:00:00,84.8774758671,0.0,70.28778076171875,0,1.465489189523927,0.0,21.07663305128662,0.0
2014-04-10 11:05:00,80.6701007123,0.0,74.08428955078125,0,2.9164876295883797,0.0,21.07663305128662,0.0
2014-04-10 11:10:00,87.4593928824,0.0,75.93397521972656,0,2.874988229134571,0.0,21.07663305128662,0.0
2014-04-10 11:15:00,76.1300090524,0.0,74.12185668945312,0,4.897178907590137,0.0,21.07663305128662,0.0
2014-04-10 11:20:00,76.02835734989999,0.0,78.10569763183594,0,4.3386345365650385,0.0,21.07663305128662,0.0
2014-04-10 11:25:00,74.1086554156,0.0,73.90786743164062,0,2.774590183634375,0.0,21.07663305128662,0.0
2014-04-10 11:30:00,74.1772673078,0.0,74.62372589111328,0,1.9764622864394532,0.0,21.07663305128662,0.0
2014-04-10 11:35:00,76.1036076229,0.0,73.57514190673828,0,0.5915924015194349,0.0,21.07663305128662,0.0
2014-04-10 11:40:00,84.17732808,0.0,72.03768920898438,0,0.6566315706712906,0.0,21.07663305128662,0.0
2014-04-10 11:45:00,85.9731559983,0.0,74.69851684570312,0,1.91441889430625,0.0,21.07663305128662,0.0
2014-04-10 11:50:00,87.075786347,0.0,73.88838958740234,0,3.168337905910155,0.0,21.07663305128662,0.0
2014-04-10 11:55:00,75.2623346588,0.0,78.53340148925781,0,4.8912675624214845,0.0,21.07663305128662,0.0
2014-04-10 12:00:00,85.9974398169,0.0,78.23670959472656,0,4.984092701708496,0.0,21.07663305128662,0.0
2014-04-10 12:05:00,77.1593789307,0.0,76.58251953125,0,4.436729120603223,0.0,21.07663305128662,0.0
2014-04-10 12:10:00,73.7168821738,0.0,78.08363342285156,0,2.9599462777642582,0.0,21.07663305128662,0.0
2014-04-10 12:15:00,85.81729432979999,0.0,72.5058822631836,0,1.9969259626416012,0.0,21.07663305128662,0.0
2014-04-10 12:20:00,82.0790769261,0.0,75.68362426757812,0,2.9730320113759756,0.0,21.07663305128662,0.0
2014-04-10 12:25:00,74.5461315041,0.0,75.986572265625,0,2.405154565370214,0.0,21.07663305128662,0.0
2014-04-10 12:30:00,78.7826473601,0.0,74.7239990234375,0,2.5892548031459945,0.0,21.07663305128662,0.0
2014-04-10 12:35:00,76.5042077703,0.0,76.6981430053711,0,3.1507442279157214,0.0,21.07663305128662,0.0
2014-04-10 12:40:00,83.6881666436,0.0,75.25679016113281,0,1.2865250661480463,0.0,21.07663305128662,0.0
2014-04-10 12:45:00,79.15955409840001,0.0,75.48484802246094,0,1.5410155441412101,0.0,21.07663305128662,0.0
2014-04-10 12:50:00,87.7230849468,0.0,78.11424255371094,0,2.0448332662674815,0.0,21.07663305128662,0.0
2014-04-10 12:55:00,72.7884686125,0.0,75.16743469238281,0,2.336098827468067,0.0,21.07663305128662,0.0
2014-04-10 13:00:00,77.6616009996,0.0,76.97553253173828,0,3.011736378922267,0.0,21.07663305128662,0.0
2014-04-10 13:05:00,79.6912721771,0.0,74.59820556640625,0,2.043572877096583,0.0,21.07663305128662,0.0
2014-04-10 13:10:00,80.03092484310001,0.0,74.96884155273438,0,2.2208679439409185,0.0,21.07663305128662,0.0
2014-04-10 13:15:00,77.0364799646,0.0,78.0713882446289,0,1.65252305610049,0.0,21.07663305128662,0.0
2014-04-10 13:20:00,83.647763703,0.0,75.3062744140625,0,1.3820690198615235,0.0,21.07663305128662,0.0
2014-04-10 13:25:00,85.9753141471,0.0,77.04325866699219,0,2.441443433753223,0.0,21.07663305128662,0.0
2014-04-10 13:30:00,86.9986241495,0.0,75.60938262939453,0,2.920469704630957,0.0,21.07663305128662,0.0
2014-04-10 13:35:00,84.8611224702,0.0,77.61405944824219,0,3.7113644833484365,0.0,21.07663305128662,0.0
2014-04-10 13:40:00,85.5887369289,0.0,81.17686462402344,0,4.488731163888573,0.0,21.07663305128662,0.0
2014-04-10 13:45:00,80.78933071600001,0.0,78.47734832763672,0,3.9975290408809574,0.0,21.07663305128662,0.0
2014-04-10 13:50:00,85.193760212,0.0,81.19733428955078,0,3.170019904412893,0.0,21.07663305128662,0.0
2014-04-10 13:55:00,76.8376170914,0.0,75.53379821777344,0,2.2459179547058614,0.0,21.07663305128662,0.0
2014-04-10 14:00:00,78.3718981621,0.0,77.48822021484375,0,1.5030124361644557,0.0,21.07663305128662,0.0
2014-04-10 14:05:00,77.0669088319,0.0,75.8406982421875,0,1.0619881414619154,0.0,21.07663305128662,0.0
2014-04-10 14:10:00,79.4743824137,0.0,75.95938110351562,0,0.9262666666305659,0.0,21.07663305128662,0.0
2014-04-10 14:15:00,76.5655985347,0.0,75.35820007324219,0,0.8660885900974602,0.0,21.07663305128662,0.0
2014-04-10 14:20:00,87.3815885585,0.0,74.88658142089844,0,0.7287084642763677,0.0,21.07663305128662,0.0
2014-04-10 14:25:00,77.0018177834,0.0,77.67942810058594,0,2.3054521873695304,0.0,21.07663305128662,0.0
2014-04-10 14:30:00,73.5651813116,0.0,76.84083557128906,0,2.097648457567969,0.0,21.07663305128662,0.0
2014-04-10 14:35:00,80.4252140612,0.0,75.66387939453125,0,2.00315156312168,0.0,21.07663305128662,0.0
2014-04-10 14:40:00,72.910085403,0.0,76.16371154785156,0,2.524204052062304,0.0,21.07663305128662,0.0
2014-04-10 14:45:00,73.7651497638,0.0,73.5134048461914,0,1.3065524088035154,0.0,21.07663305128662,0.0
2014-04-10 14:50:00,75.5066057361,0.0,74.454833984375,0,1.3113649020960931,0.0,21.07663305128662,0.0
2014-04-10 14:55:00,79.4257913771,0.0,74.00108337402344,0,1.1648096851067375,0.0,21.07663305128662,0.0
2014-04-10 15:00:00,78.9312571696,0.0,74.78079223632812,0,1.2477313521577145,0.0,21.07663305128662,0.0
2014-04-10 15:05:00,84.7942557594,0.0,73.73123168945312,0,1.3373300402778323,0.0,21.07663305128662,0.0
2014-04-10 15:10:00,83.8307896788,0.0,77.89543151855469,0,2.711246094752539,0.0,21.07663305128662,0.0
2014-04-10 15:15:00,78.82033602140001,0.0,76.37004852294922,0,3.3216943958175786,0.0,21.07663305128662,0.0
2014-04-10 15:20:00,77.3385248642,0.0,79.26449584960938,0,2.9498918327393575,0.0,21.07663305128662,0.0
2014-04-10 15:25:00,77.0627607354,0.0,75.17366027832031,0,2.602216757462209,0.0,21.07663305128662,0.0
2014-04-10 15:30:00,84.3831113111,0.0,74.31999206542969,0,1.4554763058538107,0.0,21.07663305128662,0.0
2014-04-10 15:35:00,72.8324593012,0.0,75.74491882324219,0,2.041059773326271,0.0,21.07663305128662,0.0
2014-04-10 15:40:00,72.2044532228,0.0,73.51644897460938,0,1.9984393530626932,0.0,21.07663305128662,0.0
2014-04-10 15:45:00,84.7278968752,0.0,73.85118865966797,0,1.9082558800158207,0.0,21.07663305128662,0.0
2014-04-10 15:50:00,79.6335775261,0.0,73.05403137207031,0,3.145535341881738,0.0,21.07663305128662,0.0
2014-04-10 15:55:00,74.0933869135,0.0,76.02777099609375,0,2.71008870542666,0.0,21.07663305128662,0.0
2014-04-10 16:00:00,75.76890947689999,0.0,73.58193969726562,0,2.2560782287067394,0.0,21.07663305128662,0.0
2014-04-10 16:05:00,86.91989636299999,0.0,76.12416076660156,0,2.518035490277734,0.0,21.07663305128662,0.0
2014-04-10 16:10:00,85.7518829661,0.0,75.10038757324219,0,2.5220455423697263,0.0,21.07663305128662,0.0
2014-04-10 16:15:00,83.356400759,0.0,75.84172058105469,0,3.031039197223242,0.0,21.07663305128662,0.0
2014-04-10 16:20:00,79.7154506314,0.0,79.17890167236328,0,3.8936101183544896,0.0,21.07663305128662,0.0
2014-04-10 16:25:00,80.3250237947,0.0,77.48284149169922,0,3.687307515779784,0.0,21.07663305128662,0.0
2014-04-10 16:30:00,87.603744365,0.0,78.72761535644531,0,2.693113354105078,0.0,21.07663305128662,0.0
2014-04-10 16:35:00,87.45215919370001,0.0,75.58282470703125,0,2.4711925560671872,0.0,21.07663305128662,0.0
2014-04-10 16:40:00,75.44415987949999,0.0,78.77499389648438,0,3.015524344657619,0.0,21.07663305128662,0.0
2014-04-10 16:45:00,84.9775099038,0.0,78.71553039550781,0,2.989044249165726,0.0,21.07663305128662,0.0
2014-04-10 16:50:00,75.15573835939999,0.0,77.13066101074219,0,3.4165188998271514,0.0,21.07663305128662,0.0
2014-04-10 16:55:00,75.4164548463,0.0,75.30850219726562,0,2.929633832910941,0.0,21.07663305128662,0.0
2014-04-10 17:00:00,82.8174567447,0.0,72.65251159667969,0,1.4594611032066425,0.0,21.07663305128662,0.0
2014-04-10 17:05:00,78.4799874411,0.0,77.40239715576172,0,2.313724994586133,0.0,21.07663305128662,0.0
2014-04-10 17:10:00,86.9046771423,0.0,76.72431945800781,0,1.4174335530341793,0.0,21.07663305128662,0.0
2014-04-10 17:15:00,73.42412756350001,0.0,76.71702575683594,0,2.4431129321529284,0.0,21.07663305128662,0.0
2014-04-10 17:20:00,80.1843794621,0.0,76.56526184082031,0,3.089473913873338,0.0,21.07663305128662,0.0
2014-04-10 17:25:00,86.69631119569998,0.0,74.78925323486328,0,2.27124547303076,0.0,21.07663305128662,0.0
2014-04-10 17:30:00,86.4657853648,0.0,77.72380828857422,0,3.6249289324680625,0.0,21.07663305128662,0.0
2014-04-10 17:35:00,74.5044388049,0.0,80.98147583007812,0,3.445131356459761,0.0,21.07663305128662,0.0
2014-04-10 17:40:00,77.8661733009,0.0,76.12049102783203,0,3.643874618445503,0.0,21.07663305128662,0.0
2014-04-10 17:45:00,81.9059109489,0.0,78.9848861694336,0,3.591173665372848,0.0,21.07663305128662,0.0
2014-04-10 17:50:00,74.550289529,0.0,72.92781066894531,0,2.467919517701562,0.0,21.07663305128662,0.0
2014-04-10 17:55:00,87.48832115719999,0.0,75.03472137451172,0,1.5957778672208978,0.0,21.07663305128662,0.0
2014-04-10 18:00:00,34.6543890502,0.0,77.83201599121094,0,2.3428482119096667,0.0,21.07663305128662,0.0
2014-04-10 18:05:00,29.8684754111,0.0,51.11613845825195,0,7.2327334490041,0.0,21.07663305128662,0.0
2014-04-10 18:10:00,29.575389273600006,0.0,43.55048751831055,0,6.18407854084492,0.0,21.07663305128662,0.0
2014-04-10 18:15:00,29.3466086554,0.0,34.38442611694336,0,8.278595588581295,0.0,21.07663305128662,0.0
2014-04-10 18:20:00,34.6204328027,0.0,33.566688537597656,0,10.362284978487935,0.0,21.07663305128662,0.0
2014-04-10 18:25:00,30.0391866152,0.0,34.510574340820305,0,5.164290377313525,0.0,21.07663305128662,0.0
2014-04-10 18:30:00,31.464217501599997,0.0,37.07855224609375,0,3.067255962122069,0.0,21.07663305128662,0.0
2014-04-10 18:35:00,31.672642659,0.0,30.37546157836914,0,2.0221605245949705,0.0,21.07663305128662,0.0
2014-04-10 18:40:00,32.6336644173,0.0,31.795269012451172,0,0.7929917671758311,0.0,21.07663305128662,0.0
2014-04-10 18:45:00,29.2591005822,0.0,34.771717071533196,0,1.516937518955614,0.0,21.07663305128662,0.0
2014-04-10 18:50:00,30.2512493431,0.0,30.09250640869141,0,1.6470911144197253,0.0,21.07663305128662,0.0
2014-04-10 18:55:00,34.7615318021,0.0,38.63672637939453,0,0.5687511061519039,0.0,21.07663305128662,0.0
2014-04-10 19:00:00,24.229675951399997,0.0,25.34838104248047,0,0.9804739246595693,0.0,21.07663305128662,0.0
2014-04-10 19:05:00,23.6601808024,0.0,23.36400032043457,0,1.3331573865145985,0.0,21.07663305128662,0.0
2014-04-10 19:10:00,20.2469164697,0.0,20.48382568359375,0,0.6811028855936274,0.0,21.07663305128662,0.0
2014-04-10 19:15:00,21.6249891366,0.0,22.36347770690918,0,0.6908736705292724,0.0,21.07663305128662,0.0
2014-04-10 19:20:00,22.9732538741,0.0,22.788488388061523,0,0.2987854196561037,0.0,21.07663305128662,0.0
2014-04-10 19:25:00,21.3928509752,0.0,17.68144416809082,0,0.18204296902585426,0.0,21.07663305128662,0.0
2014-04-10 19:30:00,24.2349470644,0.0,19.19560432434082,0,0.6089462596688229,0.0,21.07663305128662,0.0
2014-04-10 19:35:00,22.9998235273,0.0,15.60304069519043,0,1.2092504504395016,0.0,21.07663305128662,0.0
2014-04-10 19:40:00,20.48214097,0.0,18.526567459106445,0,2.0415372331645503,0.0,21.07663305128662,0.0
2014-04-10 19:45:00,24.2323437087,0.0,17.88567352294922,0,2.262888236271435,0.0,21.07663305128662,0.0
2014-04-10 19:50:00,24.4507932873,0.0,20.250947952270508,0,2.5922961586016355,0.0,21.07663305128662,0.0
2014-04-10 19:55:00,20.5081505094,0.0,20.96877670288086,0,2.487358982972925,0.0,21.07663305128662,0.0
2014-04-10 20:00:00,20.6125472746,0.0,17.112184524536133,0,1.4986804699241212,0.0,21.07663305128662,0.0
2014-04-10 20:05:00,19.6745798639,0.0,19.921539306640625,0,1.8134380580406253,0.0,21.07663305128662,0.0
2014-04-10 20:10:00,20.0410686168,0.0,16.920883178710938,0,0.9528290128180421,0.0,21.07663305128662,0.0
2014-04-10 20:15:00,19.1678511587,0.0,18.440174102783203,0,0.827370713671753,0.0,21.07663305128662,0.0
2014-04-10 20:20:00,20.7997830802,0.0,18.543148040771484,0,0.8551870673587159,0.0,21.07663305128662,0.0
2014-04-10 20:25:00,22.3558831626,0.0,19.157684326171875,0,0.699721103529297,0.0,21.07663305128662,0.0
2014-04-10 20:30:00,20.4925851248,0.0,19.79926872253418,0,1.1628370462328128,0.0,21.07663305128662,0.0
2014-04-10 20:35:00,18.7716179001,0.0,17.98414421081543,0,0.7016240257963626,0.0,21.07663305128662,0.0
2014-04-10 20:40:00,20.9715252103,0.0,18.13340187072754,0,0.8669529959258795,0.0,21.07663305128662,0.0
2014-04-10 20:45:00,19.8255531474,0.0,19.963233947753906,0,0.9396390334438727,0.0,21.07663305128662,0.0
2014-04-10 20:50:00,21.9378693133,0.0,18.631174087524414,0,0.40812227297785686,0.0,21.07663305128662,0.0
2014-04-10 20:55:00,20.212441453,0.0,20.078208923339844,0,0.7347946259165772,0.0,21.07663305128662,0.0
2014-04-10 21:00:00,18.8614609101,0.0,18.710922241210934,0,0.7705095149277832,0.0,21.07663305128662,0.0
2014-04-10 21:05:00,18.8544916726,0.0,18.32451629638672,0,0.4345614310923587,0.0,21.07663305128662,0.0
2014-04-10 21:10:00,21.1762169434,0.0,18.423561096191406,0,0.5151802250672608,0.0,21.07663305128662,0.0
2014-04-10 21:15:00,19.153849628299998,0.0,19.21866607666016,0,0.445925302746387,0.0,21.07663305128662,0.0
2014-04-10 21:20:00,21.170064405999998,0.0,18.10055923461914,0,0.39172649207636745,0.0,21.07663305128662,0.0
2014-04-10 21:25:00,18.913902233199998,0.0,20.356876373291016,0,0.7565973048878414,0.0,21.07663305128662,0.0
2014-04-10 21:30:00,19.3793218057,0.0,17.711483001708984,0,0.7658656077562016,0.0,21.07663305128662,0.0
2014-04-10 21:35:00,19.9572851908,0.0,18.444944381713867,0,0.6001941137790037,0.0,21.07663305128662,0.0
2014-04-10 21:40:00,21.8772927056,0.0,18.59800338745117,0,0.9414788335816398,0.0,21.07663305128662,0.0
2014-04-10 21:45:00,21.831214889,0.0,19.67504119873047,0,0.9878053839146244,0.0,21.07663305128662,0.0
2014-04-10 21:50:00,18.9178593954,0.0,19.972332000732425,0,1.0030254794293212,0.0,21.07663305128662,0.0
2014-04-10 21:55:00,19.5261539228,0.0,18.61339569091797,0,0.9965228503715089,0.0,21.07663305128662,0.0
2014-04-10 22:00:00,18.6154512383,0.0,19.017135620117188,0,0.9253367307041023,0.0,21.07663305128662,0.0
2014-04-10 22:05:00,20.0591786501,0.0,17.427961349487305,0,0.4704091875914558,0.0,21.07663305128662,0.0
2014-04-10 22:10:00,19.86137883,0.0,19.15652847290039,0,0.5669509891345959,0.0,21.07663305128662,0.0
2014-04-10 22:15:00,21.623779558200003,0.0,18.334190368652344,0,0.5136791296013916,0.0,21.07663305128662,0.0
2014-04-10 22:20:00,21.7408727211,0.0,20.32066345214844,0,0.8107829993095952,0.0,21.07663305128662,0.0
2014-04-10 22:25:00,19.5530224532,0.0,18.73630714416504,0,0.9483226867578853,0.0,21.07663305128662,0.0
2014-04-10 22:30:00,19.986120036,0.0,18.696002960205078,0,0.7215099378106684,0.0,21.07663305128662,0.0
2014-04-10 22:35:00,21.6056665332,0.0,19.017047882080078,0,0.8520788554161376,0.0,21.07663305128662,0.0
2014-04-10 22:40:00,21.247208978499998,0.0,20.088239669799805,0,0.7644575381126706,0.0,21.07663305128662,0.0
2014-04-10 22:45:00,18.0319192768,0.0,19.59912872314453,0,0.6235281473812502,0.0,21.07663305128662,0.0
2014-04-10 22:50:00,19.298747276,0.0,17.70039176940918,0,0.8128493560199703,0.0,21.07663305128662,0.0
2014-04-10 22:55:00,19.7059965712,0.0,19.252782821655273,0,0.8641441140944335,0.0,21.07663305128662,0.0
2014-04-10 23:00:00,18.922497555,0.0,17.506982803344727,0,0.4446105582906248,0.0,21.07663305128662,0.0
2014-04-10 23:05:00,18.8018957327,0.0,18.336711883544922,0,0.47667873866000976,0.0,21.07663305128662,0.0
2014-04-10 23:10:00,18.1546230431,0.0,18.328523635864254,0,0.49153348211823733,0.0,21.07663305128662,0.0
2014-04-10 23:15:00,20.5774290062,0.0,18.340087890625,0,0.2797519722649655,0.0,21.07663305128662,0.0
2014-04-10 23:20:00,19.053698768,0.0,18.942028045654297,0,0.5364925386437007,0.0,21.07663305128662,0.0
2014-04-10 23:25:00,18.2128849146,0.0,17.36476707458496,0,0.3214526215419675,0.0,21.07663305128662,0.0
2014-04-10 23:30:00,18.9275506324,0.0,18.197311401367188,0,0.3693193703994626,0.0,21.07663305128662,0.0
2014-04-10 23:35:00,21.2117276792,0.0,18.420562744140625,0,0.49092111362106916,0.0,21.07663305128662,0.0
2014-04-10 23:40:00,21.4100666682,0.0,19.66529083251953,0,0.5341893623640379,0.0,21.07663305128662,0.0
2014-04-10 23:45:00,19.936091973699998,0.0,18.556201934814453,0,0.5827364904835202,0.0,21.07663305128662,0.0
2014-04-10 23:50:00,19.668058222,0.0,19.120758056640625,0,0.7385412300673333,0.0,21.07663305128662,0.0
2014-04-10 23:55:00,21.9156217635,0.0,18.90615463256836,0,0.8078913718730951,0.0,21.07663305128662,0.0
2014-04-11 00:00:00,18.802258638399998,0.0,19.774999618530273,0,0.8351791463571283,0.0,21.07663305128662,0.0
2014-04-11 00:05:00,18.861437131400002,0.0,17.77600860595703,0,0.7248363606753663,0.0,21.07663305128662,0.0
2014-04-11 00:10:00,19.1674687081,0.0,18.58875274658203,0,0.680631359870044,0.0,21.07663305128662,0.0
2014-04-11 00:15:00,18.6910292731,0.0,18.61655044555664,0,0.7057940747528568,0.0,21.07663305128662,0.0
2014-04-11 00:20:00,19.5174623928,0.0,17.416292190551758,0,0.3389205368293218,0.0,21.07663305128662,0.0
2014-04-11 00:25:00,21.643336908000002,0.0,18.205020904541016,0,0.47997418959406746,0.0,21.07663305128662,0.0
2014-04-11 00:30:00,20.4613913625,0.0,19.322147369384766,0,0.7740851243460694,0.0,21.07663305128662,0.0
2014-04-11 00:35:00,19.647786194400002,0.0,18.614843368530273,0,0.686371604224536,0.0,21.07663305128662,0.0
2014-04-11 00:40:00,21.7376431783,0.0,19.20242500305176,0,0.9639591280865236,0.0,21.07663305128662,0.0
2014-04-11 00:45:00,18.1938569299,0.0,19.973690032958984,0,1.0182151247115234,0.0,21.07663305128662,0.0
2014-04-11 00:50:00,18.8411047116,0.0,17.342658996582028,0,0.7701667823416503,0.0,21.07663305128662,0.0
2014-04-11 00:55:00,20.2635544204,0.0,19.161922454833984,0,0.6989876013618663,0.0,21.07663305128662,0.0
2014-04-11 01:00:00,20.4622104928,0.0,18.54798698425293,0,0.8216023703384034,0.0,21.07663305128662,0.0
2014-04-11 01:05:00,18.1582300263,0.0,18.782936096191406,0,0.7459630317155033,0.0,21.07663305128662,0.0
2014-04-11 01:10:00,19.6121550316,0.0,17.542591094970707,0,0.6143535932992923,0.0,21.07663305128662,0.0
2014-04-11 01:15:00,20.5966158593,0.0,19.13389205932617,0,0.6857433710007075,0.0,21.07663305128662,0.0
2014-04-11 01:20:00,20.792282185599998,0.0,18.411285400390625,0,0.6369444102519295,0.0,21.07663305128662,0.0
2014-04-11 01:25:00,20.5525596101,0.0,19.204774856567386,0,0.6952910698347172,0.0,21.07663305128662,0.0
2014-04-11 01:30:00,19.2822528974,0.0,19.288305282592773,0,0.9076336594181393,0.0,21.07663305128662,0.0
2014-04-11 01:35:00,18.3740804944,0.0,18.380901336669922,0,0.6496947154885744,0.0,21.07663305128662,0.0
2014-04-11 01:40:00,19.7084497857,0.0,18.38193130493164,0,0.4677068457755853,0.0,21.07663305128662,0.0
2014-04-11 01:45:00,18.5150177495,0.0,18.19676399230957,0,0.33589705772045875,0.0,21.07663305128662,0.0
2014-04-11 01:50:00,21.7904946341,0.0,17.81338119506836,0,0.20720568317768562,0.0,21.07663305128662,0.0
2014-04-11 01:55:00,19.900683464100002,0.0,19.94729232788086,0,0.7035883149075439,0.0,21.07663305128662,0.0
2014-04-11 02:00:00,19.2690366974,0.0,18.507238388061523,0,0.5295274952988036,0.0,21.07663305128662,0.0
2014-04-11 02:05:00,21.0652162845,0.0,18.440364837646484,0,0.4589374738700682,0.0,21.07663305128662,0.0
2014-04-11 02:10:00,19.9917943703,0.0,19.27290344238281,0,0.9262965073755614,0.0,21.07663305128662,0.0
2014-04-11 02:15:00,19.240136096,0.0,18.584238052368164,0,0.518535350363404,0.0,21.07663305128662,0.0
2014-04-11 02:20:00,21.2478709696,0.0,18.540283203125,0,0.5946964978447764,0.0,21.07663305128662,0.0
2014-04-11 02:25:00,21.468608604,0.0,20.0809383392334,0,0.8384035231096929,0.0,21.07663305128662,0.0
2014-04-11 02:30:00,20.6920326652,0.0,18.976736068725586,0,0.5786555949446539,0.0,21.07663305128662,0.0
2014-04-11 02:35:00,18.1878576896,0.0,18.71025848388672,0,0.7032063035143068,0.0,21.07663305128662,0.0
2014-04-11 02:40:00,20.2652915207,0.0,18.37937355041504,0,0.7522039413275632,0.0,21.07663305128662,0.0
2014-04-11 02:45:00,21.053179648,0.0,19.135189056396484,0,0.6494952168038082,0.0,21.07663305128662,0.0
2014-04-11 02:50:00,18.5460120483,0.0,19.3814697265625,0,0.6846632884354,0.0,21.07663305128662,0.0
2014-04-11 02:55:00,18.9146830055,0.0,17.75591468811035,0,0.5438983398881589,0.0,21.07663305128662,0.0
2014-04-11 03:00:00,21.529980420300003,0.0,18.672048568725586,0,0.7247668196925781,0.0,21.07663305128662,0.0
2014-04-11 03:05:00,18.0804868874,0.0,19.51008415222168,0,0.8305139898005618,0.0,21.07663305128662,0.0
2014-04-11 03:10:00,21.010908551300002,0.0,16.909812927246097,0,0.6647103760158206,0.0,21.07663305128662,0.0
2014-04-11 03:15:00,19.8950931701,0.0,20.129680633544922,0,1.0866335758062737,0.0,21.07663305128662,0.0
2014-04-11 03:20:00,19.7870886354,0.0,18.479572296142575,0,0.82175230721875,0.0,21.07663305128662,0.0
2014-04-11 03:25:00,18.02838613,0.0,19.057085037231445,0,0.6279503681791261,0.0,21.07663305128662,0.0
2014-04-11 03:30:00,21.277592923900002,0.0,17.91339874267578,0,0.7697700198772206,0.0,21.07663305128662,0.0
2014-04-11 03:35:00,19.4392996025,0.0,19.560583114624023,0,0.6776573395235101,0.0,21.07663305128662,0.0
2014-04-11 03:40:00,20.1630625252,0.0,17.656383514404297,0,0.49885008076877524,0.0,21.07663305128662,0.0
2014-04-11 03:45:00,20.7092027453,0.0,19.61423110961914,0,0.6860823283439212,0.0,21.07663305128662,0.0
2014-04-11 03:50:00,20.8105183058,0.0,18.891826629638672,0,0.8640246040882085,0.0,21.07663305128662,0.0
2014-04-11 03:55:00,21.8239202353,0.0,19.11737823486328,0,0.6833367909553467,0.0,21.07663305128662,0.0
2014-04-11 04:00:00,20.1253598129,0.0,19.88813018798828,0,1.0283605403843263,0.0,21.07663305128662,0.0
2014-04-11 04:05:00,19.5988782039,0.0,18.469505310058594,0,0.7446793671488283,0.0,21.07663305128662,0.0
2014-04-11 04:10:00,21.814814505999998,0.0,19.443300247192386,0,0.7489795244188966,0.0,21.07663305128662,0.0
2014-04-11 04:15:00,20.5684409401,0.0,19.592998504638672,0,0.8055823472496821,0.0,21.07663305128662,0.0
2014-04-11 04:20:00,19.1926014251,0.0,18.99010467529297,0,0.5891949016277582,0.0,21.07663305128662,0.0
2014-04-11 04:25:00,18.5058569816,0.0,17.996370315551758,0,0.5848532922396723,0.0,21.07663305128662,0.0
2014-04-11 04:30:00,21.3702180059,0.0,18.94253158569336,0,0.5073675137655269,0.0,21.07663305128662,0.0
2014-04-11 04:35:00,19.4487264112,0.0,19.29185104370117,0,0.5143890339404056,0.0,21.07663305128662,0.0
2014-04-11 04:40:00,20.6418788855,0.0,17.812002182006836,0,0.4120681504450934,0.0,21.07663305128662,0.0
2014-04-11 04:45:00,19.8832656775,0.0,19.786691665649414,0,0.7404906446558597,0.0,21.07663305128662,0.0
2014-04-11 04:50:00,18.7957191192,0.0,18.486371994018555,0,0.6466309060749755,0.0,21.07663305128662,0.0
2014-04-11 04:55:00,20.4067464345,0.0,18.65578269958496,0,0.38183849419682625,0.0,21.07663305128662,0.0
2014-04-11 05:00:00,18.242732275799998,0.0,18.79023742675781,0,0.6233451969300292,0.0,21.07663305128662,0.0
2014-04-11 05:05:00,19.6533698395,0.0,17.84524154663086,0,0.3380487528631102,0.0,21.07663305128662,0.0
2014-04-11 05:10:00,20.1864597587,0.0,19.08240509033203,0,0.5339264468221199,0.0,21.07663305128662,0.0
2014-04-11 05:15:00,19.7441878965,0.0,18.682201385498047,0,0.546372379072241,0.0,21.07663305128662,0.0
2014-04-11 05:20:00,20.994688700999998,0.0,18.62901496887207,0,0.4602502260831054,0.0,21.07663305128662,0.0
2014-04-11 05:25:00,21.3116998182,0.0,18.80765151977539,0,0.7924804005458741,0.0,21.07663305128662,0.0
2014-04-11 05:30:00,21.0849722961,0.0,19.917400360107425,0,0.8794704012403076,0.0,21.07663305128662,0.0
2014-04-11 05:35:00,18.155251791199998,0.0,18.970706939697266,0,0.8441069437915272,0.0,21.07663305128662,0.0
2014-04-11 05:40:00,18.7765150818,0.0,18.532316207885746,0,0.8565936393802973,0.0,21.07663305128662,0.0
2014-04-11 05:45:00,20.1464300371,0.0,18.699161529541016,0,0.5914092821035881,0.0,21.07663305128662,0.0
2014-04-11 05:50:00,21.739288161799998,0.0,18.160682678222656,0,0.45931180824538487,0.0,21.07663305128662,0.0
2014-04-11 05:55:00,21.3398271002,0.0,19.59112930297852,0,0.7606910016934809,0.0,21.07663305128662,0.0
2014-04-11 06:00:00,21.3701380334,0.0,18.789146423339844,0,0.6736927774893777,0.0,21.07663305128662,0.0
2014-04-11 06:05:00,19.212832775,0.0,20.2329216003418,0,1.1694454248022454,0.0,21.07663305128662,0.0
2014-04-11 06:10:00,19.7177915883,0.0,18.187841415405273,0,1.0687608985277826,0.0,21.07663305128662,0.0
2014-04-11 06:15:00,19.8828237893,0.0,19.079540252685547,0,0.7495591330299556,0.0,21.07663305128662,0.0
2014-04-11 06:20:00,18.6294863334,0.0,18.76118278503418,0,0.7316302104089116,0.0,21.07663305128662,0.0
2014-04-11 06:25:00,18.124272520999998,0.0,18.141475677490234,0,0.363588992167482,0.0,21.07663305128662,0.0
2014-04-11 06:30:00,21.7876115978,0.0,18.337230682373047,0,0.3102666647041996,0.0,21.07663305128662,0.0
2014-04-11 06:35:00,18.9628503427,0.0,19.223936080932614,0,0.5503205075207283,0.0,21.07663305128662,0.0
2014-04-11 06:40:00,18.9597956149,0.0,17.253412246704098,0,0.3983273780746832,0.0,21.07663305128662,0.0
2014-04-11 06:45:00,18.3335162151,0.0,18.80044174194336,0,0.5951632426448983,0.0,21.07663305128662,0.0
2014-04-11 06:50:00,21.714031007800003,0.0,18.477449417114254,0,0.6903295768664304,0.0,21.07663305128662,0.0
2014-04-11 06:55:00,20.3189484598,0.0,19.946475982666016,0,0.6636046612737796,0.0,21.07663305128662,0.0
2014-04-11 07:00:00,20.6681474285,0.0,18.228551864624023,0,0.5187122431793458,0.0,21.07663305128662,0.0
2014-04-11 07:05:00,21.646307549099998,0.0,19.42911148071289,0,0.648810224375195,0.0,21.07663305128662,0.0
2014-04-11 07:10:00,19.3824806756,0.0,19.486927032470703,0,1.0332307125103521,0.0,21.07663305128662,0.0
2014-04-11 07:15:00,20.4860292446,0.0,18.503225326538086,0,0.5123726827951902,0.0,21.07663305128662,0.0
2014-04-11 07:20:00,18.1551978189,0.0,19.464183807373047,0,0.8430052383994626,0.0,21.07663305128662,0.0
2014-04-11 07:25:00,18.7470901129,0.0,17.70147132873535,0,0.6149928227175536,0.0,21.07663305128662,0.0
2014-04-11 07:30:00,21.3249832204,0.0,18.954177856445312,0,0.4017860694094728,0.0,21.07663305128662,0.0
2014-04-11 07:35:00,21.0670734254,0.0,18.765771865844727,0,0.7545336191191896,0.0,21.07663305128662,0.0
2014-04-11 07:40:00,19.4025707658,0.0,18.945899963378906,0,0.8302383932116211,0.0,21.07663305128662,0.0
2014-04-11 07:45:00,19.5072425111,0.0,17.776853561401367,0,0.771799563761963,0.0,21.07663305128662,0.0
2014-04-11 07:50:00,20.1342177342,0.0,19.5766716003418,0,0.8573958344537109,0.0,21.07663305128662,0.0
2014-04-11 07:55:00,18.0009640187,0.0,18.537158966064453,0,0.6263330986843751,0.0,21.07663305128662,0.0
2014-04-11 08:00:00,18.9649773442,0.0,17.731250762939453,0,0.40569477216052263,0.0,21.07663305128662,0.0
2014-04-11 08:05:00,18.8329272344,0.0,19.07819366455078,0,0.5072320765227292,0.0,21.07663305128662,0.0
2014-04-11 08:10:00,19.001931787,0.0,17.43502426147461,0,0.21524213593559516,0.0,21.07663305128662,0.0
2014-04-11 08:15:00,21.2236233701,0.0,18.39913558959961,0,0.34141230989399407,0.0,21.07663305128662,0.0
2014-04-11 08:20:00,19.1186954262,0.0,18.722999572753906,0,0.7337985396796389,0.0,21.07663305128662,0.0
2014-04-11 08:25:00,18.7660852882,0.0,18.173376083374023,0,0.629044698702832,0.0,21.07663305128662,0.0
2014-04-11 08:30:00,20.0170538432,0.0,18.65799903869629,0,0.6724750455372313,0.0,21.07663305128662,0.0
2014-04-11 08:35:00,21.4625801455,0.0,19.100778579711914,0,0.6464934554095212,0.0,21.07663305128662,0.0
2014-04-11 08:40:00,18.9653988154,0.0,19.22460174560547,0,0.5468210171314936,0.0,21.07663305128662,0.0
2014-04-11 08:45:00,18.314144971199998,0.0,17.594999313354492,0,0.5142815059897212,0.0,21.07663305128662,0.0
2014-04-11 08:50:00,19.4256189434,0.0,18.78561019897461,0,0.5874006197928461,0.0,21.07663305128662,0.0
2014-04-11 08:55:00,20.9906072983,0.0,18.012746810913086,0,0.4975198622830561,0.0,21.07663305128662,0.0
2014-04-11 09:00:00,68.6893914078,0.0,18.96565818786621,0,0.5745272274829096,0.0,21.07663305128662,0.0
2014-04-11 09:05:00,72.3083898262,0.0,53.47988891601562,0,6.71258151647605,0.0,21.07663305128662,0.0
2014-04-11 09:10:00,74.2504532075,0.0,58.09574890136719,0,4.764479173664357,0.0,21.07663305128662,0.0
2014-04-11 09:15:00,71.9802096838,0.0,66.78990173339844,0,6.322457165071339,0.0,21.07663305128662,0.0
2014-04-11 09:20:00,69.41172187229999,0.0,68.94779205322266,0,11.237155798331568,0.0,21.07663305128662,0.0
2014-04-11 09:25:00,67.9094455975,0.0,67.77019500732422,0,5.0796803732245115,0.0,21.07663305128662,0.0
2014-04-11 09:30:00,61.744939574300005,0.0,64.04955291748047,0,2.743524083223436,0.0,21.07663305128662,0.0
2014-04-11 09:35:00,74.5867789119,0.0,64.71810913085939,0,1.0122627128543922,0.0,21.07663305128662,0.0
2014-04-11 09:40:00,66.415343267,0.0,68.04657745361328,0,1.5970579416842732,0.0,21.07663305128662,0.0
2014-04-11 09:45:00,63.2703037093,0.0,63.31855010986328,0,1.6985586418519532,0.0,21.07663305128662,0.0
2014-04-11 09:50:00,70.2672404334,0.0,61.24626922607422,0,1.687183118150391,0.0,21.07663305128662,0.0
2014-04-11 09:55:00,65.0663207317,0.0,62.387657165527344,0,2.5711401969428698,0.0,21.07663305128662,0.0
2014-04-11 10:00:00,78.9312787648,0.0,70.35984802246094,0,1.672389420084376,0.0,21.07663305128662,0.0
2014-04-11 10:05:00,78.9466379297,0.0,71.34304809570312,0,2.114061631215331,0.0,21.07663305128662,0.0
2014-04-11 10:10:00,76.7577268204,0.0,77.42721557617188,0,3.484331918729298,0.0,21.07663305128662,0.0
2014-04-11 10:15:00,82.8165609133,0.0,72.24269104003906,0,2.2186665794163094,0.0,21.07663305128662,0.0
2014-04-11 10:20:00,73.95228879529999,0.0,74.2791748046875,0,3.427297400671094,0.0,21.07663305128662,0.0
2014-04-11 10:25:00,76.8027778219,0.0,75.7134780883789,0,1.9623634614431644,0.0,21.07663305128662,0.0
2014-04-11 10:30:00,78.1849818357,0.0,71.75318145751953,0,1.1480771988836906,0.0,21.07663305128662,0.0
2014-04-11 10:35:00,80.1394556663,0.0,78.47737121582031,0,2.3027319992937496,0.0,21.07663305128662,0.0
2014-04-11 10:40:00,82.0072431198,0.0,72.28620910644531,0,0.9895312330958994,0.0,21.07663305128662,0.0
2014-04-11 10:45:00,75.9674090303,0.0,73.0166015625,0,2.2268004927320284,0.0,21.07663305128662,0.0
2014-04-11 10:50:00,79.8666485724,0.0,73.97010803222656,0,2.281970515536816,0.0,21.07663305128662,0.0
2014-04-11 10:55:00,72.1774819916,0.0,70.7296142578125,0,2.2150630357859367,0.0,21.07663305128662,0.0
2014-04-11 11:00:00,86.400835391,0.0,74.0356674194336,0,2.502031219389453,0.0,21.07663305128662,0.0
2014-04-11 11:05:00,77.66016725729999,0.0,73.27732849121094,0,2.8325479641659186,0.0,21.07663305128662,0.0
2014-04-11 11:10:00,83.1703086951,0.0,75.22576141357422,0,3.0115518764520495,0.0,21.07663305128662,0.0
2014-04-11 11:15:00,71.8915045663,0.0,76.49901580810547,0,3.2449908454886707,0.0,21.07663305128662,0.0
2014-04-11 11:20:00,74.83129632079998,0.0,71.39204406738281,0,3.662508157623339,0.0,21.07663305128662,0.0
2014-04-11 11:25:00,79.3145607849,0.0,74.58103942871094,0,2.178406281142964,0.0,21.07663305128662,0.0
2014-04-11 11:30:00,85.53572724680001,0.0,72.07564544677734,0,2.2544121588158177,0.0,21.07663305128662,0.0
2014-04-11 11:35:00,79.9534659048,0.0,77.74337768554688,0,2.9438539736279274,0.0,21.07663305128662,0.0
2014-04-11 11:40:00,86.3566601504,0.0,77.14342498779297,0,2.2523476124235273,0.0,21.07663305128662,0.0
2014-04-11 11:45:00,79.2623058433,0.0,77.02876281738281,0,3.702115817258985,0.0,21.07663305128662,0.0
2014-04-11 11:50:00,79.3681024345,0.0,77.79473876953125,0,3.389618525975001,0.0,21.07663305128662,0.0
2014-04-11 11:55:00,73.4724529243,0.0,73.61674499511719,0,1.903778759093262,0.0,21.07663305128662,0.0
2014-04-11 12:00:00,84.7406889065,0.0,77.7488021850586,0,1.64555424053877,0.0,21.07663305128662,0.0
2014-04-11 12:05:00,75.86030486359999,0.0,74.61627960205078,0,1.367885685393066,0.0,21.07663305128662,0.0
2014-04-11 12:10:00,86.2901272702,0.0,76.98567199707031,0,1.2441959648470693,0.0,21.07663305128662,0.0
2014-04-11 12:15:00,86.46929970030001,0.0,74.36283874511719,0,2.2105824158671865,0.0,21.07663305128662,0.0
2014-04-11 12:20:00,86.9884502358,0.0,77.1500244140625,0,3.7058535264128913,0.0,21.07663305128662,0.0
2014-04-11 12:25:00,80.2272994003,0.0,78.87290954589844,0,4.020582809701857,0.0,21.07663305128662,0.0
2014-04-11 12:30:00,82.7341003559,0.0,79.65403747558594,0,4.075466488056447,0.0,21.07663305128662,0.0
2014-04-11 12:35:00,84.35490657609999,0.0,79.37257385253906,0,3.2974174389544935,0.0,21.07663305128662,0.0
2014-04-11 12:40:00,74.0073184177,0.0,78.05181121826172,0,2.4069014100017565,0.0,21.07663305128662,0.0
2014-04-11 12:45:00,81.5173767418,0.0,75.30996704101562,0,1.6826597823547829,0.0,21.07663305128662,0.0
2014-04-11 12:50:00,72.4617079011,0.0,76.56478881835938,0,2.2892872631526355,0.0,21.07663305128662,0.0
2014-04-11 12:55:00,79.8651040654,0.0,72.68379974365234,0,2.4171645177708,0.0,21.07663305128662,0.0
2014-04-11 13:00:00,74.45960831,0.0,76.64949035644531,0,2.212890688952246,0.0,21.07663305128662,0.0
2014-04-11 13:05:00,74.9087843914,0.0,72.80178833007812,0,1.9922597769995143,0.0,21.07663305128662,0.0
2014-04-11 13:10:00,77.82207928439999,0.0,76.43399047851562,0,1.41320031375127,0.0,21.07663305128662,0.0
2014-04-11 13:15:00,78.9000541087,0.0,73.42503356933594,0,1.608283904424903,0.0,21.07663305128662,0.0
2014-04-11 13:20:00,81.9510858104,0.0,76.69609832763672,0,1.394998431626954,0.0,21.07663305128662,0.0
2014-04-11 13:25:00,73.1732888899,0.0,74.46955108642578,0,1.712609648886426,0.0,21.07663305128662,0.0
2014-04-11 13:30:00,80.0398540034,0.0,75.47382354736328,0,1.676794878067188,0.0,21.07663305128662,0.0
2014-04-11 13:35:00,74.9040208035,0.0,76.77403259277344,0,2.0740375843362315,0.0,21.07663305128662,0.0
2014-04-11 13:40:00,81.1641187358,0.0,72.7909164428711,0,1.6234114905749024,0.0,21.07663305128662,0.0
2014-04-11 13:45:00,82.1787461625,0.0,77.62411499023438,0,2.0131883418456056,0.0,21.07663305128662,0.0
2014-04-11 13:50:00,80.8879303413,0.0,73.88849639892578,0,2.0804726904712894,0.0,21.07663305128662,0.0
2014-04-11 13:55:00,83.7926131129,0.0,79.05097961425781,0,2.384648126263478,0.0,21.07663305128662,0.0
2014-04-11 14:00:00,77.36603416,0.0,74.7596435546875,0,3.083612613276369,0.0,21.07663305128662,0.0
2014-04-11 14:05:00,84.23766186430001,0.0,77.09046173095703,0,2.3627611523243175,0.0,21.07663305128662,0.0
2014-04-11 14:10:00,78.9204849422,0.0,75.91780090332031,0,2.686832272458986,0.0,21.07663305128662,0.0
2014-04-11 14:15:00,79.7431241195,0.0,76.05403900146484,0,2.1872385345221694,0.0,21.07663305128662,0.0
2014-04-11 14:20:00,82.3656802937,0.0,77.85205078125,0,2.05566998694629,0.0,21.07663305128662,0.0
2014-04-11 14:25:00,72.29026404470001,0.0,73.91455841064453,0,2.294074850338477,0.0,21.07663305128662,0.0
2014-04-11 14:30:00,82.4599492752,0.0,75.96151733398438,0,1.6037116294136702,0.0,21.07663305128662,0.0
2014-04-11 14:35:00,81.8934313118,0.0,72.54415130615234,0,2.040680117205662,0.0,21.07663305128662,0.0
2014-04-11 14:40:00,76.9538599055,0.0,77.88427734375,0,2.7482044781572252,0.0,21.07663305128662,0.0
2014-04-11 14:45:00,73.3691866684,0.0,75.77882385253906,0,1.8830847818039036,0.0,21.07663305128662,0.0
2014-04-11 14:50:00,73.45144136020001,0.0,74.407958984375,0,2.3984708211565433,0.0,21.07663305128662,0.0
2014-04-11 14:55:00,86.7674149159,0.0,74.7522201538086,0,1.6812529296260728,0.0,21.07663305128662,0.0
2014-04-11 15:00:00,83.0276720663,0.0,71.78458404541016,0,2.014492274181542,0.0,21.07663305128662,0.0
2014-04-11 15:05:00,74.0329310974,0.0,79.2039794921875,0,3.328054698911913,0.0,21.07663305128662,0.0
2014-04-11 15:10:00,77.7068247163,0.0,75.36720275878906,0,2.5602912656482424,0.0,21.07663305128662,0.0
2014-04-11 15:15:00,81.478945697,0.0,76.34490966796875,0,3.2969713074963867,0.0,21.07663305128662,0.0
2014-04-11 15:20:00,85.3683277376,0.0,75.98998260498047,0,2.807780979413671,0.0,21.07663305128662,0.0
2014-04-11 15:25:00,72.6978769531,0.0,73.96855163574219,0,2.7528814392436534,0.0,21.07663305128662,0.0
2014-04-11 15:30:00,75.7854025567,0.0,78.17212677001953,0,2.265334725225488,0.0,21.07663305128662,0.0
2014-04-11 15:35:00,86.2351559793,0.0,74.73690795898438,0,2.2712225072015606,0.0,21.07663305128662,0.0
2014-04-11 15:40:00,72.1459561951,0.0,75.26713562011719,0,3.066749006112108,0.0,21.07663305128662,0.0
2014-04-11 15:45:00,75.2216635098,0.0,72.84407806396484,0,2.1078357502227547,0.0,21.07663305128662,0.0
2014-04-11 15:50:00,87.34354830950001,0.0,72.66888427734375,0,1.9329703428295897,0.0,21.07663305128662,0.0
2014-04-11 15:55:00,81.8136441258,0.0,78.43315887451172,0,3.898365171563576,0.0,21.07663305128662,0.0
2014-04-11 16:00:00,76.1865955877,0.0,76.12313079833984,0,2.332869401576856,0.0,21.07663305128662,0.0
2014-04-11 16:05:00,73.0717172124,0.0,75.5753402709961,0,2.1605880192410147,0.0,21.07663305128662,0.0
2014-04-11 16:10:00,72.4509223411,0.0,74.91027069091797,0,2.5777796414250975,0.0,21.07663305128662,0.0
2014-04-11 16:15:00,75.9157755156,0.0,70.99516296386719,0,1.0441383982110342,0.0,21.07663305128662,0.0
2014-04-11 16:20:00,86.1036077942,0.0,74.23361206054688,0,1.111205689193456,0.0,21.07663305128662,0.0
2014-04-11 16:25:00,78.65446745189999,0.0,74.37548828125,0,2.41876188788164,0.0,21.07663305128662,0.0
2014-04-11 16:30:00,83.525173538,0.0,76.11349487304688,0,2.7005462332129877,0.0,21.07663305128662,0.0
2014-04-11 16:35:00,86.6923941164,0.0,77.83238220214844,0,3.510728425761915,0.0,21.07663305128662,0.0
2014-04-11 16:40:00,78.5284966106,0.0,75.81312561035156,0,4.0525831854384755,0.0,21.07663305128662,0.0
2014-04-11 16:45:00,75.06029382060001,0.0,77.65542602539062,0,2.9082550937628895,0.0,21.07663305128662,0.0
2014-04-11 16:50:00,80.2737327678,0.0,76.67637634277344,0,2.5394711227748026,0.0,21.07663305128662,0.0
2014-04-11 16:55:00,86.5291728566,0.0,77.00187683105469,0,2.0626808427839816,0.0,21.07663305128662,0.0
2014-04-11 17:00:00,84.8699580361,0.0,75.27149963378906,0,2.2504595087402333,0.0,21.07663305128662,0.0
2014-04-11 17:05:00,73.0532494414,0.0,76.28555297851562,0,3.1647803822091785,0.0,21.07663305128662,0.0
2014-04-11 17:10:00,83.08113289810001,0.0,76.07212829589844,0,3.2444267987498048,0.0,21.07663305128662,0.0
2014-04-11 17:15:00,81.1503291976,0.0,75.15458679199219,0,3.670882820896681,0.0,21.07663305128662,0.0
2014-04-11 17:20:00,86.5193775981,0.0,78.0672378540039,0,3.229438618404494,0.0,21.07663305128662,0.0
2014-04-11 17:25:00,73.95967426909999,0.0,76.89938354492188,0,3.0861487861276373,0.0,21.07663305128662,0.0
2014-04-11 17:30:00,80.54454688220001,0.0,77.3646469116211,0,3.0495745034659194,0.0,21.07663305128662,0.0
2014-04-11 17:35:00,86.07137004479998,0.0,76.62902069091797,0,2.5709364245130875,0.0,21.07663305128662,0.0
2014-04-11 17:40:00,78.56035042069999,0.0,74.91156005859375,0,3.0017622930473618,0.0,21.07663305128662,0.0
2014-04-11 17:45:00,79.7118880743,0.0,76.84532165527344,0,2.401343620298631,0.0,21.07663305128662,0.0
2014-04-11 17:50:00,73.12734276180001,0.0,76.7485122680664,0,2.3922007631992166,0.0,21.07663305128662,0.0
2014-04-11 17:55:00,76.4502688903,0.0,77.65717315673828,0,2.447359455160152,0.0,21.07663305128662,0.0
2014-04-11 18:00:00,30.8768366263,0.0,74.58872985839844,0,1.4179288192296866,0.0,21.07663305128662,0.0
2014-04-11 18:05:00,34.848776981,0.0,44.81710815429688,0,6.425816677978711,0.0,21.07663305128662,0.0
2014-04-11 18:10:00,30.6090652305,0.0,46.09701919555664,0,3.8247769382375005,0.0,21.07663305128662,0.0
2014-04-11 18:15:00,31.749553809800002,0.0,34.55895233154297,0,5.308124995586281,0.0,21.07663305128662,0.0
2014-04-11 18:20:00,33.0963419563,0.0,37.0172119140625,0,8.960969030342238,0.0,21.07663305128662,0.0
2014-04-11 18:25:00,29.837967854499997,0.0,32.639259338378906,0,3.9870911210502444,0.0,21.07663305128662,0.0
2014-04-11 18:30:00,31.9132251504,0.0,35.32106018066406,0,3.127439241055127,0.0,21.07663305128662,0.0
2014-04-11 18:35:00,33.526643415500004,0.0,32.02205276489258,0,1.6174243742060548,0.0,21.07663305128662,0.0
2014-04-11 18:40:00,34.3478667686,0.0,33.773178100585945,0,1.3000217469425301,0.0,21.07663305128662,0.0
2014-04-11 18:45:00,32.8080530587,0.0,36.331146240234375,0,0.8923971852169434,0.0,21.07663305128662,0.0
2014-04-11 18:50:00,33.0819361463,0.0,31.873823165893555,0,0.982622397423877,0.0,21.07663305128662,0.0
2014-04-11 18:55:00,29.6082085398,0.0,37.45045852661133,0,0.734593460067579,0.0,21.07663305128662,0.0
2014-04-11 19:00:00,24.3970773693,0.0,21.93675994873047,0,1.567820124959081,0.0,21.07663305128662,0.0
2014-04-11 19:05:00,20.7539307286,0.0,25.73597717285156,0,1.8792216961652106,0.0,21.07663305128662,0.0
2014-04-11 19:10:00,23.6305334623,0.0,20.12954330444336,0,2.061590854004858,0.0,21.07663305128662,0.0
2014-04-11 19:15:00,21.3463759506,0.0,23.441692352294922,0,1.9708555991182126,0.0,21.07663305128662,0.0
2014-04-11 19:20:00,24.3424959484,0.0,20.2160758972168,0,0.8384702699972166,0.0,21.07663305128662,0.0
2014-04-11 19:25:00,23.3854174535,0.0,18.928237915039066,0,1.3814993853724595,0.0,21.07663305128662,0.0
2014-04-11 19:30:00,23.537084143,0.0,18.294452667236328,0,1.6556434368578117,0.0,21.07663305128662,0.0
2014-04-11 19:35:00,21.1413839356,0.0,16.26112174987793,0,1.983159071038476,0.0,21.07663305128662,0.0
2014-04-11 19:40:00,22.144817880500003,0.0,18.49016761779785,0,2.3383116563912347,0.0,21.07663305128662,0.0
2014-04-11 19:45:00,22.927801854000002,0.0,19.19322204589844,0,2.2793404328311038,0.0,21.07663305128662,0.0
2014-04-11 19:50:00,23.6094805144,0.0,19.149507522583008,0,2.189015466536182,0.0,21.07663305128662,0.0
2014-04-11 19:55:00,20.6257368726,0.0,19.4454288482666,0,2.091183156042847,0.0,21.07663305128662,0.0
2014-04-11 20:00:00,22.3738480677,0.0,17.886505126953125,0,1.6286888858692632,0.0,21.07663305128662,0.0
2014-04-11 20:05:00,22.078343601700002,0.0,19.008419036865234,0,1.7327754706248535,0.0,21.07663305128662,0.0
2014-04-11 20:10:00,19.5393475922,0.0,18.933712005615234,0,1.6496935652165043,0.0,21.07663305128662,0.0
2014-04-11 20:15:00,21.8020256938,0.0,17.85125160217285,0,1.1679013895624757,0.0,21.07663305128662,0.0
2014-04-11 20:20:00,20.5550545421,0.0,20.395633697509766,0,1.5142096479741944,0.0,21.07663305128662,0.0
2014-04-11 20:25:00,20.3235591046,0.0,18.076494216918945,0,0.8661836227908934,0.0,21.07663305128662,0.0
2014-04-11 20:30:00,19.7199218608,0.0,18.598026275634766,0,0.7633261631466794,0.0,21.07663305128662,0.0
2014-04-11 20:35:00,20.8116470811,0.0,17.741296768188477,0,0.8684490947716794,0.0,21.07663305128662,0.0
2014-04-11 20:40:00,21.4216255691,0.0,19.03326416015625,0,0.758396122432226,0.0,21.07663305128662,0.0
2014-04-11 20:45:00,20.1151809373,0.0,19.070289611816406,0,1.1034590243376954,0.0,21.07663305128662,0.0
2014-04-11 20:50:00,21.0092815625,0.0,19.265405654907227,0,0.9531873290630126,0.0,21.07663305128662,0.0
2014-04-11 20:55:00,21.2963854695,0.0,19.32969665527344,0,1.030934869366455,0.0,21.07663305128662,0.0
2014-04-11 21:00:00,20.9445407557,0.0,19.3812255859375,0,0.8929771820308345,0.0,21.07663305128662,0.0
2014-04-11 21:05:00,18.2952620969,0.0,19.15885162353516,0,0.7898464021331781,0.0,21.07663305128662,0.0
2014-04-11 21:10:00,21.5418983279,0.0,17.85764503479004,0,0.7671836772771239,0.0,21.07663305128662,0.0
2014-04-11 21:15:00,19.928211674,0.0,20.735130310058594,0,1.0097308504667724,0.0,21.07663305128662,0.0
2014-04-11 21:20:00,19.1411026687,0.0,17.743988037109375,0,0.5597760515509527,0.0,21.07663305128662,0.0
2014-04-11 21:25:00,19.058099861800002,0.0,18.95719146728516,0,0.5390009842794683,0.0,21.07663305128662,0.0
2014-04-11 21:30:00,20.0277302734,0.0,18.1313591003418,0,0.7486493694092529,0.0,21.07663305128662,0.0
2014-04-11 21:35:00,21.6507532705,0.0,18.994287490844727,0,0.5251641044027826,0.0,21.07663305128662,0.0
2014-04-11 21:40:00,19.6070545523,0.0,19.296268463134766,0,0.7563574973523677,0.0,21.07663305128662,0.0
2014-04-11 21:45:00,21.0996976699,0.0,18.3891658782959,0,0.5610242792155029,0.0,21.07663305128662,0.0
2014-04-11 21:50:00,18.4755337984,0.0,20.153484344482425,0,0.946769354185351,0.0,21.07663305128662,0.0
2014-04-11 21:55:00,19.9997670484,0.0,17.730138778686523,0,0.8168749427215336,0.0,21.07663305128662,0.0
2014-04-11 22:00:00,21.9878326256,0.0,19.543336868286133,0,0.577991097728809,0.0,21.07663305128662,0.0
2014-04-11 22:05:00,21.101989682,0.0,18.95818328857422,0,0.9128832592703606,0.0,21.07663305128662,0.0
2014-04-11 22:10:00,18.8602023739,0.0,19.77654457092285,0,0.9335097370811769,0.0,21.07663305128662,0.0
2014-04-11 22:15:00,20.0249714202,0.0,18.212642669677734,0,0.9108874940547844,0.0,21.07663305128662,0.0
2014-04-11 22:20:00,18.9526761644,0.0,19.57926177978516,0,0.7702356356876705,0.0,21.07663305128662,0.0
2014-04-11 22:25:00,19.657096413399998,0.0,17.548540115356445,0,0.4821041584355714,0.0,21.07663305128662,0.0
2014-04-11 22:30:00,21.1406116072,0.0,18.615686416625977,0,0.5113991840850818,0.0,21.07663305128662,0.0
2014-04-11 22:35:00,21.105140754100002,0.0,19.803686141967773,0,0.8840494818156253,0.0,21.07663305128662,0.0
2014-04-11 22:40:00,18.9305574078,0.0,18.79283332824707,0,0.6440851522668711,0.0,21.07663305128662,0.0
2014-04-11 22:45:00,21.7097145995,0.0,18.697153091430664,0,0.7407588064668698,0.0,21.07663305128662,0.0
2014-04-11 22:50:00,20.3898281829,0.0,19.57186317443848,0,0.8720831737910646,0.0,21.07663305128662,0.0
2014-04-11 22:55:00,19.5384360635,0.0,18.52858161926269,0,0.5785499301971915,0.0,21.07663305128662,0.0
2014-04-11 23:00:00,20.0115838077,0.0,19.18685531616211,0,0.5420999092103265,0.0,21.07663305128662,0.0
2014-04-11 23:05:00,20.4242057065,0.0,19.465534210205078,0,0.7081386815382569,0.0,21.07663305128662,0.0
2014-04-11 23:10:00,20.243448121300002,0.0,18.81573867797852,0,0.4514024300664552,0.0,21.07663305128662,0.0
2014-04-11 23:15:00,19.9494496993,0.0,18.43096160888672,0,0.5276204844239505,0.0,21.07663305128662,0.0
2014-04-11 23:20:00,20.0235750028,0.0,18.753734588623047,0,0.5911996901959471,0.0,21.07663305128662,0.0
2014-04-11 23:25:00,18.7092391242,0.0,18.930540084838867,0,0.6468386805258302,0.0,21.07663305128662,0.0
2014-04-11 23:30:00,21.255011794,0.0,18.32723617553711,0,0.5391663412299552,0.0,21.07663305128662,0.0
2014-04-11 23:35:00,20.1709133497,0.0,19.99002456665039,0,0.7421756354614994,0.0,21.07663305128662,0.0
2014-04-11 23:40:00,18.5278761143,0.0,17.92744255065918,0,0.4148775417347417,0.0,21.07663305128662,0.0
2014-04-11 23:45:00,21.0686728129,0.0,18.58678436279297,0,0.3312016854177249,0.0,21.07663305128662,0.0
2014-04-11 23:50:00,21.7339480283,0.0,19.54942321777344,0,0.7738733019075443,0.0,21.07663305128662,0.0
2014-04-11 23:55:00,21.7934111265,0.0,19.293445587158203,0,0.5680006251045646,0.0,21.07663305128662,0.0
2014-04-12 00:00:00,19.4760709296,0.0,19.520587921142575,0,0.857885219641088,0.0,21.07663305128662,0.0
2014-04-12 00:05:00,18.5420674942,0.0,19.028362274169922,0,0.8921929379180651,0.0,21.07663305128662,0.0
2014-04-12 00:10:00,20.0735985065,0.0,18.807544708251953,0,0.6427437291509261,0.0,21.07663305128662,0.0
2014-04-12 00:15:00,18.4504369174,0.0,18.60221672058105,0,0.5371038886377928,0.0,21.07663305128662,0.0
2014-04-12 00:20:00,21.7359496741,0.0,17.873149871826172,0,0.24358067161769936,0.0,21.07663305128662,0.0
2014-04-12 00:25:00,18.7343185094,0.0,19.594696044921875,0,0.7208660229591057,0.0,21.07663305128662,0.0
2014-04-12 00:30:00,19.0110634398,0.0,17.99944496154785,0,0.6245939764628656,0.0,21.07663305128662,0.0
2014-04-12 00:35:00,19.6265461075,0.0,18.74249649047852,0,0.5771015630046628,0.0,21.07663305128662,0.0
2014-04-12 00:40:00,19.5326578742,0.0,18.06640625,0,0.8263334314988517,0.0,21.07663305128662,0.0
2014-04-12 00:45:00,21.1786515696,0.0,18.63638687133789,0,0.5267649092396236,0.0,21.07663305128662,0.0
2014-04-12 00:50:00,19.8252672822,0.0,19.248458862304688,0,0.7380230522169677,0.0,21.07663305128662,0.0
2014-04-12 00:55:00,18.68307304,0.0,19.247486114501953,0,0.683671794922363,0.0,21.07663305128662,0.0
2014-04-12 01:00:00,19.0688395819,0.0,18.05124855041504,0,0.6437172271074219,0.0,21.07663305128662,0.0
2014-04-12 01:05:00,20.0364535408,0.0,18.17953109741211,0,0.5876346530180419,0.0,21.07663305128662,0.0
2014-04-12 01:10:00,18.589815669700002,0.0,18.74820899963379,0,0.5019668711587646,0.0,21.07663305128662,0.0
2014-04-12 01:15:00,20.4466227026,0.0,17.333852767944336,0,0.3299090068635744,0.0,21.07663305128662,0.0
2014-04-12 01:20:00,20.2629892262,0.0,20.360355377197266,0,0.7682095924327879,0.0,21.07663305128662,0.0
2014-04-12 01:25:00,20.8588092655,0.0,17.96766471862793,0,0.4318640189346681,0.0,21.07663305128662,0.0
2014-04-12 01:30:00,21.7508184615,0.0,19.197385787963867,0,0.5611417818701905,0.0,21.07663305128662,0.0
2014-04-12 01:35:00,21.6490182444,0.0,19.304967880249023,0,1.0818391632576416,0.0,21.07663305128662,0.0
2014-04-12 01:40:00,21.7843024723,0.0,19.63899803161621,0,0.9857492169445559,0.0,21.07663305128662,0.0
2014-04-12 01:45:00,18.978862388099998,0.0,20.32906150817871,0,1.241741503155371,0.0,21.07663305128662,0.0
2014-04-12 01:50:00,18.526261226600003,0.0,18.38130187988281,0,1.0491233248062013,0.0,21.07663305128662,0.0
2014-04-12 01:55:00,19.209106802,0.0,18.614103317260746,0,0.7480641589538339,0.0,21.07663305128662,0.0
2014-04-12 02:00:00,21.5803406911,0.0,17.933120727539062,0,0.5294332990273687,0.0,21.07663305128662,0.0
2014-04-12 02:05:00,21.8882138985,0.0,19.5391845703125,0,0.7171727393870126,0.0,21.07663305128662,0.0
2014-04-12 02:10:00,21.4372998043,0.0,19.060142517089844,0,0.693275644215797,0.0,21.07663305128662,0.0
2014-04-12 02:15:00,18.4400708845,0.0,20.015134811401367,0,1.0797915369231688,0.0,21.07663305128662,0.0
2014-04-12 02:20:00,21.789711992199997,0.0,18.051353454589844,0,1.2435588132324953,0.0,21.07663305128662,0.0
2014-04-12 02:25:00,19.6934321094,0.0,20.431400299072266,0,1.254951134988647,0.0,21.07663305128662,0.0
2014-04-12 02:30:00,18.037241163,0.0,18.056398391723636,0,0.7855399491023678,0.0,21.07663305128662,0.0
2014-04-12 02:35:00,19.769574963,0.0,18.549747467041016,0,0.5099023085418946,0.0,21.07663305128662,0.0
2014-04-12 02:40:00,18.184276678699998,0.0,19.40349578857422,0,0.7144139314956299,0.0,21.07663305128662,0.0
2014-04-12 02:45:00,20.1755116846,0.0,17.10666275024414,0,0.35686625084211476,0.0,21.07663305128662,0.0
2014-04-12 02:50:00,19.3542161097,0.0,18.635517120361328,0,0.6305256962502686,0.0,21.07663305128662,0.0
2014-04-12 02:55:00,19.8937397344,0.0,18.00958251953125,0,0.615276769052246,0.0,21.07663305128662,0.0
2014-04-12 03:00:00,20.452681443,0.0,19.36825180053711,0,0.8049604758470217,0.0,21.07663305128662,0.0
2014-04-12 03:05:00,21.4752043833,0.0,19.06739616394043,0,0.8427623862736331,0.0,21.07663305128662,0.0
2014-04-12 03:10:00,20.6476063059,0.0,19.945343017578125,0,0.7601322968990969,0.0,21.07663305128662,0.0
2014-04-12 03:15:00,19.7361954739,0.0,18.15045738220215,0,0.7469314748321043,0.0,21.07663305128662,0.0
2014-04-12 03:20:00,21.2777114147,0.0,19.44436454772949,0,0.7225299052302732,0.0,21.07663305128662,0.0
2014-04-12 03:25:00,21.6223285503,0.0,19.51278686523437,0,0.8161445582937259,0.0,21.07663305128662,0.0
2014-04-12 03:30:00,18.4790398657,0.0,19.397876739501953,0,0.7788612415069833,0.0,21.07663305128662,0.0
2014-04-12 03:35:00,20.1277319102,0.0,18.333311080932614,0,0.8059329396919934,0.0,21.07663305128662,0.0
2014-04-12 03:40:00,19.138047839000002,0.0,19.119823455810547,0,0.8320182818881854,0.0,21.07663305128662,0.0
2014-04-12 03:45:00,18.1882447915,0.0,18.341651916503906,0,0.5250300226517348,0.0,21.07663305128662,0.0
2014-04-12 03:50:00,20.6741867805,0.0,17.391487121582028,0,0.28051320264401935,0.0,21.07663305128662,0.0
2014-04-12 03:55:00,21.4510831098,0.0,19.473129272460934,0,0.6560939995473403,0.0,21.07663305128662,0.0
2014-04-12 04:00:00,18.6516106179,0.0,18.921016693115234,0,0.5184250654361833,0.0,21.07663305128662,0.0
2014-04-12 04:05:00,21.2496546305,0.0,17.920433044433594,0,0.5498227769394055,0.0,21.07663305128662,0.0
2014-04-12 04:10:00,21.413582934100003,0.0,20.349315643310547,0,1.1074101446923348,0.0,21.07663305128662,0.0
2014-04-12 04:15:00,21.657361770700003,0.0,18.81405258178711,0,0.6178929704999518,0.0,21.07663305128662,0.0
2014-04-12 04:20:00,19.0611403563,0.0,19.836864471435547,0,0.7260623894466804,0.0,21.07663305128662,0.0
2014-04-12 04:25:00,21.6158122608,0.0,18.903648376464844,0,0.8405433617367195,0.0,21.07663305128662,0.0
2014-04-12 04:30:00,19.2826510189,0.0,20.23990249633789,0,0.763411149020313,0.0,21.07663305128662,0.0
2014-04-12 04:35:00,20.2093520538,0.0,17.935779571533203,0,0.7637108157229493,0.0,21.07663305128662,0.0
2014-04-12 04:40:00,18.2020298833,0.0,19.222023010253906,0,0.6547246839674803,0.0,21.07663305128662,0.0
2014-04-12 04:45:00,18.1755243535,0.0,17.55441665649414,0,0.5509950510036132,0.0,21.07663305128662,0.0
2014-04-12 04:50:00,20.8814928509,0.0,18.451414108276367,0,0.36189413196279263,0.0,21.07663305128662,0.0
2014-04-12 04:55:00,19.7779199119,0.0,19.104602813720703,0,0.7930940061062741,0.0,21.07663305128662,0.0
2014-04-12 05:00:00,19.025169501500002,0.0,17.865800857543945,0,0.5458997142618407,0.0,21.07663305128662,0.0
2014-04-12 05:05:00,18.7616539841,0.0,18.480262756347656,0,0.5633216538871095,0.0,21.07663305128662,0.0
2014-04-12 05:10:00,20.6798139634,0.0,18.340715408325195,0,0.5450091884165036,0.0,21.07663305128662,0.0
2014-04-12 05:15:00,18.001606176099997,0.0,19.50226593017578,0,0.5336366649729003,0.0,21.07663305128662,0.0
2014-04-12 05:20:00,21.223564676800002,0.0,16.789772033691403,0,0.5674882793479012,0.0,21.07663305128662,0.0
2014-04-12 05:25:00,18.3169984245,0.0,20.78772735595703,0,0.9406880777835704,0.0,21.07663305128662,0.0
2014-04-12 05:30:00,18.7659584596,0.0,16.940921783447266,0,0.9543808728759529,0.0,21.07663305128662,0.0
2014-04-12 05:35:00,19.5449455812,0.0,18.99045181274414,0,0.7936805668166023,0.0,21.07663305128662,0.0
2014-04-12 05:40:00,19.9394349589,0.0,17.92955207824707,0,0.8780867158255381,0.0,21.07663305128662,0.0
2014-04-12 05:45:00,19.4199804633,0.0,18.485183715820312,0,0.8294594468453371,0.0,21.07663305128662,0.0
2014-04-12 05:50:00,19.2828486599,0.0,18.381908416748047,0,0.6655262590926516,0.0,21.07663305128662,0.0
2014-04-12 05:55:00,21.8556640483,0.0,18.606081008911133,0,0.550014204967554,0.0,21.07663305128662,0.0
2014-04-12 06:00:00,20.566318725,0.0,19.77082061767578,0,0.8869003638341799,0.0,21.07663305128662,0.0
2014-04-12 06:05:00,18.0937318215,0.0,17.960224151611328,0,0.6741057724461181,0.0,21.07663305128662,0.0
2014-04-12 06:10:00,19.7207036338,0.0,18.57261657714844,0,0.5739446377472412,0.0,21.07663305128662,0.0
2014-04-12 06:15:00,21.500034799,0.0,18.558143615722656,0,0.6658344841566644,0.0,21.07663305128662,0.0
2014-04-12 06:20:00,19.2058247456,0.0,19.79936981201172,0,0.6273730021427242,0.0,21.07663305128662,0.0
2014-04-12 06:25:00,18.3782253791,0.0,17.36313819885254,0,0.43121005642143606,0.0,21.07663305128662,0.0
2014-04-12 06:30:00,21.0335390864,0.0,18.673288345336914,0,0.7024930385470456,0.0,21.07663305128662,0.0
2014-04-12 06:35:00,20.4240553277,0.0,19.257247924804688,0,0.8638467713749516,0.0,21.07663305128662,0.0
2014-04-12 06:40:00,20.2812500313,0.0,18.195894241333008,0,0.6058492221733398,0.0,21.07663305128662,0.0
2014-04-12 06:45:00,18.2143062384,0.0,19.164981842041016,0,0.7923255626177492,0.0,21.07663305128662,0.0
2014-04-12 06:50:00,18.5619960392,0.0,17.85329818725586,0,0.690018481395215,0.0,21.07663305128662,0.0
2014-04-12 06:55:00,20.4901975849,0.0,18.81671905517578,0,0.4401131451553466,0.0,21.07663305128662,0.0
2014-04-12 07:00:00,18.8312953658,0.0,18.48703384399414,0,0.6361162464429198,0.0,21.07663305128662,0.0
2014-04-12 07:05:00,20.016280319,0.0,17.60203742980957,0,0.44801834028637666,0.0,21.07663305128662,0.0
2014-04-12 07:10:00,20.179526744100002,0.0,19.0036735534668,0,0.6425850990830808,0.0,21.07663305128662,0.0
2014-04-12 07:15:00,19.134028761099998,0.0,18.956886291503906,0,0.6794322429608632,0.0,21.07663305128662,0.0
2014-04-12 07:20:00,21.7937006222,0.0,18.154560089111328,0,0.4923902354448475,0.0,21.07663305128662,0.0
2014-04-12 07:25:00,21.3698564273,0.0,19.64253807067871,0,0.9257973853135493,0.0,21.07663305128662,0.0
2014-04-12 07:30:00,20.8894940305,0.0,19.452600479125977,0,0.7763681550450676,0.0,21.07663305128662,0.0
2014-04-12 07:35:00,18.3119754656,0.0,19.27908706665039,0,0.8089982001376703,0.0,21.07663305128662,0.0
2014-04-12 07:40:00,18.4245200772,0.0,18.51978302001953,0,0.9713080052667968,0.0,21.07663305128662,0.0
2014-04-12 07:45:00,19.9711253835,0.0,18.1840877532959,0,0.5283233064831543,0.0,21.07663305128662,0.0
2014-04-12 07:50:00,18.6428533968,0.0,18.1779842376709,0,0.5357882156810057,0.0,21.07663305128662,0.0
2014-04-12 07:55:00,21.913061854099997,0.0,17.92102813720703,0,0.4142851666503904,0.0,21.07663305128662,0.0
2014-04-12 08:00:00,18.6340809361,0.0,19.841501235961914,0,0.7924004311307122,0.0,21.07663305128662,0.0
2014-04-12 08:05:00,19.9498713419,0.0,17.893245697021484,0,0.781589120865771,0.0,21.07663305128662,0.0
2014-04-12 08:10:00,19.4564842274,0.0,19.08384895324707,0,0.7569644901021477,0.0,21.07663305128662,0.0
2014-04-12 08:15:00,20.5575456858,0.0,17.806753158569336,0,0.8436663032819331,0.0,21.07663305128662,0.0
2014-04-12 08:20:00,18.5161456356,0.0,19.63274383544922,0,0.7422132161221193,0.0,21.07663305128662,0.0
2014-04-12 08:25:00,19.7212657122,0.0,17.676715850830078,0,0.7161185410580324,0.0,21.07663305128662,0.0
2014-04-12 08:30:00,19.0988201312,0.0,19.78113555908203,0,0.5860995277321539,0.0,21.07663305128662,0.0
2014-04-12 08:35:00,21.5510060987,0.0,17.24770164489746,0,0.6571511796394289,0.0,21.07663305128662,0.0
2014-04-12 08:40:00,18.1623428485,0.0,19.532756805419922,0,0.8751897141482177,0.0,21.07663305128662,0.0
2014-04-12 08:45:00,21.654909976,0.0,17.569202423095707,0,0.847723873674048,0.0,21.07663305128662,0.0
2014-04-12 08:50:00,21.3319765542,0.0,20.292285919189453,0,1.1028685851158442,0.0,21.07663305128662,0.0
2014-04-12 08:55:00,19.1902828658,0.0,19.514572143554688,0,1.083646690993481,0.0,21.07663305128662,0.0
2014-04-12 09:00:00,71.9343529036,0.0,17.924596786499023,0,0.5862697939874995,0.0,21.07663305128662,0.0
2014-04-12 09:05:00,61.624504420600005,0.0,54.45769119262695,0,7.432430447846313,0.0,21.07663305128662,0.0
2014-04-12 09:10:00,74.349371484,0.0,50.97370529174805,0,3.409142616376539,0.0,21.07663305128662,0.0
2014-04-12 09:15:00,68.3616912192,0.0,65.57022094726561,0,6.201139561031715,0.0,21.07663305128662,0.0
2014-04-12 09:20:00,65.3246219545,0.0,66.07060241699219,0,10.424748660324346,0.0,21.07663305128662,0.0
2014-04-12 09:25:00,66.1311316913,0.0,64.28131866455078,0,3.7042290197824244,0.0,21.07663305128662,0.0
2014-04-12 09:30:00,62.1031128071,0.0,61.48306274414063,0,3.5403847197511222,0.0,21.07663305128662,0.0
2014-04-12 09:35:00,74.655153391,0.0,64.68643188476561,0,0.6959327035895484,0.0,21.07663305128662,0.0
2014-04-12 09:40:00,61.73437045399999,0.0,65.65249633789061,0,1.6480706323043943,0.0,21.07663305128662,0.0
2014-04-12 09:45:00,70.10673687479999,0.0,61.10968399047852,0,2.0445888099791985,0.0,21.07663305128662,0.0
2014-04-12 09:50:00,67.2212086168,0.0,64.89157104492189,0,2.7284706926971634,0.0,21.07663305128662,0.0
2014-04-12 09:55:00,74.1052605674,0.0,59.93231964111328,0,2.757042156925336,0.0,21.07663305128662,0.0
2014-04-12 10:00:00,73.6579159696,0.0,76.19865417480469,0,3.2825695844318767,0.0,21.07663305128662,0.0
2014-04-12 10:05:00,78.0979875075,0.0,67.74150848388672,0,2.90621390556196,0.0,21.07663305128662,0.0
2014-04-12 10:10:00,77.3261683572,0.0,78.72904968261719,0,3.0761421729734355,0.0,21.07663305128662,0.0
2014-04-12 10:15:00,80.7484872117,0.0,69.08164978027344,0,3.027085689992383,0.0,21.07663305128662,0.0
2014-04-12 10:20:00,70.8955187999,0.0,74.31620788574219,0,2.769740827859863,0.0,21.07663305128662,0.0
2014-04-12 10:25:00,72.847607298,0.0,71.55261993408203,0,2.376669497947752,0.0,21.07663305128662,0.0
2014-04-12 10:30:00,73.1700460078,0.0,70.39521789550781,0,0.9999719782233392,0.0,21.07663305128662,0.0
2014-04-12 10:35:00,81.2960997151,0.0,75.76204681396484,0,2.377390314375683,0.0,21.07663305128662,0.0
2014-04-12 10:40:00,72.775432567,0.0,68.37432861328125,0,1.6280696828984365,0.0,21.07663305128662,0.0
2014-04-12 10:45:00,78.7405921756,0.0,72.73123931884766,0,1.7506215413830066,0.0,21.07663305128662,0.0
2014-04-12 10:50:00,73.1805840942,0.0,70.24459075927734,0,2.3399172279873035,0.0,21.07663305128662,0.0
2014-04-12 10:55:00,83.2124192253,0.0,71.66461181640625,0,2.3600628808161126,0.0,21.07663305128662,0.0
2014-04-12 11:00:00,86.5525174682,0.0,72.38971710205078,0,3.1117821942859365,0.0,21.07663305128662,0.0
2014-04-12 11:05:00,79.8141122735,0.0,75.42777252197266,0,4.331994245839745,0.0,21.07663305128662,0.0
2014-04-12 11:10:00,77.1711204945,0.0,77.15625762939453,0,3.567320500743456,0.0,21.07663305128662,0.0
2014-04-12 11:15:00,75.2904548539,0.0,75.44839477539062,0,3.763976298959472,0.0,21.07663305128662,0.0
2014-04-12 11:20:00,72.3597170482,0.0,73.19212341308594,0,2.3402428630340815,0.0,21.07663305128662,0.0
2014-04-12 11:25:00,75.83822521180001,0.0,71.22264099121094,0,0.6739436128761724,0.0,21.07663305128662,0.0
2014-04-12 11:30:00,81.9729658443,0.0,71.798095703125,0,0.7025991715088882,0.0,21.07663305128662,0.0
2014-04-12 11:35:00,80.0546436755,0.0,76.38819885253906,0,1.97260008101758,0.0,21.07663305128662,0.0
2014-04-12 11:40:00,86.5820324898,0.0,73.57661437988281,0,1.541536152801367,0.0,21.07663305128662,0.0
2014-04-12 11:45:00,77.8703935827,0.0,77.33133697509766,0,3.8640429567378938,0.0,21.07663305128662,0.0
2014-04-12 11:50:00,82.60320259640001,0.0,74.48764038085938,0,3.423223710206935,0.0,21.07663305128662,0.0
2014-04-12 11:55:00,79.3501889758,0.0,77.34466552734375,0,3.1658102195026387,0.0,21.07663305128662,0.0
2014-04-12 12:00:00,80.1049779914,0.0,77.5321044921875,0,2.9581950476895518,0.0,21.07663305128662,0.0
2014-04-12 12:05:00,76.1928477668,0.0,76.79523468017578,0,1.6541269713514666,0.0,21.07663305128662,0.0
2014-04-12 12:10:00,79.1840773746,0.0,74.92835998535156,0,1.6620432595731458,0.0,21.07663305128662,0.0
2014-04-12 12:15:00,79.4371208803,0.0,74.43753051757812,0,1.1795626562866204,0.0,21.07663305128662,0.0
2014-04-12 12:20:00,83.2063128116,0.0,74.1078872680664,0,1.5538210205698242,0.0,21.07663305128662,0.0
2014-04-12 12:25:00,86.945779699,0.0,76.29623413085938,0,2.3695150261099602,0.0,21.07663305128662,0.0
2014-04-12 12:30:00,77.1764174712,0.0,78.79881286621094,0,3.6254098579555656,0.0,21.07663305128662,0.0
2014-04-12 12:35:00,72.5879972483,0.0,77.37374877929688,0,3.296244608675879,0.0,21.07663305128662,0.0
2014-04-12 12:40:00,79.8447931416,0.0,75.88320922851562,0,3.2695147547102543,0.0,21.07663305128662,0.0
2014-04-12 12:45:00,80.6145276568,0.0,72.97285461425781,0,2.4657585205685546,0.0,21.07663305128662,0.0
2014-04-12 12:50:00,74.6054147595,0.0,75.928466796875,0,2.089774454868751,0.0,21.07663305128662,0.0
2014-04-12 12:55:00,84.06643278,0.0,73.72100067138672,0,1.8413726778044932,0.0,21.07663305128662,0.0
2014-04-12 13:00:00,87.7378036073,0.0,77.75144958496094,0,2.7492433290749023,0.0,21.07663305128662,0.0
2014-04-12 13:05:00,87.11148369719999,0.0,76.5236587524414,0,3.2688095481760744,0.0,21.07663305128662,0.0
2014-04-12 13:10:00,75.135659734,0.0,78.43643951416016,0,3.6370785359531226,0.0,21.07663305128662,0.0
2014-04-12 13:15:00,85.98517044360001,0.0,78.36095428466797,0,4.277548856983884,0.0,21.07663305128662,0.0
2014-04-12 13:20:00,83.25191292699999,0.0,78.38368225097656,0,3.9373968632737295,0.0,21.07663305128662,0.0
2014-04-12 13:25:00,79.24252225010001,0.0,78.60194396972656,0,3.297631444984276,0.0,21.07663305128662,0.0
2014-04-12 13:30:00,80.63041996300001,0.0,76.654541015625,0,2.0542256119361344,0.0,21.07663305128662,0.0
2014-04-12 13:35:00,85.573060335,0.0,76.18289184570312,0,2.138613007837991,0.0,21.07663305128662,0.0
2014-04-12 13:40:00,79.663035316,0.0,77.56353759765625,0,2.3593570491335942,0.0,21.07663305128662,0.0
2014-04-12 13:45:00,77.9526047894,0.0,76.93170928955078,0,2.013265429423635,0.0,21.07663305128662,0.0
2014-04-12 13:50:00,79.872785818,0.0,76.7981185913086,0,2.0608050818581063,0.0,21.07663305128662,0.0
2014-04-12 13:55:00,81.2465730061,0.0,77.51206970214844,0,1.9481536167726556,0.0,21.07663305128662,0.0
2014-04-12 14:00:00,75.0216412488,0.0,76.34293365478516,0,1.2411954686044915,0.0,21.07663305128662,0.0
2014-04-12 14:05:00,86.4103757871,0.0,76.50152587890625,0,1.1439198045596672,0.0,21.07663305128662,0.0
2014-04-12 14:10:00,82.7830174057,0.0,74.80438232421875,0,2.254914105602733,0.0,21.07663305128662,0.0
2014-04-12 14:15:00,82.1283603269,0.0,79.01345825195312,0,2.867910087451463,0.0,21.07663305128662,0.0
2014-04-12 14:20:00,73.5884072058,0.0,77.55419158935547,0,2.1624768405641586,0.0,21.07663305128662,0.0
2014-04-12 14:25:00,81.66286300520001,0.0,76.8623046875,0,3.1210214310221662,0.0,21.07663305128662,0.0
2014-04-12 14:30:00,73.93182169800001,0.0,76.88268280029297,0,2.4824849822104493,0.0,21.07663305128662,0.0
2014-04-12 14:35:00,73.2556463633,0.0,74.82874298095703,0,1.854013234811914,0.0,21.07663305128662,0.0
2014-04-12 14:40:00,80.4331133555,0.0,74.21524810791016,0,1.661287552650684,0.0,21.07663305128662,0.0
2014-04-12 14:45:00,78.4408032055,0.0,74.00590515136719,0,1.9427976606549802,0.0,21.07663305128662,0.0
2014-04-12 14:50:00,81.4170561162,0.0,75.3082504272461,0,1.897090127709081,0.0,21.07663305128662,0.0
2014-04-12 14:55:00,73.4240301663,0.0,75.60882568359375,0,2.2061473182245113,0.0,21.07663305128662,0.0
2014-04-12 15:00:00,78.8949716066,0.0,74.28955078125,0,2.3682955634962894,0.0,21.07663305128662,0.0
2014-04-12 15:05:00,74.7958693935,0.0,76.68423461914062,0,2.1667400107163086,0.0,21.07663305128662,0.0
2014-04-12 15:10:00,87.79275855620001,0.0,73.37184143066406,0,1.6572780042872068,0.0,21.07663305128662,0.0
2014-04-12 15:15:00,80.9776260063,0.0,77.23456573486328,0,2.638249776009376,0.0,21.07663305128662,0.0
2014-04-12 15:20:00,82.9981929848,0.0,74.89027404785156,0,2.777383388325001,0.0,21.07663305128662,0.0
2014-04-12 15:25:00,77.2059513067,0.0,79.40994262695312,0,3.215195652274806,0.0,21.07663305128662,0.0
2014-04-12 15:30:00,73.5151168846,0.0,74.9563980102539,0,3.5559091532513687,0.0,21.07663305128662,0.0
2014-04-12 15:35:00,87.6130927108,0.0,74.56690216064453,0,1.9334546532661125,0.0,21.07663305128662,0.0
2014-04-12 15:40:00,76.5794093967,0.0,75.72479248046875,0,3.099922741626367,0.0,21.07663305128662,0.0
2014-04-12 15:45:00,78.7801746658,0.0,76.14952087402344,0,2.179996858564257,0.0,21.07663305128662,0.0
2014-04-12 15:50:00,82.3970317281,0.0,76.80049133300781,0,2.1802386183103515,0.0,21.07663305128662,0.0
2014-04-12 15:55:00,72.3944617695,0.0,74.0075454711914,0,2.7383649646184587,0.0,21.07663305128662,0.0
2014-04-12 16:00:00,84.9639829571,0.0,74.86810302734375,0,1.3092266085604507,0.0,21.07663305128662,0.0
2014-04-12 16:05:00,80.5850963168,0.0,72.28007507324219,0,2.492019727289552,0.0,21.07663305128662,0.0
2014-04-12 16:10:00,76.4513282063,0.0,80.5036392211914,0,3.2013156587622085,0.0,21.07663305128662,0.0
2014-04-12 16:15:00,72.9855876321,0.0,74.74430847167969,0,1.5994029377751957,0.0,21.07663305128662,0.0
2014-04-12 16:20:00,74.59983141560001,0.0,75.20196533203125,0,2.743512355390333,0.0,21.07663305128662,0.0
2014-04-12 16:25:00,86.32037600620001,0.0,72.8008804321289,0,1.556794103724707,0.0,21.07663305128662,0.0
2014-04-12 16:30:00,82.9762282683,0.0,71.70755767822266,0,2.491582668121678,0.0,21.07663305128662,0.0
2014-04-12 16:35:00,75.9982816292,0.0,80.50852966308594,0,3.3936276150199216,0.0,21.07663305128662,0.0
2014-04-12 16:40:00,73.0494719839,0.0,75.33944702148438,0,2.260393952436722,0.0,21.07663305128662,0.0
2014-04-12 16:45:00,83.0496855425,0.0,75.99337768554688,0,3.7755843018328132,0.0,21.07663305128662,0.0
2014-04-12 16:50:00,81.15836779109999,0.0,74.35192108154297,0,2.9676858371930663,0.0,21.07663305128662,0.0
2014-04-12 16:55:00,78.4721617245,0.0,73.34175109863281,0,2.5828722047475576,0.0,21.07663305128662,0.0
2014-04-12 17:00:00,77.817753305,0.0,79.12965393066406,0,2.660392528745213,0.0,21.07663305128662,0.0
2014-04-12 17:05:00,75.4689994348,0.0,75.2698974609375,0,2.538133227255175,0.0,21.07663305128662,0.0
2014-04-12 17:10:00,82.7137483425,0.0,75.27044677734375,0,1.6809824918688463,0.0,21.07663305128662,0.0
2014-04-12 17:15:00,87.53065483290001,0.0,72.61808013916016,0,1.7605893488187494,0.0,21.07663305128662,0.0
2014-04-12 17:20:00,74.8114152058,0.0,76.33856201171875,0,2.9833598573028333,0.0,21.07663305128662,0.0
2014-04-12 17:25:00,81.5538346036,0.0,78.81967163085938,0,2.79287498560498,0.0,21.07663305128662,0.0
2014-04-12 17:30:00,78.78693063770001,0.0,76.69440460205078,0,3.2697693082514654,0.0,21.07663305128662,0.0
2014-04-12 17:35:00,79.14698915550001,0.0,76.29302215576172,0,2.6583013135060565,0.0,21.07663305128662,0.0
2014-04-12 17:40:00,76.0663272726,0.0,72.71128845214844,0,1.1509753517558607,0.0,21.07663305128662,0.0
2014-04-12 17:45:00,85.20212529300001,0.0,75.8367919921875,0,0.9130040654505844,0.0,21.07663305128662,0.0
2014-04-12 17:50:00,79.7640590369,0.0,77.258056640625,0,2.186522199190531,0.0,21.07663305128662,0.0
2014-04-12 17:55:00,80.69446264850001,0.0,76.23992156982422,0,2.111076518656546,0.0,21.07663305128662,0.0
2014-04-12 18:00:00,30.750463937800003,0.0,77.08064270019531,0,2.311148278523733,0.0,21.07663305128662,0.0
2014-04-12 18:05:00,29.9635684273,0.0,46.86431503295898,0,7.832006942269825,0.0,21.07663305128662,0.0
2014-04-12 18:10:00,29.3498208493,0.0,42.29682159423828,0,5.332319689059177,0.0,21.07663305128662,0.0
2014-04-12 18:15:00,33.3703560948,0.0,37.38192367553711,0,6.182808254252002,0.0,21.07663305128662,0.0
2014-04-12 18:20:00,30.055893632100002,0.0,33.93900680541992,0,10.02368671171621,0.0,21.07663305128662,0.0
2014-04-12 18:25:00,33.2164758892,0.0,32.562973022460945,0,4.717803513081786,0.0,21.07663305128662,0.0
2014-04-12 18:30:00,31.2984032454,0.0,35.820499420166016,0,2.5859751616744133,0.0,21.07663305128662,0.0
2014-04-12 18:35:00,31.4609526858,0.0,30.929363250732425,0,1.53286209040288,0.0,21.07663305128662,0.0
2014-04-12 18:40:00,31.8027298689,0.0,31.79863166809082,0,1.0051586250950173,0.0,21.07663305128662,0.0
2014-04-12 18:45:00,31.153328470599998,0.0,35.62861251831055,0,0.4960429469340806,0.0,21.07663305128662,0.0
2014-04-12 18:50:00,29.443962200999998,0.0,32.823657989501946,0,1.1916334822941645,0.0,21.07663305128662,0.0
2014-04-12 18:55:00,30.781637673899997,0.0,34.068984985351555,0,1.048833434011156,0.0,21.07663305128662,0.0
2014-04-12 19:00:00,23.133528666900002,0.0,23.30240821838379,0,1.3933031685591541,0.0,21.07663305128662,0.0
2014-04-12 19:05:00,23.142712849000002,0.0,22.73366928100586,0,1.4139008373934803,0.0,21.07663305128662,0.0
2014-04-12 19:10:00,21.4422837202,0.0,20.704444885253906,0,0.9056207774289295,0.0,21.07663305128662,0.0
2014-04-12 19:15:00,22.221258548,0.0,23.52774810791016,0,0.5753886582344476,0.0,21.07663305128662,0.0
2014-04-12 19:20:00,21.026642428,0.0,21.311819076538086,0,0.3277814392917726,0.0,21.07663305128662,0.0
2014-04-12 19:25:00,21.1024657676,0.0,18.47832489013672,0,0.3423185764235601,0.0,21.07663305128662,0.0
2014-04-12 19:30:00,20.2632498445,0.0,17.813074111938477,0,0.6192057401072022,0.0,21.07663305128662,0.0
2014-04-12 19:35:00,24.1774232173,0.0,15.204851150512695,0,0.7545150255388919,0.0,21.07663305128662,0.0
2014-04-12 19:40:00,21.1039647018,0.0,19.838546752929688,0,1.7127753388985352,0.0,21.07663305128662,0.0
2014-04-12 19:45:00,21.1793506068,0.0,18.270143508911133,0,1.9140383282103022,0.0,21.07663305128662,0.0
2014-04-12 19:50:00,21.4126132436,0.0,19.89916229248047,0,1.9496716057635006,0.0,21.07663305128662,0.0
2014-04-12 19:55:00,20.730787024,0.0,20.008338928222656,0,1.8325810080832516,0.0,21.07663305128662,0.0
2014-04-12 20:00:00,21.0504205169,0.0,18.30512809753418,0,0.8013155117070068,0.0,21.07663305128662,0.0
2014-04-12 20:05:00,18.7397853113,0.0,19.32016944885254,0,0.9862998205189455,0.0,21.07663305128662,0.0
2014-04-12 20:10:00,18.981692910499998,0.0,18.064516067504886,0,0.5366277483615725,0.0,21.07663305128662,0.0
2014-04-12 20:15:00,21.0729232992,0.0,19.140426635742188,0,0.4318550349460204,0.0,21.07663305128662,0.0
2014-04-12 20:20:00,19.8232496636,0.0,19.08810806274414,0,0.7615220236766844,0.0,21.07663305128662,0.0
2014-04-12 20:25:00,21.3317540422,0.0,18.341222763061523,0,0.510253171362939,0.0,21.07663305128662,0.0
2014-04-12 20:30:00,20.7152115056,0.0,19.26251792907715,0,0.8219182983059072,0.0,21.07663305128662,0.0
2014-04-12 20:35:00,19.4806624911,0.0,19.42011260986328,0,0.8888578899968747,0.0,21.07663305128662,0.0
2014-04-12 20:40:00,21.097791032,0.0,18.329973220825195,0,0.6548645422192378,0.0,21.07663305128662,0.0
2014-04-12 20:45:00,18.9082567676,0.0,19.73597717285156,0,0.9089490685091062,0.0,21.07663305128662,0.0
2014-04-12 20:50:00,20.6291366815,0.0,18.117097854614254,0,0.5746157289903313,0.0,21.07663305128662,0.0
2014-04-12 20:55:00,20.2225583956,0.0,19.4112548828125,0,0.7070338852856932,0.0,21.07663305128662,0.0
2014-04-12 21:00:00,19.1630374572,0.0,19.05419921875,0,0.8019853051108887,0.0,21.07663305128662,0.0
2014-04-12 21:05:00,20.5140168367,0.0,18.152910232543945,0,0.45130705041208596,0.0,21.07663305128662,0.0
2014-04-12 21:10:00,21.5884639215,0.0,19.144702911376953,0,0.724160897784913,0.0,21.07663305128662,0.0
2014-04-12 21:15:00,22.1011977152,0.0,19.59410858154297,0,0.7156261706895757,0.0,21.07663305128662,0.0
2014-04-12 21:20:00,20.5291200699,0.0,19.48523712158203,0,0.8198315922125254,0.0,21.07663305128662,0.0
2014-04-12 21:25:00,19.7129938019,0.0,19.67868423461914,0,1.044479962031763,0.0,21.07663305128662,0.0
2014-04-12 21:30:00,18.9915523307,0.0,19.03846740722656,0,0.7536303324223637,0.0,21.07663305128662,0.0
2014-04-12 21:35:00,19.1197205557,0.0,18.159765243530273,0,0.45402459072280266,0.0,21.07663305128662,0.0
2014-04-12 21:40:00,20.0134253992,0.0,18.636913299560547,0,0.26063286303688926,0.0,21.07663305128662,0.0
2014-04-12 21:45:00,19.5625624891,0.0,18.30790138244629,0,0.30221150695207477,0.0,21.07663305128662,0.0
2014-04-12 21:50:00,21.759203276100006,0.0,18.91082000732422,0,0.45475544937368095,0.0,21.07663305128662,0.0
2014-04-12 21:55:00,19.566653095699998,0.0,19.583576202392575,0,0.8049389734048344,0.0,21.07663305128662,0.0
2014-04-12 22:00:00,19.5124923822,0.0,18.095808029174805,0,0.684433233558619,0.0,21.07663305128662,0.0
2014-04-12 22:05:00,19.5528908127,0.0,19.03299331665039,0,0.689454765231837,0.0,21.07663305128662,0.0
2014-04-12 22:10:00,21.3669734526,0.0,18.596363067626953,0,0.6002360280678962,0.0,21.07663305128662,0.0
2014-04-12 22:15:00,20.6229323004,0.0,20.066495895385746,0,0.5905144175925536,0.0,21.07663305128662,0.0
2014-04-12 22:20:00,20.4763137996,0.0,18.544391632080078,0,0.5887031407345451,0.0,21.07663305128662,0.0
2014-04-12 22:25:00,19.355135189200002,0.0,19.50806427001953,0,0.6581576713588855,0.0,21.07663305128662,0.0
2014-04-12 22:30:00,21.2920374489,0.0,18.216289520263672,0,0.5875671665176259,0.0,21.07663305128662,0.0
2014-04-12 22:35:00,18.1708827537,0.0,19.602046966552734,0,0.6257093594755361,0.0,21.07663305128662,0.0
2014-04-12 22:40:00,21.503812539899997,0.0,17.765182495117188,0,0.668174425829541,0.0,21.07663305128662,0.0
2014-04-12 22:45:00,20.0702485489,0.0,20.30080986022949,0,0.8907619419335933,0.0,21.07663305128662,0.0
2014-04-12 22:50:00,19.6118102107,0.0,18.61219787597656,0,0.793272048883984,0.0,21.07663305128662,0.0
2014-04-12 22:55:00,20.0078582354,0.0,18.497882843017575,0,0.533755099644873,0.0,21.07663305128662,0.0
2014-04-12 23:00:00,20.6736306952,0.0,18.71782875061035,0,0.8098473854022705,0.0,21.07663305128662,0.0
2014-04-12 23:05:00,18.054527508099998,0.0,18.945064544677734,0,0.5869938728781254,0.0,21.07663305128662,0.0
2014-04-12 23:10:00,21.4903327755,0.0,17.795019149780273,0,0.6694908385341565,0.0,21.07663305128662,0.0
2014-04-12 23:15:00,19.7907571953,0.0,20.47313690185547,0,1.0064534999086923,0.0,21.07663305128662,0.0
2014-04-12 23:20:00,19.3755854752,0.0,18.12157249450684,0,0.6006778649608888,0.0,21.07663305128662,0.0
2014-04-12 23:25:00,18.5565444333,0.0,18.47391128540039,0,0.512954244473828,0.0,21.07663305128662,0.0
2014-04-12 23:30:00,19.7616550049,0.0,18.452699661254886,0,0.7142924326084961,0.0,21.07663305128662,0.0
2014-04-12 23:35:00,19.9891282591,0.0,18.29397201538086,0,0.41599764734916933,0.0,21.07663305128662,0.0
2014-04-12 23:40:00,19.6183527767,0.0,18.807144165039066,0,0.5425947144946281,0.0,21.07663305128662,0.0
2014-04-12 23:45:00,20.7186175842,0.0,18.55817413330078,0,0.4245942354308334,0.0,21.07663305128662,0.0
2014-04-12 23:50:00,19.6873653616,0.0,19.29745864868164,0,0.7469704562405508,0.0,21.07663305128662,0.0
2014-04-12 23:55:00,21.8498646779,0.0,18.281553268432614,0,0.6320893773997067,0.0,21.07663305128662,0.0
2014-04-13 00:00:00,20.397110071300002,0.0,20.09597587585449,0,0.8662337731182377,0.0,21.07663305128662,0.0
2014-04-13 00:05:00,21.2299117426,0.0,18.311174392700195,0,0.7513981568094992,0.0,21.07663305128662,0.0
2014-04-13 00:10:00,18.4374236124,0.0,20.359210968017575,0,0.8461848941845722,0.0,21.07663305128662,0.0
2014-04-13 00:15:00,19.5891651718,0.0,17.76895523071289,0,0.8814272558719738,0.0,21.07663305128662,0.0
2014-04-13 00:20:00,19.3473908058,0.0,19.35547637939453,0,0.518946877399439,0.0,21.07663305128662,0.0
2014-04-13 00:25:00,20.2779295525,0.0,17.535919189453125,0,0.5874601090211673,0.0,21.07663305128662,0.0
2014-04-13 00:30:00,21.4444540802,0.0,19.08165168762207,0,0.6967550582939452,0.0,21.07663305128662,0.0
2014-04-13 00:35:00,18.313352871,0.0,19.315074920654297,0,0.866638533788306,0.0,21.07663305128662,0.0
2014-04-13 00:40:00,18.2902991922,0.0,17.79969024658203,0,0.6958713744160892,0.0,21.07663305128662,0.0
2014-04-13 00:45:00,21.4012708326,0.0,18.66316795349121,0,0.824642968862134,0.0,21.07663305128662,0.0
2014-04-13 00:50:00,18.8514003442,0.0,19.022628784179688,0,0.8241545333698732,0.0,21.07663305128662,0.0
2014-04-13 00:55:00,20.6750130178,0.0,17.96748161315918,0,0.5502077892950927,0.0,21.07663305128662,0.0
2014-04-13 01:00:00,20.1715125294,0.0,19.436357498168945,0,0.7634339586684082,0.0,21.07663305128662,0.0
2014-04-13 01:05:00,21.3315743795,0.0,19.279003143310547,0,0.7208825751239263,0.0,21.07663305128662,0.0
2014-04-13 01:10:00,18.5003556393,0.0,18.92984771728516,0,0.6351911197590092,0.0,21.07663305128662,0.0
2014-04-13 01:15:00,18.5191318629,0.0,17.876447677612305,0,0.7405937187558114,0.0,21.07663305128662,0.0
2014-04-13 01:20:00,20.2272734411,0.0,18.78548240661621,0,0.4824878163366706,0.0,21.07663305128662,0.0
2014-04-13 01:25:00,21.7855146134,0.0,18.754987716674805,0,0.5708173167432622,0.0,21.07663305128662,0.0
2014-04-13 01:30:00,19.6599910335,0.0,19.8884391784668,0,0.6930617743102299,0.0,21.07663305128662,0.0
2014-04-13 01:35:00,19.307768401,0.0,17.7965030670166,0,0.4511560531639889,0.0,21.07663305128662,0.0
2014-04-13 01:40:00,20.4267572928,0.0,18.847570419311523,0,0.7765039262698981,0.0,21.07663305128662,0.0
2014-04-13 01:45:00,21.721794402199997,0.0,19.083444595336914,0,0.7936784061454842,0.0,21.07663305128662,0.0
2014-04-13 01:50:00,21.3477113314,0.0,19.08017349243164,0,0.7446562699127202,0.0,21.07663305128662,0.0
2014-04-13 01:55:00,21.9819344429,0.0,19.867183685302734,0,0.9995424816629148,0.0,21.07663305128662,0.0
2014-04-13 02:00:00,18.0902743328,0.0,20.01183319091797,0,1.074978159614648,0.0,21.07663305128662,0.0
2014-04-13 02:05:00,18.4514325789,0.0,18.341371536254886,0,1.1177746576933343,0.0,21.07663305128662,0.0
2014-04-13 02:10:00,20.4378710535,0.0,18.128273010253906,0,0.7599156228934567,0.0,21.07663305128662,0.0
2014-04-13 02:15:00,21.2823057573,0.0,18.631187438964844,0,0.8069960877008051,0.0,21.07663305128662,0.0
2014-04-13 02:20:00,19.1409773692,0.0,19.123260498046875,0,0.8515726752849364,0.0,21.07663305128662,0.0
2014-04-13 02:25:00,18.9568443521,0.0,18.55976867675781,0,0.5130435196519287,0.0,21.07663305128662,0.0
2014-04-13 02:30:00,21.1479031975,0.0,18.971359252929688,0,0.6719386135095711,0.0,21.07663305128662,0.0
2014-04-13 02:35:00,18.2255274154,0.0,18.902313232421875,0,0.6553068511750983,0.0,21.07663305128662,0.0
2014-04-13 02:40:00,19.4775305903,0.0,17.203502655029293,0,0.4085152885109382,0.0,21.07663305128662,0.0
2014-04-13 02:45:00,20.0232368904,0.0,19.369110107421875,0,0.6905541715256356,0.0,21.07663305128662,0.0
2014-04-13 02:50:00,20.2413946974,0.0,18.88211441040039,0,0.5797377234773928,0.0,21.07663305128662,0.0
2014-04-13 02:55:00,20.9144606272,0.0,19.19639778137207,0,0.47757976628105503,0.0,21.07663305128662,0.0
2014-04-13 03:00:00,19.4193828937,0.0,18.52433013916016,0,0.7506872313845463,0.0,21.07663305128662,0.0
2014-04-13 03:05:00,20.450737378699998,0.0,18.446563720703125,0,0.5783153337931881,0.0,21.07663305128662,0.0
2014-04-13 03:10:00,20.341501691199998,0.0,19.21291732788086,0,0.7470711931705316,0.0,21.07663305128662,0.0
2014-04-13 03:15:00,20.1904644026,0.0,19.352352142333984,0,0.7182342027104727,0.0,21.07663305128662,0.0
2014-04-13 03:20:00,20.5619331726,0.0,19.00088882446289,0,0.6082403795152334,0.0,21.07663305128662,0.0
2014-04-13 03:25:00,19.0377966843,0.0,18.786821365356445,0,0.691489328714892,0.0,21.07663305128662,0.0
2014-04-13 03:30:00,18.3385950143,0.0,18.59847640991211,0,0.4330201040789796,0.0,21.07663305128662,0.0
2014-04-13 03:35:00,18.4770866882,0.0,17.478918075561527,0,0.3244322331156009,0.0,21.07663305128662,0.0
2014-04-13 03:40:00,18.898329530599998,0.0,18.321046829223636,0,0.3837587094164059,0.0,21.07663305128662,0.0
2014-04-13 03:45:00,20.0007917421,0.0,17.903522491455078,0,0.26078850357131245,0.0,21.07663305128662,0.0
2014-04-13 03:50:00,21.3617710022,0.0,18.596027374267575,0,0.491575245033983,0.0,21.07663305128662,0.0
2014-04-13 03:55:00,20.8051733684,0.0,19.446990966796875,0,0.7750728525571291,0.0,21.07663305128662,0.0
2014-04-13 04:00:00,21.1561624168,0.0,18.62410926818848,0,0.7126443886453848,0.0,21.07663305128662,0.0
2014-04-13 04:05:00,19.4039024957,0.0,19.824432373046875,0,1.094156053598999,0.0,21.07663305128662,0.0
2014-04-13 04:10:00,19.6186149666,0.0,18.368043899536133,0,0.8791775730496338,0.0,21.07663305128662,0.0
2014-04-13 04:15:00,19.574727544,0.0,19.18379020690918,0,0.6629419440785638,0.0,21.07663305128662,0.0
2014-04-13 04:20:00,18.7674927376,0.0,18.73244285583496,0,0.5742614287641357,0.0,21.07663305128662,0.0
2014-04-13 04:25:00,18.2448666326,0.0,18.03434562683105,0,0.21585603774733908,0.0,21.07663305128662,0.0
2014-04-13 04:30:00,20.3636643713,0.0,17.757041931152344,0,0.2358849114610848,0.0,21.07663305128662,0.0
2014-04-13 04:35:00,21.9568667337,0.0,18.699657440185547,0,0.4053913330965586,0.0,21.07663305128662,0.0
2014-04-13 04:40:00,18.667318819800002,0.0,19.122053146362305,0,0.7068264767013193,0.0,21.07663305128662,0.0
2014-04-13 04:45:00,18.1867392796,0.0,17.959381103515625,0,0.7064875690288823,0.0,21.07663305128662,0.0
2014-04-13 04:50:00,21.1181267273,0.0,18.872404098510746,0,0.8182405295385986,0.0,21.07663305128662,0.0
2014-04-13 04:55:00,19.0103440267,0.0,19.3366813659668,0,0.7731280531187985,0.0,21.07663305128662,0.0
2014-04-13 05:00:00,21.3185752214,0.0,17.590866088867188,0,0.40676905883784187,0.0,21.07663305128662,0.0
2014-04-13 05:05:00,20.8157466681,0.0,19.635269165039066,0,0.8158909095841556,0.0,21.07663305128662,0.0
2014-04-13 05:10:00,21.7826941482,0.0,19.11758804321289,0,0.8569151831638422,0.0,21.07663305128662,0.0
2014-04-13 05:15:00,19.635708943,0.0,19.812088012695312,0,0.909338117688574,0.0,21.07663305128662,0.0
2014-04-13 05:20:00,20.6478793578,0.0,18.39434814453125,0,0.9687089762845211,0.0,21.07663305128662,0.0
2014-04-13 05:25:00,19.8594191233,0.0,19.768651962280273,0,0.7844367363765135,0.0,21.07663305128662,0.0
2014-04-13 05:30:00,20.5223547892,0.0,18.39898109436035,0,0.6316050662113284,0.0,21.07663305128662,0.0
2014-04-13 05:35:00,19.798395624,0.0,19.811054229736328,0,0.5638885149428958,0.0,21.07663305128662,0.0
2014-04-13 05:40:00,18.7545289857,0.0,18.1502685546875,0,0.5600413343580568,0.0,21.07663305128662,0.0
2014-04-13 05:45:00,20.031589664000002,0.0,18.04905891418457,0,0.3538824865760253,0.0,21.07663305128662,0.0
2014-04-13 05:50:00,20.1143368057,0.0,18.91900634765625,0,0.5903529351754884,0.0,21.07663305128662,0.0
2014-04-13 05:55:00,21.242415392999998,0.0,18.19612693786621,0,0.45378786033146934,0.0,21.07663305128662,0.0
2014-04-13 06:00:00,20.9420828232,0.0,19.97687530517578,0,0.8329915915061519,0.0,21.07663305128662,0.0
2014-04-13 06:05:00,20.6551664958,0.0,19.03860092163086,0,0.8986696476271483,0.0,21.07663305128662,0.0
2014-04-13 06:10:00,18.4535483822,0.0,19.82008934020996,0,0.8529240006713619,0.0,21.07663305128662,0.0
2014-04-13 06:15:00,20.8824651627,0.0,17.577892303466793,0,0.8301725826528803,0.0,21.07663305128662,0.0
2014-04-13 06:20:00,20.0012206254,0.0,19.99711036682129,0,0.8244374912253178,0.0,21.07663305128662,0.0
2014-04-13 06:25:00,21.5763981444,0.0,18.18661880493164,0,0.527095482868726,0.0,21.07663305128662,0.0
2014-04-13 06:30:00,21.6794837365,0.0,20.116432189941406,0,0.8151801788336184,0.0,21.07663305128662,0.0
2014-04-13 06:35:00,18.2206263624,0.0,19.55731964111328,0,1.0182878049121826,0.0,21.07663305128662,0.0
2014-04-13 06:40:00,21.2825662414,0.0,17.88155174255371,0,0.7723028573471917,0.0,21.07663305128662,0.0
2014-04-13 06:45:00,18.1507895617,0.0,20.094703674316406,0,1.2113173329483153,0.0,21.07663305128662,0.0
2014-04-13 06:50:00,19.4686785028,0.0,17.25065040588379,0,0.7963245156022705,0.0,21.07663305128662,0.0
2014-04-13 06:55:00,20.1691999025,0.0,19.37909698486328,0,0.7477247147969486,0.0,21.07663305128662,0.0
2014-04-13 07:00:00,18.5924031945,0.0,18.54891586303711,0,0.796087582164942,0.0,21.07663305128662,0.0
2014-04-13 07:05:00,20.9852552503,0.0,18.22597885131836,0,0.47090312943361834,0.0,21.07663305128662,0.0
2014-04-13 07:10:00,18.0334188167,0.0,18.654621124267575,0,0.7263618431246828,0.0,21.07663305128662,0.0
2014-04-13 07:15:00,18.674396193699998,0.0,17.9266357421875,0,0.5104614973185546,0.0,21.07663305128662,0.0
2014-04-13 07:20:00,20.323187319400002,0.0,18.311294555664066,0,0.42999028428613295,0.0,21.07663305128662,0.0
2014-04-13 07:25:00,20.8575502481,0.0,19.208709716796875,0,0.7164080897851073,0.0,21.07663305128662,0.0
2014-04-13 07:30:00,21.6665724108,0.0,19.28768920898437,0,0.48180064425278246,0.0,21.07663305128662,0.0
2014-04-13 07:35:00,20.8219866077,0.0,18.80885887145996,0,0.771760491635352,0.0,21.07663305128662,0.0
2014-04-13 07:40:00,20.687117081,0.0,19.992231369018555,0,1.0065930291368415,0.0,21.07663305128662,0.0
2014-04-13 07:45:00,19.577364585399998,0.0,18.55024719238281,0,0.8419671476675301,0.0,21.07663305128662,0.0
2014-04-13 07:50:00,18.0051377021,0.0,19.141008377075195,0,0.764251755381788,0.0,21.07663305128662,0.0
2014-04-13 07:55:00,18.4806370349,0.0,18.12371063232422,0,0.6004825496372557,0.0,21.07663305128662,0.0
2014-04-13 08:00:00,20.138218179000003,0.0,17.977136611938477,0,0.32923233076542946,0.0,21.07663305128662,0.0
2014-04-13 08:05:00,20.7005195434,0.0,19.09871864318848,0,0.5125068126504395,0.0,21.07663305128662,0.0
2014-04-13 08:10:00,19.6697931356,0.0,17.801889419555664,0,0.549905558022997,0.0,21.07663305128662,0.0
2014-04-13 08:15:00,20.9227160461,0.0,18.644433975219727,0,0.6712038722005849,0.0,21.07663305128662,0.0
2014-04-13 08:20:00,20.087449181300002,0.0,19.31416320800781,0,0.9886335317747066,0.0,21.07663305128662,0.0
2014-04-13 08:25:00,18.2967047824,0.0,18.709611892700195,0,0.81515908255354,0.0,21.07663305128662,0.0
2014-04-13 08:30:00,18.768065003900002,0.0,18.51655578613281,0,0.6665473588146247,0.0,21.07663305128662,0.0
2014-04-13 08:35:00,21.359992893,0.0,18.40218544006348,0,0.46449804652998194,0.0,21.07663305128662,0.0
2014-04-13 08:40:00,20.8996509865,0.0,19.560054779052734,0,0.5494387192870129,0.0,21.07663305128662,0.0
2014-04-13 08:45:00,21.579047948099998,0.0,18.31074523925781,0,0.5172714999080075,0.0,21.07663305128662,0.0
2014-04-13 08:50:00,18.4702289965,0.0,19.71988296508789,0,0.8781532264800544,0.0,21.07663305128662,0.0
2014-04-13 08:55:00,21.960890138499998,0.0,18.08926773071289,0,0.9656918194076414,0.0,21.07663305128662,0.0
2014-04-13 09:00:00,64.0479313097,0.0,20.58676147460937,0,1.0799186887639647,0.0,21.07663305128662,0.0
2014-04-13 09:05:00,61.3602063175,0.0,52.51846694946289,0,6.216777055274806,0.0,21.07663305128662,0.0
2014-04-13 09:10:00,74.76495197109999,0.0,50.36737442016602,0,2.9219934533174814,0.0,21.07663305128662,0.0
2014-04-13 09:15:00,65.0226048421,0.0,64.69258117675781,0,6.251816543860741,0.0,21.07663305128662,0.0
2014-04-13 09:20:00,70.2850645542,0.0,63.3451042175293,0,9.212266945018259,0.0,21.07663305128662,0.0
2014-04-13 09:25:00,63.6028794728,0.0,66.06547546386719,0,4.64711575771577,0.0,21.07663305128662,0.0
2014-04-13 09:30:00,69.0911080379,0.0,60.64832305908203,0,4.130056980007029,0.0,21.07663305128662,0.0
2014-04-13 09:35:00,73.4948758158,0.0,68.26274108886719,0,2.1357079084925292,0.0,21.07663305128662,0.0
2014-04-13 09:40:00,65.554463877,0.0,66.74283599853516,0,2.302201802177686,0.0,21.07663305128662,0.0
2014-04-13 09:45:00,70.3154540742,0.0,64.41741943359375,0,1.5832532752857418,0.0,21.07663305128662,0.0
2014-04-13 09:50:00,63.755488807700004,0.0,64.07159423828125,0,2.5951658084865237,0.0,21.07663305128662,0.0
2014-04-13 09:55:00,69.6972174226,0.0,59.6539535522461,0,1.3713951225759757,0.0,21.07663305128662,0.0
2014-04-13 10:00:00,75.0617094602,0.0,70.76332092285156,0,1.9727862655036121,0.0,21.07663305128662,0.0
2014-04-13 10:05:00,73.1179521733,0.0,68.97813415527344,0,1.9600209205301757,0.0,21.07663305128662,0.0
2014-04-13 10:10:00,74.70058542689999,0.0,75.07675170898438,0,1.7402438427077138,0.0,21.07663305128662,0.0
2014-04-13 10:15:00,72.6156133832,0.0,66.63978576660156,0,1.7723073380606449,0.0,21.07663305128662,0.0
2014-04-13 10:20:00,83.8377379936,0.0,71.66036987304688,0,1.848775056757228,0.0,21.07663305128662,0.0
2014-04-13 10:25:00,76.0043404756,0.0,70.46429443359375,0,2.8336475046578133,0.0,21.07663305128662,0.0
2014-04-13 10:30:00,73.6467348132,0.0,74.76774597167969,0,3.008676007655275,0.0,21.07663305128662,0.0
2014-04-13 10:35:00,76.7992896926,0.0,75.49958801269531,0,2.563748470084766,0.0,21.07663305128662,0.0
2014-04-13 10:40:00,74.8147213088,0.0,70.43441772460938,0,2.5172658751179693,0.0,21.07663305128662,0.0
2014-04-13 10:45:00,81.3933868192,0.0,72.54502868652344,0,1.542632808072657,0.0,21.07663305128662,0.0
2014-04-13 10:50:00,84.9133330325,0.0,68.91558837890625,0,1.9561718194064461,0.0,21.07663305128662,0.0
2014-04-13 10:55:00,76.6382823519,0.0,75.85597229003906,0,3.8157635062957045,0.0,21.07663305128662,0.0
2014-04-13 11:00:00,85.2618751932,0.0,74.35325622558594,0,3.4907768087304714,0.0,21.07663305128662,0.0
2014-04-13 11:05:00,80.56748632189999,0.0,75.06550598144531,0,4.567128976968165,0.0,21.07663305128662,0.0
2014-04-13 11:10:00,74.0686760177,0.0,76.39225769042969,0,4.1488317529404295,0.0,21.07663305128662,0.0
2014-04-13 11:15:00,82.5516640901,0.0,71.58562469482422,0,2.313089855155468,0.0,21.07663305128662,0.0
2014-04-13 11:20:00,79.7336622423,0.0,77.1417236328125,0,3.7125275470092767,0.0,21.07663305128662,0.0
2014-04-13 11:25:00,81.9152461458,0.0,74.57444763183594,0,2.288811550354394,0.0,21.07663305128662,0.0
2014-04-13 11:30:00,85.7175886095,0.0,74.9609146118164,0,2.5186638220430666,0.0,21.07663305128662,0.0
2014-04-13 11:35:00,78.5726714117,0.0,77.25062561035156,0,3.956931314551367,0.0,21.07663305128662,0.0
2014-04-13 11:40:00,85.90032891959999,0.0,75.97842407226562,0,2.7514321153104486,0.0,21.07663305128662,0.0
2014-04-13 11:45:00,83.5066400031,0.0,77.62501525878906,0,3.6676778950413063,0.0,21.07663305128662,0.0
2014-04-13 11:50:00,79.3387727412,0.0,79.47186279296875,0,3.4852811738346663,0.0,21.07663305128662,0.0
2014-04-13 11:55:00,81.1616448455,0.0,76.526123046875,0,1.9325353352781232,0.0,21.07663305128662,0.0
2014-04-13 12:00:00,77.1166469626,0.0,77.99256134033203,0,2.571517680254882,0.0,21.07663305128662,0.0
2014-04-13 12:05:00,87.6322717277,0.0,75.7457046508789,0,1.146366892758497,0.0,21.07663305128662,0.0
2014-04-13 12:10:00,82.5784054665,0.0,75.34978485107422,0,1.8969846843222662,0.0,21.07663305128662,0.0
2014-04-13 12:15:00,72.6143077804,0.0,79.31819152832031,0,3.0783279835754893,0.0,21.07663305128662,0.0
2014-04-13 12:20:00,77.1332793514,0.0,75.68734741210938,0,2.786487085807325,0.0,21.07663305128662,0.0
2014-04-13 12:25:00,81.874663303,0.0,76.09959411621094,0,3.1356986349159186,0.0,21.07663305128662,0.0
2014-04-13 12:30:00,72.8138508459,0.0,76.12657165527344,0,2.421251373637501,0.0,21.07663305128662,0.0
2014-04-13 12:35:00,72.29528848460002,0.0,72.58485412597656,0,2.1547007104216807,0.0,21.07663305128662,0.0
2014-04-13 12:40:00,79.105347367,0.0,75.38618469238281,0,1.0932838979382815,0.0,21.07663305128662,0.0
2014-04-13 12:45:00,77.2302552236,0.0,73.915283203125,0,1.6370647890195276,0.0,21.07663305128662,0.0
2014-04-13 12:50:00,78.9179623953,0.0,73.86137390136719,0,1.3295526432302687,0.0,21.07663305128662,0.0
2014-04-13 12:55:00,76.1116492465,0.0,75.47916412353516,0,1.5475361038001907,0.0,21.07663305128662,0.0
2014-04-13 13:00:00,74.6175714349,0.0,74.68494415283203,0,1.5904010389987278,0.0,21.07663305128662,0.0
2014-04-13 13:05:00,83.0063674012,0.0,76.23212432861328,0,1.133927294413084,0.0,21.07663305128662,0.0
2014-04-13 13:10:00,80.2138819072,0.0,74.70672607421875,0,1.5663361759270487,0.0,21.07663305128662,0.0
2014-04-13 13:15:00,75.1844187878,0.0,75.82645416259766,0,1.6226570933081046,0.0,21.07663305128662,0.0
2014-04-13 13:20:00,77.0949235968,0.0,74.53353118896484,0,1.4928876821855468,0.0,21.07663305128662,0.0
2014-04-13 13:25:00,81.44937398020001,0.0,75.53430938720703,0,1.8046401434234376,0.0,21.07663305128662,0.0
2014-04-13 13:30:00,73.1381122117,0.0,74.70752716064453,0,1.7844697011500017,0.0,21.07663305128662,0.0
2014-04-13 13:35:00,74.3414019287,0.0,72.56803131103516,0,1.2922520906454107,0.0,21.07663305128662,0.0
2014-04-13 13:40:00,73.1543684026,0.0,74.392333984375,0,1.4774053209296873,0.0,21.07663305128662,0.0
2014-04-13 13:45:00,84.9766780249,0.0,71.92463684082031,0,1.1679322600065447,0.0,21.07663305128662,0.0
2014-04-13 13:50:00,84.0183784799,0.0,73.87293243408203,0,2.059025081392969,0.0,21.07663305128662,0.0
2014-04-13 13:55:00,84.0328341884,0.0,75.3453140258789,0,3.0379032339694323,0.0,21.07663305128662,0.0
2014-04-13 14:00:00,83.4571993578,0.0,77.3223876953125,0,3.772276223824999,0.0,21.07663305128662,0.0
2014-04-13 14:05:00,82.7061966907,0.0,78.24732208251953,0,4.7524773818632795,0.0,21.07663305128662,0.0
2014-04-13 14:10:00,79.6280483163,0.0,77.9695816040039,0,3.6783315598758772,0.0,21.07663305128662,0.0
2014-04-13 14:15:00,82.2725013465,0.0,76.58979797363281,0,2.617459143185643,0.0,21.07663305128662,0.0
2014-04-13 14:20:00,72.6102994149,0.0,76.8563003540039,0,2.2418570444789037,0.0,21.07663305128662,0.0
2014-04-13 14:25:00,81.9394974778,0.0,75.45101928710938,0,2.0057557040559555,0.0,21.07663305128662,0.0
2014-04-13 14:30:00,84.44198987850001,0.0,74.08760070800781,0,2.259456151869726,0.0,21.07663305128662,0.0
2014-04-13 14:35:00,80.0018934909,0.0,76.14757537841797,0,3.3464464591442393,0.0,21.07663305128662,0.0
2014-04-13 14:40:00,77.7164826846,0.0,75.23003387451172,0,3.117898301596096,0.0,21.07663305128662,0.0
2014-04-13 14:45:00,76.4351586931,0.0,77.71397399902344,0,2.897954285469142,0.0,21.07663305128662,0.0
2014-04-13 14:50:00,82.2808831306,0.0,75.9425048828125,0,2.2467464248732423,0.0,21.07663305128662,0.0
2014-04-13 14:55:00,83.0808311068,0.0,75.51748657226562,0,1.6467884582777348,0.0,21.07663305128662,0.0
2014-04-13 15:00:00,85.93465661719999,0.0,76.74589538574219,0,2.110416761034278,0.0,21.07663305128662,0.0
2014-04-13 15:05:00,77.47660153689999,0.0,78.01488494873047,0,2.9684782418023445,0.0,21.07663305128662,0.0
2014-04-13 15:10:00,84.3155474811,0.0,77.3046875,0,2.9535959282012705,0.0,21.07663305128662,0.0
2014-04-13 15:15:00,80.9809157628,0.0,78.613525390625,0,3.0376561448653323,0.0,21.07663305128662,0.0
2014-04-13 15:20:00,86.1245570472,0.0,75.86540222167969,0,2.246046392854783,0.0,21.07663305128662,0.0
2014-04-13 15:25:00,80.4442214608,0.0,79.454833984375,0,2.3798455921125967,0.0,21.07663305128662,0.0
2014-04-13 15:30:00,80.2813065464,0.0,78.62290954589844,0,2.5783490819025374,0.0,21.07663305128662,0.0
2014-04-13 15:35:00,81.2452533411,0.0,78.45884704589844,0,1.9092912093277334,0.0,21.07663305128662,0.0
2014-04-13 15:40:00,83.9882393874,0.0,75.87931823730469,0,1.9616681997060539,0.0,21.07663305128662,0.0
2014-04-13 15:45:00,87.4342082848,0.0,76.15353393554688,0,1.692888990277929,0.0,21.07663305128662,0.0
2014-04-13 15:50:00,73.1763111681,0.0,78.77633666992188,0,2.9792998493814444,0.0,21.07663305128662,0.0
2014-04-13 15:55:00,72.8542542307,0.0,77.28496551513672,0,3.472003412046483,0.0,21.07663305128662,0.0
2014-04-13 16:00:00,87.00063835700001,0.0,76.5169677734375,0,3.677541535700879,0.0,21.07663305128662,0.0
2014-04-13 16:05:00,80.4778554905,0.0,73.7804946899414,0,3.974385214884279,0.0,21.07663305128662,0.0
2014-04-13 16:10:00,81.8382911033,0.0,77.33877563476562,0,3.401471021297464,0.0,21.07663305128662,0.0
2014-04-13 16:15:00,79.71862456550001,0.0,76.47724914550781,0,3.263907267136526,0.0,21.07663305128662,0.0
2014-04-13 16:20:00,73.4983781246,0.0,80.35700988769531,0,3.1152402840809597,0.0,21.07663305128662,0.0
2014-04-13 16:25:00,84.289268219,0.0,74.12384033203125,0,2.66211043152256,0.0,21.07663305128662,0.0
2014-04-13 16:30:00,83.9554331267,0.0,75.3599853515625,0,2.3962707881402334,0.0,21.07663305128662,0.0
2014-04-13 16:35:00,76.9871053284,0.0,78.24409484863281,0,2.7537441990242186,0.0,21.07663305128662,0.0
2014-04-13 16:40:00,76.899680276,0.0,76.88568115234375,0,2.5170859783554693,0.0,21.07663305128662,0.0
2014-04-13 16:45:00,85.405298116,0.0,78.58662414550781,0,2.5039830382494124,0.0,21.07663305128662,0.0
2014-04-13 16:50:00,73.15757566100001,0.0,74.78617858886719,0,2.0856387986898426,0.0,21.07663305128662,0.0
2014-04-13 16:55:00,86.09751706620001,0.0,73.12945556640625,0,1.2147831927810522,0.0,21.07663305128662,0.0
2014-04-13 17:00:00,76.1065578134,0.0,78.19664764404297,0,2.6786671902261716,0.0,21.07663305128662,0.0
2014-04-13 17:05:00,81.4877246728,0.0,76.6614990234375,0,2.3082945307191416,0.0,21.07663305128662,0.0
2014-04-13 17:10:00,86.97587346530001,0.0,77.42760467529297,0,1.8673449130022473,0.0,21.07663305128662,0.0
2014-04-13 17:15:00,82.8499282102,0.0,76.13107299804688,0,3.6526851659985375,0.0,21.07663305128662,0.0
2014-04-13 17:20:00,78.63084680520001,0.0,77.50881958007812,0,2.8715343800434585,0.0,21.07663305128662,0.0
2014-04-13 17:25:00,83.032515458,0.0,77.31351470947266,0,2.7769221095805694,0.0,21.07663305128662,0.0
2014-04-13 17:30:00,77.50364441970001,0.0,79.04497528076172,0,2.8885189969761758,0.0,21.07663305128662,0.0
2014-04-13 17:35:00,76.4361053101,0.0,76.45372009277344,0,1.8358856964127952,0.0,21.07663305128662,0.0
2014-04-13 17:40:00,87.9468986753,0.0,73.993408203125,0,0.936804825960941,0.0,21.07663305128662,0.0
2014-04-13 17:45:00,84.01261143800001,0.0,78.30192565917969,0,2.6539296080546873,0.0,21.07663305128662,0.0
2014-04-13 17:50:00,82.3154880289,0.0,75.73602294921875,0,2.419662693206348,0.0,21.07663305128662,0.0
2014-04-13 17:55:00,77.6846044606,0.0,80.53052520751953,0,3.0494294705337914,0.0,21.07663305128662,0.0
2014-04-13 18:00:00,29.114623716599997,0.0,75.99559020996094,0,3.559030109877053,0.0,21.07663305128662,0.0
2014-04-13 18:05:00,28.998758438899998,0.0,48.64214706420898,0,7.6749646125252955,0.0,21.07663305128662,0.0
2014-04-13 18:10:00,32.346753824299995,0.0,41.048744201660156,0,6.1530442655773445,0.0,21.07663305128662,0.0
2014-04-13 18:15:00,33.6770029487,0.0,39.19712829589844,0,5.601804310660986,0.0,21.07663305128662,0.0
2014-04-13 18:20:00,32.2392206289,0.0,33.95547866821289,0,10.093308855403563,0.0,21.07663305128662,0.0
2014-04-13 18:25:00,34.1810178977,0.0,33.86830902099609,0,4.447720298647559,0.0,21.07663305128662,0.0
2014-04-13 18:30:00,29.0139242411,0.0,37.786521911621094,0,2.0313853300719256,0.0,21.07663305128662,0.0
2014-04-13 18:35:00,31.147207308899997,0.0,28.38239479064941,0,2.040211241717042,0.0,21.07663305128662,0.0
2014-04-13 18:40:00,30.317244682600002,0.0,35.42419815063477,0,1.1288516123298842,0.0,21.07663305128662,0.0
2014-04-13 18:45:00,31.662540916999998,0.0,33.37974166870117,0,1.5526885409201192,0.0,21.07663305128662,0.0
2014-04-13 18:50:00,29.2632032979,0.0,34.31606674194336,0,2.295195551063453,0.0,21.07663305128662,0.0
2014-04-13 18:55:00,34.906435804000004,0.0,32.291397094726555,0,1.8302287727537365,0.0,21.07663305128662,0.0
2014-04-13 19:00:00,21.160183036,0.0,26.58591079711914,0,1.7682625452334015,0.0,21.07663305128662,0.0
2014-04-13 19:05:00,24.2919375016,0.0,21.994462966918945,0,1.8081093318689478,0.0,21.07663305128662,0.0
2014-04-13 19:10:00,22.068000124,0.0,23.44838523864746,0,1.9238880561396257,0.0,21.07663305128662,0.0
2014-04-13 19:15:00,24.575146768899998,0.0,23.96383285522461,0,1.3873729723639419,0.0,21.07663305128662,0.0
2014-04-13 19:20:00,22.6421803158,0.0,22.0167293548584,0,1.1369073729141843,0.0,21.07663305128662,0.0
2014-04-13 19:25:00,24.3301298968,0.0,18.305194854736328,0,0.5918172620789548,0.0,21.07663305128662,0.0
2014-04-13 19:30:00,20.1839623621,0.0,18.25554656982422,0,1.0802606289160153,0.0,21.07663305128662,0.0
2014-04-13 19:35:00,23.5121085619,0.0,14.300899505615234,0,0.9196685895247558,0.0,21.07663305128662,0.0
2014-04-13 19:40:00,24.205665598000003,0.0,19.011436462402344,0,1.994655482350928,0.0,21.07663305128662,0.0
2014-04-13 19:45:00,20.7859469998,0.0,19.212709426879886,0,2.7948486282777347,0.0,21.07663305128662,0.0
2014-04-13 19:50:00,20.5906426862,0.0,17.76148223876953,0,2.23838644463479,0.0,21.07663305128662,0.0
2014-04-13 19:55:00,22.0620840699,0.0,20.46446990966797,0,2.350979526529126,0.0,21.07663305128662,0.0
2014-04-13 20:00:00,22.256348532399997,0.0,17.152549743652347,0,1.399280164522534,0.0,21.07663305128662,0.0
2014-04-13 20:05:00,20.653615102699998,0.0,18.71851921081543,0,1.3879763711662827,0.0,21.07663305128662,0.0
2014-04-13 20:10:00,20.5924614283,0.0,17.431148529052734,0,1.4332086610368395,0.0,21.07663305128662,0.0
2014-04-13 20:15:00,19.0100523524,0.0,20.19770812988281,0,1.474727717513939,0.0,21.07663305128662,0.0
2014-04-13 20:20:00,18.435233616199998,0.0,17.842041015625,0,1.4234829196702865,0.0,21.07663305128662,0.0
2014-04-13 20:25:00,21.750333550700002,0.0,18.42430877685547,0,0.859657146148705,0.0,21.07663305128662,0.0
2014-04-13 20:30:00,18.790705184500002,0.0,18.80083656311035,0,1.0076283934535644,0.0,21.07663305128662,0.0
2014-04-13 20:35:00,21.028248605199998,0.0,17.325614929199222,0,0.5939251979502922,0.0,21.07663305128662,0.0
2014-04-13 20:40:00,22.1782687316,0.0,20.15095329284668,0,0.9082974352650379,0.0,21.07663305128662,0.0
2014-04-13 20:45:00,19.2866380049,0.0,19.24359703063965,0,0.9632321448577876,0.0,21.07663305128662,0.0
2014-04-13 20:50:00,21.1569572833,0.0,18.284469604492188,0,0.5528591699097647,0.0,21.07663305128662,0.0
2014-04-13 20:55:00,18.7543491451,0.0,19.68293571472168,0,1.0806847209777821,0.0,21.07663305128662,0.0
2014-04-13 21:00:00,20.5130126239,0.0,18.72651481628418,0,0.672772846987939,0.0,21.07663305128662,0.0
2014-04-13 21:05:00,18.745274327,0.0,19.210926055908203,0,0.5416953849597652,0.0,21.07663305128662,0.0
2014-04-13 21:10:00,21.044344499,0.0,18.097692489624023,0,0.582106921027246,0.0,21.07663305128662,0.0
2014-04-13 21:15:00,19.2971087728,0.0,19.555028915405273,0,0.648715840975,0.0,21.07663305128662,0.0
2014-04-13 21:20:00,19.9488610938,0.0,17.254156112670902,0,0.5808708875124999,0.0,21.07663305128662,0.0
2014-04-13 21:25:00,20.4956311844,0.0,19.910743713378906,0,0.6943967842016598,0.0,21.07663305128662,0.0
2014-04-13 21:30:00,18.7747820462,0.0,18.32895851135254,0,0.7338162079440673,0.0,21.07663305128662,0.0
2014-04-13 21:35:00,21.0671906691,0.0,18.64805221557617,0,0.42121264862800256,0.0,21.07663305128662,0.0
2014-04-13 21:40:00,19.3027720099,0.0,19.57537269592285,0,0.7680693050651857,0.0,21.07663305128662,0.0
2014-04-13 21:45:00,20.7486049286,0.0,17.850139617919922,0,0.36523243696154806,0.0,21.07663305128662,0.0
2014-04-13 21:50:00,18.7225711916,0.0,19.858402252197266,0,0.6544296669189209,0.0,21.07663305128662,0.0
2014-04-13 21:55:00,20.8520824449,0.0,17.232494354248047,0,0.7341542508126468,0.0,21.07663305128662,0.0
2014-04-13 22:00:00,18.530524524300002,0.0,20.44447898864746,0,0.8664415969668453,0.0,21.07663305128662,0.0
2014-04-13 22:05:00,19.7203393443,0.0,16.834407806396484,0,0.950037843129345,0.0,21.07663305128662,0.0
2014-04-13 22:10:00,19.0070535569,0.0,19.90593719482422,0,0.8797015757003663,0.0,21.07663305128662,0.0
2014-04-13 22:15:00,21.0136547484,0.0,17.519927978515625,0,0.8509737191570554,0.0,21.07663305128662,0.0
2014-04-13 22:20:00,19.0664262231,0.0,19.53146171569824,0,1.0235349300729735,0.0,21.07663305128662,0.0
2014-04-13 22:25:00,21.5475350095,0.0,17.840843200683594,0,0.813235436514014,0.0,21.07663305128662,0.0
2014-04-13 22:30:00,21.5879854246,0.0,19.788896560668945,0,0.9656033421873773,0.0,21.07663305128662,0.0
2014-04-13 22:35:00,18.803799586300002,0.0,19.54965591430664,0,1.092759074707641,0.0,21.07663305128662,0.0
2014-04-13 22:40:00,20.4750209384,0.0,17.910850524902344,0,0.7492752694729239,0.0,21.07663305128662,0.0
2014-04-13 22:45:00,18.3684873936,0.0,20.16596984863281,0,1.1019759267814693,0.0,21.07663305128662,0.0
2014-04-13 22:50:00,19.584931891300002,0.0,17.223014831542972,0,0.693053474766919,0.0,21.07663305128662,0.0
2014-04-13 22:55:00,20.873306063199998,0.0,19.195131301879886,0,0.6339766547359362,0.0,21.07663305128662,0.0
2014-04-13 23:00:00,20.6416554224,0.0,18.51544952392578,0,0.7608336770077626,0.0,21.07663305128662,0.0
2014-04-13 23:05:00,20.5027384457,0.0,19.18907928466797,0,0.8921420332880352,0.0,21.07663305128662,0.0
2014-04-13 23:10:00,19.1338364442,0.0,18.611528396606445,0,0.9349946100729238,0.0,21.07663305128662,0.0
2014-04-13 23:15:00,19.515846119000003,0.0,18.972675323486328,0,0.7035304792495101,0.0,21.07663305128662,0.0
2014-04-13 23:20:00,18.4153196396,0.0,18.313138961791992,0,0.5631679878266849,0.0,21.07663305128662,0.0
2014-04-13 23:25:00,20.8800994892,0.0,18.156553268432614,0,0.31016483524340854,0.0,21.07663305128662,0.0
2014-04-13 23:30:00,20.0193981718,0.0,19.70745086669922,0,0.4864007177103278,0.0,21.07663305128662,0.0
2014-04-13 23:35:00,20.8390628593,0.0,17.82322883605957,0,0.2985892215113286,0.0,21.07663305128662,0.0
2014-04-13 23:40:00,18.9994212859,0.0,19.82834243774414,0,0.607672124977173,0.0,21.07663305128662,0.0
2014-04-13 23:45:00,19.3014580812,0.0,17.490447998046875,0,0.7715273900191897,0.0,21.07663305128662,0.0
2014-04-13 23:50:00,19.3405740245,0.0,19.194868087768555,0,0.619705773404907,0.0,21.07663305128662,0.0
2014-04-13 23:55:00,18.1064454074,0.0,18.204309463500977,0,0.7007530491375733,0.0,21.07663305128662,0.0
2014-04-14 00:00:00,19.3641914913,0.0,18.15987777709961,0,0.33600680324514176,0.0,21.07663305128662,0.0
2014-04-14 00:05:00,21.213218294100002,0.0,18.635780334472656,0,0.40736172377324253,0.0,21.07663305128662,0.0
2014-04-14 00:10:00,21.589193983,0.0,18.65690422058105,0,0.45035643487334065,0.0,21.07663305128662,0.0
2014-04-14 00:15:00,20.0728732625,0.0,19.22675323486328,0,0.7960389273207293,0.0,21.07663305128662,0.0
2014-04-14 00:20:00,19.8220067809,0.0,18.403417587280273,0,0.9450201829854259,0.0,21.07663305128662,0.0
2014-04-14 00:25:00,18.1232984748,0.0,19.74738883972168,0,0.9718046179128428,0.0,21.07663305128662,0.0
2014-04-14 00:30:00,21.516817350300002,0.0,17.73385238647461,0,0.784734101686793,0.0,21.07663305128662,0.0
2014-04-14 00:35:00,18.0520408537,0.0,20.21691131591797,0,0.8139672768231936,0.0,21.07663305128662,0.0
2014-04-14 00:40:00,21.779000320799998,0.0,16.832603454589847,0,0.66842871496543,0.0,21.07663305128662,0.0
2014-04-14 00:45:00,19.9568649948,0.0,20.46595764160156,0,1.1849095941186758,0.0,21.07663305128662,0.0
2014-04-14 00:50:00,19.367737974300002,0.0,17.869895935058594,0,1.015555465414697,0.0,21.07663305128662,0.0
2014-04-14 00:55:00,21.6968737394,0.0,18.606298446655273,0,0.838035653321191,0.0,21.07663305128662,0.0
2014-04-14 01:00:00,18.0975639724,0.0,19.714710235595703,0,1.2554883556247307,0.0,21.07663305128662,0.0
2014-04-14 01:05:00,20.3256995795,0.0,17.91012191772461,0,0.6489721483367425,0.0,21.07663305128662,0.0
2014-04-14 01:10:00,20.195730098,0.0,19.710783004760746,0,0.8555580983926521,0.0,21.07663305128662,0.0
2014-04-14 01:15:00,18.8772816048,0.0,18.443418502807614,0,0.749378409824291,0.0,21.07663305128662,0.0
2014-04-14 01:20:00,19.7155497254,0.0,18.15028381347656,0,0.41728938598024845,0.0,21.07663305128662,0.0
2014-04-14 01:25:00,20.6090560238,0.0,18.05411529541016,0,0.6124567211163088,0.0,21.07663305128662,0.0
2014-04-14 01:30:00,20.9085247875,0.0,19.834035873413086,0,0.6298771044431151,0.0,21.07663305128662,0.0
2014-04-14 01:35:00,18.0028674348,0.0,18.20929336547852,0,0.494002801899073,0.0,21.07663305128662,0.0
2014-04-14 01:40:00,21.7474137204,0.0,18.83931541442871,0,0.6603294171332035,0.0,21.07663305128662,0.0
2014-04-14 01:45:00,18.6581014896,0.0,20.042043685913086,0,0.8429942348908206,0.0,21.07663305128662,0.0
2014-04-14 01:50:00,18.9343217369,0.0,17.13597297668457,0,0.6508343818992683,0.0,21.07663305128662,0.0
2014-04-14 01:55:00,19.0538937828,0.0,19.23031044006348,0,0.7413168626653328,0.0,21.07663305128662,0.0
2014-04-14 02:00:00,18.1512805462,0.0,17.487768173217773,0,0.7714749496614997,0.0,21.07663305128662,0.0
2014-04-14 02:05:00,18.4922084944,0.0,18.460935592651367,0,0.5027774983467777,0.0,21.07663305128662,0.0
2014-04-14 02:10:00,21.9453996918,0.0,17.34014892578125,0,0.333693836526221,0.0,21.07663305128662,0.0
2014-04-14 02:15:00,19.260866949500002,0.0,20.04804039001465,0,0.6845565872516359,0.0,21.07663305128662,0.0
2014-04-14 02:20:00,18.4612043614,0.0,17.484636306762695,0,0.5664221982062005,0.0,21.07663305128662,0.0
2014-04-14 02:25:00,18.4279650447,0.0,18.504484176635746,0,0.6055541584130855,0.0,21.07663305128662,0.0
2014-04-14 02:30:00,20.8778398707,0.0,18.60707092285156,0,0.8056889241383058,0.0,21.07663305128662,0.0
2014-04-14 02:35:00,21.4182746561,0.0,18.276397705078125,0,0.5138786968670175,0.0,21.07663305128662,0.0
2014-04-14 02:40:00,19.027809198,0.0,19.526784896850586,0,0.808216635680421,0.0,21.07663305128662,0.0
2014-04-14 02:45:00,18.0836380493,0.0,18.047260284423828,0,0.5185890977073244,0.0,21.07663305128662,0.0
2014-04-14 02:50:00,18.892360073800003,0.0,18.456905364990234,0,0.7434999203246342,0.0,21.07663305128662,0.0
2014-04-14 02:55:00,18.226062763199998,0.0,17.990488052368164,0,0.5140856404448,0.0,21.07663305128662,0.0
2014-04-14 03:00:00,18.4135797465,0.0,17.195030212402347,0,0.15079786042104493,0.0,21.07663305128662,0.0
2014-04-14 03:05:00,19.7260324794,0.0,17.80987548828125,0,0.24074458982692848,0.0,21.07663305128662,0.0
2014-04-14 03:10:00,18.9196734834,0.0,18.951248168945312,0,0.4757169931072509,0.0,21.07663305128662,0.0
2014-04-14 03:15:00,20.063783514100002,0.0,17.593017578125,0,0.3345838144810296,0.0,21.07663305128662,0.0
2014-04-14 03:20:00,19.013975013,0.0,18.496564865112305,0,0.6374223405364261,0.0,21.07663305128662,0.0
2014-04-14 03:25:00,21.7621492044,0.0,17.487615585327152,0,0.616988470065845,0.0,21.07663305128662,0.0
2014-04-14 03:30:00,21.6237758717,0.0,20.143062591552734,0,0.9117855485601072,0.0,21.07663305128662,0.0
2014-04-14 03:35:00,20.26722442,0.0,19.46161651611328,0,0.9517919255662597,0.0,21.07663305128662,0.0
2014-04-14 03:40:00,19.4176959679,0.0,19.177316665649414,0,0.7436471715552244,0.0,21.07663305128662,0.0
2014-04-14 03:45:00,19.5245875281,0.0,18.59090805053711,0,0.7704635722664062,0.0,21.07663305128662,0.0
2014-04-14 03:50:00,19.6474091326,0.0,18.46714782714844,0,0.35285680457766144,0.0,21.07663305128662,0.0
2014-04-14 03:55:00,20.9103172885,0.0,18.131990432739254,0,0.39499099864396925,0.0,21.07663305128662,0.0
2014-04-14 04:00:00,19.8065559821,0.0,19.305715560913086,0,0.6415808676282224,0.0,21.07663305128662,0.0
2014-04-14 04:05:00,21.426919786,0.0,18.683101654052734,0,0.6741385074952637,0.0,21.07663305128662,0.0
2014-04-14 04:10:00,21.776379143699998,0.0,19.446605682373047,0,0.9004058392933105,0.0,21.07663305128662,0.0
2014-04-14 04:15:00,19.3437846135,0.0,19.410762786865234,0,1.0440948587777346,0.0,21.07663305128662,0.0
2014-04-14 04:20:00,20.2427779255,0.0,18.010162353515625,0,0.7051762734782958,0.0,21.07663305128662,0.0
2014-04-14 04:25:00,18.3802261473,0.0,19.928455352783203,0,0.9216481673279784,0.0,21.07663305128662,0.0
2014-04-14 04:30:00,18.8018761911,0.0,18.027019500732425,0,0.6433824715743164,0.0,21.07663305128662,0.0
2014-04-14 04:35:00,19.6538630668,0.0,18.420886993408203,0,0.3553732928751945,0.0,21.07663305128662,0.0
2014-04-14 04:40:00,18.8248108636,0.0,18.26897430419922,0,0.5642637577940426,0.0,21.07663305128662,0.0
2014-04-14 04:45:00,21.5062419632,0.0,17.85830307006836,0,0.508904710316894,0.0,21.07663305128662,0.0
2014-04-14 04:50:00,18.6331450242,0.0,19.53701400756836,0,0.7764510270364742,0.0,21.07663305128662,0.0
2014-04-14 04:55:00,19.822643286199998,0.0,18.0395450592041,0,0.7035521706655272,0.0,21.07663305128662,0.0
2014-04-14 05:00:00,20.4227969618,0.0,19.144580841064453,0,0.7335338125694824,0.0,21.07663305128662,0.0
2014-04-14 05:05:00,20.7674556326,0.0,18.946857452392575,0,0.8877108009208738,0.0,21.07663305128662,0.0
2014-04-14 05:10:00,19.5322774789,0.0,19.297849655151367,0,0.659293211805347,0.0,21.07663305128662,0.0
2014-04-14 05:15:00,21.476396274899997,0.0,18.136524200439453,0,0.6395425439609377,0.0,21.07663305128662,0.0
2014-04-14 05:20:00,20.2732766043,0.0,20.42060089111328,0,0.8341392748940186,0.0,21.07663305128662,0.0
2014-04-14 05:25:00,19.758031121800002,0.0,17.961292266845703,0,0.5817373691270751,0.0,21.07663305128662,0.0
2014-04-14 05:30:00,18.2689625362,0.0,19.113561630249023,0,0.5787549534704342,0.0,21.07663305128662,0.0
2014-04-14 05:35:00,19.858757873800002,0.0,18.131572723388672,0,0.662754436748803,0.0,21.07663305128662,0.0
2014-04-14 05:40:00,21.2829433633,0.0,18.804109573364254,0,0.4487432149303956,0.0,21.07663305128662,0.0
2014-04-14 05:45:00,20.4581640729,0.0,19.397045135498047,0,0.7640100312110123,0.0,21.07663305128662,0.0
2014-04-14 05:50:00,21.3286498149,0.0,18.18033599853516,0,0.6157332309413084,0.0,21.07663305128662,0.0
2014-04-14 05:55:00,19.9760466824,0.0,19.937435150146484,0,1.0519314617642337,0.0,21.07663305128662,0.0
2014-04-14 06:00:00,18.4738468204,0.0,18.473167419433594,0,0.8408597594945069,0.0,21.07663305128662,0.0
2014-04-14 06:05:00,18.0545593833,0.0,18.496845245361328,0,0.5310904608733393,0.0,21.07663305128662,0.0
2014-04-14 06:10:00,19.2128781869,0.0,17.941818237304688,0,0.45373632645576123,0.0,21.07663305128662,0.0
2014-04-14 06:15:00,20.791961886,0.0,18.71527862548828,0,0.18076130672148416,0.0,21.07663305128662,0.0
2014-04-14 06:20:00,21.1610396158,0.0,18.673799514770508,0,0.33883772423081027,0.0,21.07663305128662,0.0
2014-04-14 06:25:00,19.1830113385,0.0,19.145305633544922,0,0.7020687413761961,0.0,21.07663305128662,0.0
2014-04-14 06:30:00,19.9826156835,0.0,18.027080535888672,0,0.7340861270114498,0.0,21.07663305128662,0.0
2014-04-14 06:35:00,19.6844756177,0.0,19.2183895111084,0,0.8196455267634519,0.0,21.07663305128662,0.0
2014-04-14 06:40:00,19.6420911374,0.0,18.663196563720703,0,0.6138986109473872,0.0,21.07663305128662,0.0
2014-04-14 06:45:00,18.9253948528,0.0,18.66465759277344,0,0.42535542002861293,0.0,21.07663305128662,0.0
2014-04-14 06:50:00,18.5454844201,0.0,18.70688247680664,0,0.4210323037000485,0.0,21.07663305128662,0.0
2014-04-14 06:55:00,18.786754232899998,0.0,17.95903778076172,0,0.1790696564178229,0.0,21.07663305128662,0.0
2014-04-14 07:00:00,18.221329548699998,0.0,17.696107864379886,0,0.27859329281884726,0.0,21.07663305128662,0.0
2014-04-14 07:05:00,18.792522967300002,0.0,17.333881378173828,0,0.15591195513146872,0.0,21.07663305128662,0.0
2014-04-14 07:10:00,18.0368035905,0.0,18.125904083251953,0,0.3109281067730705,0.0,21.07663305128662,0.0
2014-04-14 07:15:00,20.5090336025,0.0,17.868595123291016,0,0.36258502729206477,0.0,21.07663305128662,0.0
2014-04-14 07:20:00,19.2655016296,0.0,19.281578063964844,0,0.589175280675903,0.0,21.07663305128662,0.0
2014-04-14 07:25:00,21.8925788457,0.0,17.481084823608402,0,0.3699353152483891,0.0,21.07663305128662,0.0
2014-04-14 07:30:00,18.7748682031,0.0,20.004417419433594,0,0.7390418693690672,0.0,21.07663305128662,0.0
2014-04-14 07:35:00,19.3833142812,0.0,17.416343688964847,0,0.9448302952706786,0.0,21.07663305128662,0.0
2014-04-14 07:40:00,19.4313646346,0.0,19.35514259338379,0,0.8136167907575431,0.0,21.07663305128662,0.0
2014-04-14 07:45:00,18.0338059842,0.0,18.149433135986328,0,0.8879951851990961,0.0,21.07663305128662,0.0
2014-04-14 07:50:00,21.3568318122,0.0,17.779067993164062,0,0.3510118264109372,0.0,21.07663305128662,0.0
2014-04-14 07:55:00,18.1279778406,0.0,19.430706024169922,0,0.7170729505342037,0.0,21.07663305128662,0.0
2014-04-14 08:00:00,21.7607193389,0.0,17.063606262207028,0,0.4594301444548097,0.0,21.07663305128662,0.0
2014-04-14 08:05:00,21.5682974044,0.0,20.248403549194336,0,1.0072469482422859,0.0,21.07663305128662,0.0
2014-04-14 08:10:00,20.1420876643,0.0,18.35653305053711,0,1.0971341532387697,0.0,21.07663305128662,0.0
2014-04-14 08:15:00,20.1743822996,0.0,19.414100646972656,0,0.8731080025796389,0.0,21.07663305128662,0.0
2014-04-14 08:20:00,20.6151116918,0.0,18.608821868896484,0,1.0703553997861088,0.0,21.07663305128662,0.0
2014-04-14 08:25:00,19.5482000477,0.0,20.107149124145508,0,0.7340024930624267,0.0,21.07663305128662,0.0
2014-04-14 08:30:00,20.5888891336,0.0,17.588071823120114,0,0.6388843957174073,0.0,21.07663305128662,0.0
2014-04-14 08:35:00,18.1790735548,0.0,19.548870086669922,0,0.7907922328070316,0.0,21.07663305128662,0.0
2014-04-14 08:40:00,18.2161905094,0.0,17.650009155273438,0,0.6259721465441652,0.0,21.07663305128662,0.0
2014-04-14 08:45:00,19.8289216785,0.0,17.754499435424805,0,0.441318968622046,0.0,21.07663305128662,0.0
2014-04-14 08:50:00,20.1984892044,0.0,19.230653762817386,0,0.8764021799439456,0.0,21.07663305128662,0.0
2014-04-14 08:55:00,21.5512705613,0.0,17.657711029052734,0,0.4908319203296134,0.0,21.07663305128662,0.0
2014-04-14 09:00:00,62.623384621099994,0.0,20.18243408203125,0,0.8109419147017816,0.0,21.07663305128662,0.0
2014-04-14 09:05:00,72.38801180979999,0.0,52.19267272949219,0,6.083717868613915,0.0,21.07663305128662,0.0
2014-04-14 09:10:00,64.0566437872,0.0,57.29364013671875,0,4.437937633514281,0.0,21.07663305128662,0.0
2014-04-14 09:15:00,66.55953761970001,0.0,59.62422180175781,0,4.69381040333579,0.0,21.07663305128662,0.0
2014-04-14 09:20:00,65.5057931137,0.0,64.79248046875,0,9.541826135974999,0.0,21.07663305128662,0.0
2014-04-14 09:25:00,66.642111711,0.0,63.56243896484375,0,4.233891814016406,0.0,21.07663305128662,0.0
2014-04-14 09:30:00,63.246738773800004,0.0,61.91530990600586,0,2.0944335222474617,0.0,21.07663305128662,0.0
2014-04-14 09:35:00,68.0485530119,0.0,63.14299011230469,0,1.39317359549751,0.0,21.07663305128662,0.0
2014-04-14 09:40:00,72.1023392217,0.0,65.00257873535156,0,1.1394544807041491,0.0,21.07663305128662,0.0
2014-04-14 09:45:00,67.2048625412,0.0,64.73063659667969,0,1.8325731297928236,0.0,21.07663305128662,0.0
2014-04-14 09:50:00,67.8723446322,0.0,63.73123168945313,0,1.7568922795883317,0.0,21.07663305128662,0.0
2014-04-14 09:55:00,72.7432391598,0.0,62.38220977783203,0,2.3275827841513665,0.0,21.07663305128662,0.0
2014-04-14 10:00:00,80.7980219392,0.0,73.00706481933594,0,3.0095160944479487,0.0,21.07663305128662,0.0
2014-04-14 10:05:00,77.4518524202,0.0,74.3336181640625,0,2.4365968037543935,0.0,21.07663305128662,0.0
2014-04-14 10:10:00,73.8394364599,0.0,74.61227416992188,0,2.434713935990721,0.0,21.07663305128662,0.0
2014-04-14 10:15:00,83.574063111,0.0,73.10025024414062,0,2.5877093471176753,0.0,21.07663305128662,0.0
2014-04-14 10:20:00,78.7953566342,0.0,72.42176818847656,0,2.769480244110351,0.0,21.07663305128662,0.0
2014-04-14 10:25:00,73.2722109089,0.0,74.956787109375,0,2.592309159842774,0.0,21.07663305128662,0.0
2014-04-14 10:30:00,74.0167385609,0.0,72.33433532714844,0,2.0780860876294938,0.0,21.07663305128662,0.0
2014-04-14 10:35:00,82.3046255403,0.0,74.41230773925781,0,2.4552267199460953,0.0,21.07663305128662,0.0
2014-04-14 10:40:00,70.5251391236,0.0,72.8426513671875,0,2.1604909009187505,0.0,21.07663305128662,0.0
2014-04-14 10:45:00,85.2372707427,0.0,68.49869537353516,0,1.653481375651758,0.0,21.07663305128662,0.0
2014-04-14 10:50:00,71.8630580692,0.0,73.10676574707031,0,3.578851080943261,0.0,21.07663305128662,0.0
2014-04-14 10:55:00,82.1949835142,0.0,71.2591323852539,0,3.201310808524317,0.0,21.07663305128662,0.0
2014-04-14 11:00:00,77.8465066379,0.0,74.43734741210938,0,3.5017797252717777,0.0,21.07663305128662,0.0
2014-04-14 11:05:00,79.39620617899999,0.0,73.85630798339844,0,3.7191255073578144,0.0,21.07663305128662,0.0
2014-04-14 11:10:00,85.57386678399999,0.0,74.66319274902344,0,2.3192908606624023,0.0,21.07663305128662,0.0
2014-04-14 11:15:00,78.1349395592,0.0,75.61479187011719,0,3.849447823164354,0.0,21.07663305128662,0.0
2014-04-14 11:20:00,80.11630065840001,0.0,76.80561065673828,0,2.797484893181444,0.0,21.07663305128662,0.0
2014-04-14 11:25:00,72.352061831,0.0,74.96984100341797,0,2.785176240165331,0.0,21.07663305128662,0.0
2014-04-14 11:30:00,71.6053342244,0.0,73.57546997070312,0,2.419911362267383,0.0,21.07663305128662,0.0
2014-04-14 11:35:00,75.4612971802,0.0,73.71276092529297,0,1.3023440761832052,0.0,21.07663305128662,0.0
2014-04-14 11:40:00,82.3919935098,0.0,69.75410461425781,0,1.2058926469112325,0.0,21.07663305128662,0.0
2014-04-14 11:45:00,73.496596864,0.0,77.49034118652344,0,2.3717925086462905,0.0,21.07663305128662,0.0
2014-04-14 11:50:00,73.3772701928,0.0,70.19793701171875,0,2.106654088682715,0.0,21.07663305128662,0.0
2014-04-14 11:55:00,78.1039175102,0.0,75.55345153808594,0,2.3544217721860363,0.0,21.07663305128662,0.0
2014-04-14 12:00:00,82.2665541466,0.0,71.5002670288086,0,2.7951790464076183,0.0,21.07663305128662,0.0
2014-04-14 12:05:00,83.2930800937,0.0,74.83663177490234,0,2.5612288241887704,0.0,21.07663305128662,0.0
2014-04-14 12:10:00,74.7653845326,0.0,77.98954010009766,0,3.119066823723047,0.0,21.07663305128662,0.0
2014-04-14 12:15:00,73.1854822655,0.0,75.20087432861328,0,2.9454646812292005,0.0,21.07663305128662,0.0
2014-04-14 12:20:00,86.9418969201,0.0,75.30352783203125,0,3.0577853834000006,0.0,21.07663305128662,0.0
2014-04-14 12:25:00,76.0792573264,0.0,72.17292022705078,0,3.1667956296846693,0.0,21.07663305128662,0.0
2014-04-14 12:30:00,85.55075970899999,0.0,75.27864837646484,0,2.5980317272536144,0.0,21.07663305128662,0.0
2014-04-14 12:35:00,85.7128841716,0.0,76.14591979980469,0,3.4790261978833,0.0,21.07663305128662,0.0
2014-04-14 12:40:00,84.25912903439999,0.0,79.94491577148438,0,4.414639927292967,0.0,21.07663305128662,0.0
2014-04-14 12:45:00,74.6116961012,0.0,76.99455261230469,0,2.557704265404489,0.0,21.07663305128662,0.0
2014-04-14 12:50:00,85.04664476,0.0,74.56578063964844,0,3.317018184793845,0.0,21.07663305128662,0.0
2014-04-14 12:55:00,84.2068393371,0.0,76.97103118896484,0,3.343112283270898,0.0,21.07663305128662,0.0
2014-04-14 13:00:00,81.5279964254,0.0,76.41584777832031,0,2.756800869342774,0.0,21.07663305128662,0.0
2014-04-14 13:05:00,77.37665770689999,0.0,79.1340103149414,0,2.8565427923632836,0.0,21.07663305128662,0.0
2014-04-14 13:10:00,76.18184963520001,0.0,76.02954864501953,0,3.07327169045098,0.0,21.07663305128662,0.0
2014-04-14 13:15:00,73.9324793387,0.0,74.07774353027344,0,1.7822012991795937,0.0,21.07663305128662,0.0
2014-04-14 13:20:00,80.1368756033,0.0,74.06073760986328,0,0.8958833046093773,0.0,21.07663305128662,0.0
2014-04-14 13:25:00,81.3446466064,0.0,73.5660171508789,0,1.0163819729040053,0.0,21.07663305128662,0.0
2014-04-14 13:30:00,77.7307639865,0.0,78.41767883300781,0,1.7690415788389657,0.0,21.07663305128662,0.0
2014-04-14 13:35:00,79.5866397041,0.0,75.49319458007812,0,0.7466330050937504,0.0,21.07663305128662,0.0
2014-04-14 13:40:00,77.7975554224,0.0,77.08685302734375,0,2.329390927435938,0.0,21.07663305128662,0.0
2014-04-14 13:45:00,82.2363554539,0.0,73.45789337158203,0,1.5811960513124017,0.0,21.07663305128662,0.0
2014-04-14 13:50:00,86.39940648940002,0.0,77.00465393066406,0,1.706175129662011,0.0,21.07663305128662,0.0
2014-04-14 13:55:00,74.6048147389,0.0,78.64378356933594,0,2.8721702700165057,0.0,21.07663305128662,0.0
2014-04-14 14:00:00,78.0987920365,0.0,77.76351928710938,0,2.653803696584278,0.0,21.07663305128662,0.0
2014-04-14 14:05:00,74.2503334761,0.0,75.64173889160156,0,2.681664764380569,0.0,21.07663305128662,0.0
2014-04-14 14:10:00,81.9951643697,0.0,73.76727294921875,0,1.7582826810285184,0.0,21.07663305128662,0.0
2014-04-14 14:15:00,83.6579123793,0.0,73.53497314453125,0,1.7491923019761728,0.0,21.07663305128662,0.0
2014-04-14 14:20:00,86.9064320126,0.0,76.79988861083984,0,2.509688602517775,0.0,21.07663305128662,0.0
2014-04-14 14:25:00,76.4582806465,0.0,79.64044952392578,0,3.093708650379005,0.0,21.07663305128662,0.0
2014-04-14 14:30:00,87.1991935316,0.0,76.2406005859375,0,3.954942866804494,0.0,21.07663305128662,0.0
2014-04-14 14:35:00,73.0086981634,0.0,77.52435302734375,0,4.29628055745215,0.0,21.07663305128662,0.0
2014-04-14 14:40:00,81.6443026992,0.0,73.95341491699219,0,3.219306582531935,0.0,21.07663305128662,0.0
2014-04-14 14:45:00,72.9106236316,0.0,76.79689025878906,0,2.7137867472555666,0.0,21.07663305128662,0.0
2014-04-14 14:50:00,86.2962445856,0.0,75.84444427490234,0,2.9049378690796868,0.0,21.07663305128662,0.0
2014-04-14 14:55:00,80.47308201979999,0.0,74.9348373413086,0,2.961675626493358,0.0,21.07663305128662,0.0
2014-04-14 15:00:00,82.70877960029999,0.0,76.13328552246094,0,3.445899924823239,0.0,21.07663305128662,0.0
2014-04-14 15:05:00,85.3043638848,0.0,76.15843200683594,0,3.3064757117771446,0.0,21.07663305128662,0.0
2014-04-14 15:10:00,74.404255672,0.0,78.50341796875,0,3.9639338681240197,0.0,21.07663305128662,0.0
2014-04-14 15:15:00,72.6167678633,0.0,77.45913696289062,0,3.169854116380563,0.0,21.07663305128662,0.0
2014-04-14 15:20:00,86.0612721385,0.0,75.4144287109375,0,3.082869669017967,0.0,21.07663305128662,0.0
2014-04-14 15:25:00,77.0381920656,0.0,74.29592895507812,0,3.591788337733398,0.0,21.07663305128662,0.0
2014-04-14 15:30:00,74.0629515157,0.0,76.91304016113281,0,2.738711629641797,0.0,21.07663305128662,0.0
2014-04-14 15:35:00,79.4946166377,0.0,71.93923950195312,0,2.268916714334182,0.0,21.07663305128662,0.0
2014-04-14 15:40:00,81.5721141113,0.0,78.19404602050781,0,2.830067229239651,0.0,21.07663305128662,0.0
2014-04-14 15:45:00,72.4948336977,0.0,72.62664794921875,0,1.2087207170900385,0.0,21.07663305128662,0.0
2014-04-14 15:50:00,76.3975971081,0.0,76.29227447509766,0,1.2230317023353514,0.0,21.07663305128662,0.0
2014-04-14 15:55:00,72.52410175039998,0.0,74.92608642578125,0,1.3963227638825195,0.0,21.07663305128662,0.0
2014-04-14 16:00:00,78.7252150744,0.0,73.12527465820312,0,0.7521487063368184,0.0,21.07663305128662,0.0
2014-04-14 16:05:00,86.3214347276,0.0,74.18815612792969,0,0.9887201113549828,0.0,21.07663305128662,0.0
2014-04-14 16:10:00,87.72227015680002,0.0,73.77857971191406,0,2.356042971158109,0.0,21.07663305128662,0.0
2014-04-14 16:15:00,82.192603046,0.0,77.73512268066406,0,4.202148196776376,0.0,21.07663305128662,0.0
2014-04-14 16:20:00,74.586059895,0.0,79.59109497070312,0,4.516798728261136,0.0,21.07663305128662,0.0
2014-04-14 16:25:00,86.4934241723,0.0,77.31136322021484,0,4.442435560699417,0.0,21.07663305128662,0.0
2014-04-14 16:30:00,80.2598110721,0.0,76.04415893554688,0,4.073533354751271,0.0,21.07663305128662,0.0
2014-04-14 16:35:00,74.4598460305,0.0,76.27901458740234,0,2.7091215426293953,0.0,21.07663305128662,0.0
2014-04-14 16:40:00,86.7474601558,0.0,76.55901336669922,0,2.2824116988917957,0.0,21.07663305128662,0.0
2014-04-14 16:45:00,84.1193433021,0.0,75.16563415527344,0,3.1756660543301756,0.0,21.07663305128662,0.0
2014-04-14 16:50:00,83.7071236456,0.0,77.37025451660156,0,3.1471220786728527,0.0,21.07663305128662,0.0
2014-04-14 16:55:00,83.3467312347,0.0,75.44226837158203,0,3.3859109464462893,0.0,21.07663305128662,0.0
2014-04-14 17:00:00,75.2054082587,0.0,79.39848327636719,0,4.17293599100547,0.0,21.07663305128662,0.0
2014-04-14 17:05:00,75.3760781229,0.0,77.48966217041016,0,3.212123765559083,0.0,21.07663305128662,0.0
2014-04-14 17:10:00,83.01265609800001,0.0,75.45550537109375,0,2.3357743951195324,0.0,21.07663305128662,0.0
2014-04-14 17:15:00,75.5155350038,0.0,76.43472290039062,0,2.7210340819001964,0.0,21.07663305128662,0.0
2014-04-14 17:20:00,79.01871680560001,0.0,72.31591033935547,0,1.6011088152580086,0.0,21.07663305128662,0.0
2014-04-14 17:25:00,84.51199675689999,0.0,77.12586975097656,0,1.914825246330178,0.0,21.07663305128662,0.0
2014-04-14 17:30:00,84.543207825,0.0,76.55706787109375,0,2.619367168561036,0.0,21.07663305128662,0.0
2014-04-14 17:35:00,79.2521579276,0.0,77.09538269042969,0,2.6729908219360343,0.0,21.07663305128662,0.0
2014-04-14 17:40:00,84.6750064972,0.0,79.15985107421875,0,3.028981082905565,0.0,21.07663305128662,0.0
2014-04-14 17:45:00,85.4179159387,0.0,78.63119506835938,0,2.880524702497654,0.0,21.07663305128662,0.0
2014-04-14 17:50:00,82.4763803496,0.0,78.91018676757812,0,2.8055989355498046,0.0,21.07663305128662,0.0
2014-04-14 17:55:00,75.6547845855,0.0,78.32594299316406,0,2.253105639064259,0.0,21.07663305128662,0.0
2014-04-14 18:00:00,30.5536695282,0.0,76.6251449584961,0,2.3174035353759788,0.0,21.07663305128662,0.0
2014-04-14 18:05:00,30.814977478099998,0.0,47.38955688476562,0,7.3869435362903335,0.0,21.07663305128662,0.0
2014-04-14 18:10:00,29.5475406164,0.0,42.45660781860352,0,5.077272390739161,0.0,21.07663305128662,0.0
2014-04-14 18:15:00,30.548215705100002,0.0,35.98282241821289,0,5.628512959991604,0.0,21.07663305128662,0.0
2014-04-14 18:20:00,30.1409172485,0.0,33.27162933349609,0,10.123716094034766,0.0,21.07663305128662,0.0
2014-04-14 18:25:00,31.714097909699998,0.0,32.70412063598633,0,4.756120675872266,0.0,21.07663305128662,0.0
2014-04-14 18:30:00,34.6139936605,0.0,35.94497299194336,0,2.8080510908248537,0.0,21.07663305128662,0.0
2014-04-14 18:35:00,29.4686683692,0.0,31.513267517089844,0,1.3607901069798332,0.0,21.07663305128662,0.0
2014-04-14 18:40:00,33.4097082986,0.0,32.09545516967773,0,0.9370391613269526,0.0,21.07663305128662,0.0
2014-04-14 18:45:00,33.1986048541,0.0,36.54858016967773,0,0.709981791817726,0.0,21.07663305128662,0.0
2014-04-14 18:50:00,29.412821224200002,0.0,34.801963806152344,0,1.004975865479151,0.0,21.07663305128662,0.0
2014-04-14 18:55:00,34.7044567281,0.0,33.34433364868164,0,1.5122462717927738,0.0,21.07663305128662,0.0
2014-04-14 19:00:00,22.70675422,0.0,27.24486351013184,0,1.0502237947338378,0.0,21.07663305128662,0.0
2014-04-14 19:05:00,21.7894891394,0.0,23.59285545349121,0,1.8296687833850336,0.0,21.07663305128662,0.0
2014-04-14 19:10:00,23.549291562199997,0.0,21.12872695922852,0,1.6363426581992186,0.0,21.07663305128662,0.0
2014-04-14 19:15:00,21.3129960845,0.0,24.443700790405273,0,1.2332075482730458,0.0,21.07663305128662,0.0
2014-04-14 19:20:00,23.266922793600006,0.0,20.332639694213867,0,1.2125016658363772,0.0,21.07663305128662,0.0
2014-04-14 19:25:00,20.3379050942,0.0,18.62111091613769,0,0.7677825533556639,0.0,21.07663305128662,0.0
2014-04-14 19:30:00,23.9205466963,0.0,18.416887283325195,0,0.6879589128870833,0.0,21.07663305128662,0.0
2014-04-14 19:35:00,22.1678041786,0.0,15.806459426879885,0,1.4416502117167234,0.0,21.07663305128662,0.0
2014-04-14 19:40:00,23.012382993899998,0.0,18.393678665161133,0,2.064510180267921,0.0,21.07663305128662,0.0
2014-04-14 19:45:00,21.1511442724,0.0,19.72975730895996,0,2.275062833937012,0.0,21.07663305128662,0.0
2014-04-14 19:50:00,23.1932889604,0.0,18.360334396362305,0,2.2381369321092284,0.0,21.07663305128662,0.0
2014-04-14 19:55:00,23.6196351403,0.0,21.974597930908203,0,2.1542988259920897,0.0,21.07663305128662,0.0
2014-04-14 20:00:00,20.370280969,0.0,17.71614646911621,0,1.4618286758875243,0.0,21.07663305128662,0.0
2014-04-14 20:05:00,20.9622092294,0.0,19.04072380065918,0,1.2162574472806398,0.0,21.07663305128662,0.0
2014-04-14 20:10:00,20.3011107404,0.0,18.894760131835934,0,1.3817014627567628,0.0,21.07663305128662,0.0
2014-04-14 20:15:00,22.0941979833,0.0,18.726238250732425,0,0.9533759683225589,0.0,21.07663305128662,0.0
2014-04-14 20:20:00,20.4712719177,0.0,20.204992294311523,0,1.1687412837195308,0.0,21.07663305128662,0.0
2014-04-14 20:25:00,21.8800482096,0.0,17.490070343017578,0,0.8702594241576169,0.0,21.07663305128662,0.0
2014-04-14 20:30:00,21.714337770100002,0.0,20.805566787719727,0,1.1788209788878174,0.0,21.07663305128662,0.0
2014-04-14 20:35:00,20.1134275069,0.0,17.913990020751953,0,1.074836666862378,0.0,21.07663305128662,0.0
2014-04-14 20:40:00,19.374425846199998,0.0,19.274110794067386,0,0.9287713860599371,0.0,21.07663305128662,0.0
2014-04-14 20:45:00,20.0953121738,0.0,18.26937866210937,0,0.9439548759203853,0.0,21.07663305128662,0.0
2014-04-14 20:50:00,21.8161861094,0.0,19.213611602783203,0,0.6234493315589109,0.0,21.07663305128662,0.0
2014-04-14 20:55:00,19.3643826343,0.0,19.756393432617188,0,0.8410325695735104,0.0,21.07663305128662,0.0
2014-04-14 21:00:00,20.1942145119,0.0,17.861404418945312,0,0.5196123369903556,0.0,21.07663305128662,0.0
2014-04-14 21:05:00,21.3262639972,0.0,19.76844596862793,0,0.8941661136974126,0.0,21.07663305128662,0.0
2014-04-14 21:10:00,19.5070966203,0.0,18.66123390197754,0,0.8101437615166018,0.0,21.07663305128662,0.0
2014-04-14 21:15:00,20.6675689225,0.0,18.847900390625,0,0.5905547879798099,0.0,21.07663305128662,0.0
2014-04-14 21:20:00,19.0736423758,0.0,19.263484954833984,0,0.8195199214655275,0.0,21.07663305128662,0.0
2014-04-14 21:25:00,18.5256159015,0.0,18.834999084472656,0,0.44328542110043934,0.0,21.07663305128662,0.0
2014-04-14 21:30:00,21.2791890254,0.0,18.21271514892578,0,0.3955946265255128,0.0,21.07663305128662,0.0
2014-04-14 21:35:00,18.484174646,0.0,19.24953842163086,0,0.6731710212944826,0.0,21.07663305128662,0.0
2014-04-14 21:40:00,19.1771360562,0.0,17.547433853149414,0,0.44205012529194354,0.0,21.07663305128662,0.0
2014-04-14 21:45:00,21.5232557362,0.0,18.630390167236328,0,0.590892148681958,0.0,21.07663305128662,0.0
2014-04-14 21:50:00,19.478929310999998,0.0,20.097332000732425,0,0.9916129388741943,0.0,21.07663305128662,0.0
2014-04-14 21:55:00,21.997263815,0.0,17.75318717956543,0,0.5366471103306396,0.0,21.07663305128662,0.0
2014-04-14 22:00:00,21.9399795082,0.0,20.36591339111328,0,1.0581063940811033,0.0,21.07663305128662,0.0
2014-04-14 22:05:00,19.0914142524,0.0,19.77915954589844,0,1.0553033663880131,0.0,21.07663305128662,0.0
2014-04-14 22:10:00,18.1813502364,0.0,18.14814758300781,0,0.7796633319548594,0.0,21.07663305128662,0.0
2014-04-14 22:15:00,20.8402405696,0.0,18.79363250732422,0,0.8173863374264903,0.0,21.07663305128662,0.0
2014-04-14 22:20:00,19.822957789,0.0,19.29769515991211,0,0.5427027657816414,0.0,21.07663305128662,0.0
2014-04-14 22:25:00,18.4206782577,0.0,17.694669723510742,0,0.4116023297817879,0.0,21.07663305128662,0.0
2014-04-14 22:30:00,20.8500881533,0.0,18.620586395263672,0,0.41638523486814005,0.0,21.07663305128662,0.0
2014-04-14 22:35:00,18.1420993392,0.0,19.261886596679688,0,0.6909226229486571,0.0,21.07663305128662,0.0
2014-04-14 22:40:00,21.5014083067,0.0,17.279296875,0,0.5198960143676024,0.0,21.07663305128662,0.0
2014-04-14 22:45:00,18.572422533,0.0,19.987340927124023,0,0.9498790155341554,0.0,21.07663305128662,0.0
2014-04-14 22:50:00,18.527016383499998,0.0,17.36246681213379,0,0.8926346566770018,0.0,21.07663305128662,0.0
2014-04-14 22:55:00,18.7206437643,0.0,19.13263702392578,0,0.7338952991860106,0.0,21.07663305128662,0.0
2014-04-14 23:00:00,21.8452589164,0.0,17.887027740478516,0,0.9016965821020015,0.0,21.07663305128662,0.0
2014-04-14 23:05:00,20.776665793,0.0,19.85657501220703,0,0.8687115501296869,0.0,21.07663305128662,0.0
2014-04-14 23:10:00,21.209557593099998,0.0,17.749446868896484,0,0.6648666924749262,0.0,21.07663305128662,0.0
2014-04-14 23:15:00,19.5943013247,0.0,20.357072830200195,0,0.9518118365795893,0.0,21.07663305128662,0.0
2014-04-14 23:20:00,19.3489651963,0.0,18.761266708374023,0,1.104866312363891,0.0,21.07663305128662,0.0
2014-04-14 23:25:00,18.941572109000003,0.0,18.57528114318848,0,0.6835497263644528,0.0,21.07663305128662,0.0
2014-04-14 23:30:00,19.926417249,0.0,18.546367645263672,0,0.6471089604301508,0.0,21.07663305128662,0.0
2014-04-14 23:35:00,20.2111947366,0.0,18.210111618041992,0,0.3871013203717526,0.0,21.07663305128662,0.0
2014-04-14 23:40:00,20.5310405757,0.0,19.18398094177246,0,0.5418902720039793,0.0,21.07663305128662,0.0
2014-04-14 23:45:00,19.032127481099998,0.0,18.432693481445312,0,0.5762082070610601,0.0,21.07663305128662,0.0
2014-04-14 23:50:00,21.798800887800002,0.0,18.33824920654297,0,0.6659532944845701,0.0,21.07663305128662,0.0
2014-04-14 23:55:00,18.6826203655,0.0,19.531776428222656,0,0.9260160541746583,0.0,21.07663305128662,0.0
